#
# There is insufficient memory for the Java Runtime Environment to continue.
# Native memory allocation (malloc) failed to allocate 1360656 bytes. Error detail: Chunk::new
# Possible reasons:
#   The system is out of physical RAM or swap space
#   This process is running with CompressedOops enabled, and the Java Heap may be blocking the growth of the native heap
# Possible solutions:
#   Reduce memory load on the system
#   Increase physical memory or swap space
#   Check if swap backing store is full
#   Decrease Java heap size (-Xmx/-Xms)
#   Decrease number of Java threads
#   Decrease Java thread stack sizes (-Xss)
#   Set larger code cache with -XX:ReservedCodeCacheSize=
#   JVM is running with Unscaled Compressed Oops mode in which the Java heap is
#     placed in the first 4GB address space. The Java Heap base address is the
#     maximum limit for the native heap growth. Please use -XX:HeapBaseMinAddress
#     to set the Java Heap base and to place the Java Heap above 4GB virtual address.
# This output file may be truncated or incomplete.
#
#  Out of Memory Error (arena.cpp:168), pid=21328, tid=28020
#
# JRE version: OpenJDK Runtime Environment (21.0.6) (build 21.0.6+-13368085-b895.109)
# Java VM: OpenJDK 64-Bit Server VM (21.0.6+-13368085-b895.109, mixed mode, tiered, compressed oops, compressed class ptrs, g1 gc, windows-amd64)
# No core dump will be written. Minidumps are not enabled by default on client versions of Windows
#

---------------  S U M M A R Y ------------

Command Line: --add-opens=java.base/java.lang=ALL-UNNAMED --add-opens=java.base/java.lang.invoke=ALL-UNNAMED --add-opens=java.base/java.util=ALL-UNNAMED --add-opens=java.prefs/java.util.prefs=ALL-UNNAMED --add-exports=jdk.compiler/com.sun.tools.javac.api=ALL-UNNAMED --add-exports=jdk.compiler/com.sun.tools.javac.util=ALL-UNNAMED --add-opens=java.base/java.util=ALL-UNNAMED --add-opens=java.prefs/java.util.prefs=ALL-UNNAMED --add-opens=java.base/java.nio.charset=ALL-UNNAMED --add-opens=java.base/java.net=ALL-UNNAMED --add-opens=java.base/java.util.concurrent.atomic=ALL-UNNAMED --add-opens=java.xml/javax.xml.namespace=ALL-UNNAMED -Xmx2048m -Dfile.encoding=UTF-8 -Duser.country=IN -Duser.language=en -Duser.variant -javaagent:C:\Users\harsh\.gradle\wrapper\dists\gradle-8.13-bin\5xuhj0ry160q40clulazy9h7d\gradle-8.13\lib\agents\gradle-instrumentation-agent-8.13.jar org.gradle.launcher.daemon.bootstrap.GradleDaemon 8.13

Host: AMD Ryzen 5 5600H with Radeon Graphics         , 12 cores, 7G,  Windows 11 , 64 bit Build 26100 (10.0.26100.4484)
Time: Tue Jul 22 15:44:04 2025 India Standard Time elapsed time: 20303.062829 seconds (0d 5h 38m 23s)

---------------  T H R E A D  ---------------

Current thread (0x0000021124093fe0):  JavaThread "C2 CompilerThread0" daemon [_thread_in_native, id=28020, stack(0x0000008337c00000,0x0000008337d00000) (1024K)]


Current CompileTask:
C2:20303062 88598       4       dagger.spi.shaded.androidx.room.compiler.processing.javac.JavacAnnotation$annotationValues$2::invoke (191 bytes)

Stack: [0x0000008337c00000,0x0000008337d00000]
Native frames: (J=compiled Java code, j=interpreted, Vv=VM code, C=native code)
V  [jvm.dll+0x6d0639]
V  [jvm.dll+0x85eb03]
V  [jvm.dll+0x86105e]
V  [jvm.dll+0x861743]
V  [jvm.dll+0x27e6e6]
V  [jvm.dll+0xbff6d]
V  [jvm.dll+0xc04a3]
V  [jvm.dll+0x2f2780]
V  [jvm.dll+0x5fa409]
V  [jvm.dll+0x250d92]
V  [jvm.dll+0x25114f]
V  [jvm.dll+0x2498f5]
V  [jvm.dll+0x24714e]
V  [jvm.dll+0x1c5f04]
V  [jvm.dll+0x2569ac]
V  [jvm.dll+0x254ef6]
V  [jvm.dll+0x3f0e96]
V  [jvm.dll+0x806ed8]
V  [jvm.dll+0x6cef0d]
C  [ucrtbase.dll+0x37b0]
C  [KERNEL32.DLL+0x2e8d7]
C  [ntdll.dll+0x3c34c]


---------------  P R O C E S S  ---------------

Threads class SMR info:
_java_thread_list=0x000002112b01d4f0, length=165, elements={
0x00000211082aa8d0, 0x0000021124037dd0, 0x0000021124084390, 0x000002112406e2a0,
0x0000021124086f30, 0x000002112408aca0, 0x000002112408ca00, 0x0000021124093fe0,
0x0000021124092ba0, 0x000002111fdbc7b0, 0x00000211243c5920, 0x0000021125dd4e30,
0x0000021125d929a0, 0x0000021125e9f430, 0x00000211260338a0, 0x0000021126035970,
0x0000021126034c50, 0x0000021126036000, 0x000002112ae55000, 0x000002112ae55d20,
0x0000021128d36820, 0x0000021128e478e0, 0x000002112a168590, 0x0000021127659f50,
0x0000021128e49320, 0x0000021128e4a040, 0x00000211374912b0, 0x00000211321727c0,
0x000002113109dc00, 0x0000021126b5e800, 0x000002113059e910, 0x0000021138694550,
0x0000021138693830, 0x0000021128b45530, 0x0000021128b47600, 0x000002112b9f2810,
0x000002112488e410, 0x0000021124893960, 0x0000021130d33520, 0x0000021138ad2630,
0x000002112b6a8570, 0x00000211391a4920, 0x000002112488f130, 0x000002112bbbac70,
0x0000021139cfe520, 0x0000021132c13610, 0x0000021130d32800, 0x0000021130d32e90,
0x0000021130d33bb0, 0x0000021130d31ae0, 0x0000021130d34f60, 0x0000021130d34240,
0x0000021130d348d0, 0x0000021132497980, 0x0000021132495f40, 0x0000021132496c60,
0x0000021132495220, 0x00000211324958b0, 0x0000021127a95e10, 0x0000021127a971c0,
0x0000021127a98c00, 0x0000021127a97850, 0x0000021127a97ee0, 0x0000021127a99290,
0x0000021127a964a0, 0x0000021127a96b30, 0x0000021127a98570, 0x00000211387bcec0,
0x00000211387be900, 0x00000211387bd550, 0x00000211387be270, 0x00000211387bef90,
0x00000211387bf620, 0x00000211387bfcb0, 0x00000211387bdbe0, 0x00000211387c0340,
0x000002112b0ee690, 0x000002112b0f0760, 0x00000211391a2ee0, 0x0000021138ad1280,
0x0000021138ac5260, 0x0000021138ac3eb0, 0x0000021138ac6ca0, 0x0000021138ad0560,
0x0000021138ad2cc0, 0x0000021138acfed0, 0x0000021139285440, 0x0000021139287ba0,
0x0000021139284720, 0x00000211392867f0, 0x0000021139287510, 0x0000021139285ad0,
0x0000021139286160, 0x0000021139286e80, 0x0000021138ad1fa0, 0x0000021138ac4bd0,
0x0000021138ac58f0, 0x0000021138ac3820, 0x000002113059c840, 0x000002113a52e7e0,
0x000002113a52c710, 0x000002113a52cda0, 0x000002113a52e150, 0x000002113a52d430,
0x000002113901bfc0, 0x000002113901edb0, 0x000002113901c650, 0x000002112b0eed20,
0x000002112b0ef3b0, 0x000002112b0f1480, 0x000002112b0efa40, 0x000002112b0ee000,
0x000002112b0f0df0, 0x0000021132170f10, 0x0000021132171c30, 0x000002113216e7b0,
0x000002113216ee40, 0x000002113162d820, 0x000002113162deb0, 0x000002113162ebd0,
0x000002113162f260, 0x000002112b0f00d0, 0x0000021132c15050, 0x0000021132c13ca0,
0x0000021132c156e0, 0x0000021132c12f80, 0x0000021132c15d70, 0x0000021132c16400,
0x0000021129880290, 0x000002113059ced0, 0x000002113059d560, 0x000002113059dbf0,
0x000002113059e280, 0x000002113059bb20, 0x000002113059c1b0, 0x00000211319e5c80,
0x00000211319e6310, 0x000002113216f4d0, 0x000002112b9f1460, 0x00000211391a3570,
0x000002112488f7c0, 0x000002112488d6f0, 0x000002112488fe50, 0x000002112488dd80,
0x00000211248932d0, 0x00000211319e69a0, 0x0000021138acf840, 0x000002113162f8f0,
0x0000021138ca6370, 0x00000211319e7030, 0x00000211319e83e0, 0x0000021131630ca0,
0x0000021131630610, 0x0000021139cff240, 0x0000021139cfd170, 0x0000021139cff8d0,
0x0000021139cfff60, 0x0000021139d005f0, 0x0000021139cfd800, 0x0000021139cfde90,
0x00000211319e4f60, 0x00000211319e55f0, 0x000002113941d520, 0x00000211394c3d80,
0x00000211394c4b20
}

Java Threads: ( => current thread )
  0x00000211082aa8d0 JavaThread "main"                              [_thread_blocked, id=30448, stack(0x0000008336e00000,0x0000008336f00000) (1024K)]
  0x0000021124037dd0 JavaThread "Reference Handler"          daemon [_thread_blocked, id=22124, stack(0x0000008337600000,0x0000008337700000) (1024K)]
  0x0000021124084390 JavaThread "Finalizer"                  daemon [_thread_blocked, id=27724, stack(0x0000008337700000,0x0000008337800000) (1024K)]
  0x000002112406e2a0 JavaThread "Signal Dispatcher"          daemon [_thread_blocked, id=18064, stack(0x0000008337800000,0x0000008337900000) (1024K)]
  0x0000021124086f30 JavaThread "Attach Listener"            daemon [_thread_blocked, id=13896, stack(0x0000008337900000,0x0000008337a00000) (1024K)]
  0x000002112408aca0 JavaThread "Service Thread"             daemon [_thread_blocked, id=19984, stack(0x0000008337a00000,0x0000008337b00000) (1024K)]
  0x000002112408ca00 JavaThread "Monitor Deflation Thread"   daemon [_thread_blocked, id=34596, stack(0x0000008337b00000,0x0000008337c00000) (1024K)]
=>0x0000021124093fe0 JavaThread "C2 CompilerThread0"         daemon [_thread_in_native, id=28020, stack(0x0000008337c00000,0x0000008337d00000) (1024K)]
  0x0000021124092ba0 JavaThread "C1 CompilerThread0"         daemon [_thread_blocked, id=29700, stack(0x0000008337d00000,0x0000008337e00000) (1024K)]
  0x000002111fdbc7b0 JavaThread "Common-Cleaner"             daemon [_thread_blocked, id=22668, stack(0x0000008337e00000,0x0000008337f00000) (1024K)]
  0x00000211243c5920 JavaThread "Notification Thread"        daemon [_thread_blocked, id=22328, stack(0x0000008337f00000,0x0000008338000000) (1024K)]
  0x0000021125dd4e30 JavaThread "Daemon health stats"               [_thread_blocked, id=27032, stack(0x0000008338700000,0x0000008338800000) (1024K)]
  0x0000021125d929a0 JavaThread "Incoming local TCP Connector on port 53749"        [_thread_in_native, id=12556, stack(0x0000008338800000,0x0000008338900000) (1024K)]
  0x0000021125e9f430 JavaThread "Daemon periodic checks"            [_thread_blocked, id=21232, stack(0x0000008338900000,0x0000008338a00000) (1024K)]
  0x00000211260338a0 JavaThread "Cache worker for journal cache (C:\Users\harsh\.gradle\caches\journal-1)"        [_thread_blocked, id=19324, stack(0x0000008338000000,0x0000008338100000) (1024K)]
  0x0000021126035970 JavaThread "File lock request listener"        [_thread_in_native, id=11416, stack(0x0000008339600000,0x0000008339700000) (1024K)]
  0x0000021126034c50 JavaThread "Cache worker for file hash cache (C:\Users\harsh\.gradle\caches\8.13\fileHashes)"        [_thread_blocked, id=11812, stack(0x0000008339700000,0x0000008339800000) (1024K)]
  0x0000021126036000 JavaThread "File watcher server"        daemon [_thread_in_native, id=24260, stack(0x0000008339c00000,0x0000008339d00000) (1024K)]
  0x000002112ae55000 JavaThread "File watcher consumer"      daemon [_thread_blocked, id=16448, stack(0x0000008339d00000,0x0000008339e00000) (1024K)]
  0x000002112ae55d20 JavaThread "Cache worker for file content cache (C:\Users\harsh\.gradle\caches\8.13\fileContent)"        [_thread_blocked, id=24500, stack(0x0000008339f00000,0x000000833a000000) (1024K)]
  0x0000021128d36820 JavaThread "Memory manager"                    [_thread_blocked, id=31372, stack(0x000000833c300000,0x000000833c400000) (1024K)]
  0x0000021128e478e0 JavaThread "pool-3-thread-1"                   [_thread_blocked, id=29172, stack(0x000000833c700000,0x000000833c800000) (1024K)]
  0x000002112a168590 JavaThread "pool-6-thread-1"                   [_thread_blocked, id=9060, stack(0x000000833b600000,0x000000833b700000) (1024K)]
  0x0000021127659f50 JavaThread "RMI Scheduler(0)"           daemon [_thread_blocked, id=15048, stack(0x000000833f200000,0x000000833f300000) (1024K)]
  0x0000021128e49320 JavaThread "RMI TCP Accept-0"           daemon [_thread_in_native, id=25912, stack(0x000000833fb00000,0x000000833fc00000) (1024K)]
  0x0000021128e4a040 JavaThread "Cache worker for Java compile cache (C:\Users\harsh\.gradle\caches\8.13\javaCompile)"        [_thread_blocked, id=2356, stack(0x0000008340100000,0x0000008340200000) (1024K)]
  0x00000211374912b0 JavaThread "pool-10-thread-1"                  [_thread_blocked, id=30468, stack(0x000000833b700000,0x000000833b800000) (1024K)]
  0x00000211321727c0 JavaThread "pool-14-thread-1"                  [_thread_blocked, id=29732, stack(0x000000833b800000,0x000000833b900000) (1024K)]
  0x000002113109dc00 JavaThread "pool-18-thread-1"                  [_thread_blocked, id=5840, stack(0x000000833b500000,0x000000833b600000) (1024K)]
  0x0000021126b5e800 JavaThread "pool-21-thread-1"                  [_thread_blocked, id=5640, stack(0x000000833bb00000,0x000000833bc00000) (1024K)]
  0x000002113059e910 JavaThread "pool-25-thread-1"                  [_thread_blocked, id=14788, stack(0x000000833b900000,0x000000833ba00000) (1024K)]
  0x0000021138694550 JavaThread "pool-28-thread-1"                  [_thread_blocked, id=6892, stack(0x000000833ba00000,0x000000833bb00000) (1024K)]
  0x0000021138693830 JavaThread "pool-32-thread-1"                  [_thread_blocked, id=14204, stack(0x000000833bd00000,0x000000833be00000) (1024K)]
  0x0000021128b45530 JavaThread "pool-36-thread-1"                  [_thread_blocked, id=13832, stack(0x000000833bc00000,0x000000833bd00000) (1024K)]
  0x0000021128b47600 JavaThread "pool-40-thread-1"                  [_thread_blocked, id=11960, stack(0x000000833c100000,0x000000833c200000) (1024K)]
  0x000002112b9f2810 JavaThread "pool-45-thread-1"                  [_thread_blocked, id=33824, stack(0x000000833c000000,0x000000833c100000) (1024K)]
  0x000002112488e410 JavaThread "RMI GC Daemon"              daemon [_thread_blocked, id=30056, stack(0x0000008340600000,0x0000008340700000) (1024K)]
  0x0000021124893960 JavaThread "RMI Reaper"                        [_thread_blocked, id=31512, stack(0x0000008340700000,0x0000008340800000) (1024K)]
  0x0000021130d33520 JavaThread "pool-49-thread-1"                  [_thread_blocked, id=30844, stack(0x000000833c200000,0x000000833c300000) (1024K)]
  0x0000021138ad2630 JavaThread "pool-52-thread-1"                  [_thread_blocked, id=18532, stack(0x000000833be00000,0x000000833bf00000) (1024K)]
  0x000002112b6a8570 JavaThread "pool-55-thread-1"                  [_thread_blocked, id=33116, stack(0x000000833bf00000,0x000000833c000000) (1024K)]
  0x00000211391a4920 JavaThread "pool-58-thread-1"                  [_thread_blocked, id=28500, stack(0x000000833c600000,0x000000833c700000) (1024K)]
  0x000002112488f130 JavaThread "pool-62-thread-1"                  [_thread_blocked, id=17752, stack(0x000000833c500000,0x000000833c600000) (1024K)]
  0x000002112bbbac70 JavaThread "pool-65-thread-1"                  [_thread_blocked, id=29264, stack(0x000000833ca00000,0x000000833cb00000) (1024K)]
  0x0000021139cfe520 JavaThread "Daemon Thread 15"                  [_thread_blocked, id=17948, stack(0x0000008336b00000,0x0000008336c00000) (1024K)]
  0x0000021132c13610 JavaThread "Handler for socket connection from /127.0.0.1:53749 to /127.0.0.1:64495"        [_thread_in_native, id=33336, stack(0x0000008336c00000,0x0000008336d00000) (1024K)]
  0x0000021130d32800 JavaThread "Cancel handler"                    [_thread_blocked, id=30132, stack(0x0000008336d00000,0x0000008336e00000) (1024K)]
  0x0000021130d32e90 JavaThread "Daemon worker Thread 15"           [_thread_blocked, id=7880, stack(0x0000008338a00000,0x0000008338b00000) (1024K)]
  0x0000021130d33bb0 JavaThread "Asynchronous log dispatcher for DefaultDaemonConnection: socket connection from /127.0.0.1:53749 to /127.0.0.1:64495"        [_thread_blocked, id=16560, stack(0x0000008338b00000,0x0000008338c00000) (1024K)]
  0x0000021130d31ae0 JavaThread "Stdin handler"                     [_thread_blocked, id=23364, stack(0x0000008338c00000,0x0000008338d00000) (1024K)]
  0x0000021130d34f60 JavaThread "Daemon client event forwarder"        [_thread_blocked, id=13224, stack(0x0000008338d00000,0x0000008338e00000) (1024K)]
  0x0000021130d34240 JavaThread "Cache worker for file hash cache (C:\Users\harsh\AndroidStudioProjects\kgf(mine)\.gradle\8.13\fileHashes)"        [_thread_blocked, id=8336, stack(0x0000008338e00000,0x0000008338f00000) (1024K)]
  0x0000021130d348d0 JavaThread "Cache worker for Build Output Cleanup Cache (C:\Users\harsh\AndroidStudioProjects\kgf(mine)\.gradle\buildOutputCleanup)"        [_thread_blocked, id=30724, stack(0x0000008338f00000,0x0000008339000000) (1024K)]
  0x0000021132497980 JavaThread "Cache worker for checksums cache (C:\Users\harsh\AndroidStudioProjects\kgf(mine)\.gradle\8.13\checksums)"        [_thread_blocked, id=15528, stack(0x0000008339000000,0x0000008339100000) (1024K)]
  0x0000021132495f40 JavaThread "Cache worker for cache directory md-supplier (C:\Users\harsh\.gradle\caches\8.13\md-supplier)"        [_thread_blocked, id=15552, stack(0x0000008339800000,0x0000008339900000) (1024K)]
  0x0000021132496c60 JavaThread "Cache worker for cache directory md-rule (C:\Users\harsh\.gradle\caches\8.13\md-rule)"        [_thread_blocked, id=15388, stack(0x0000008339900000,0x0000008339a00000) (1024K)]
  0x0000021132495220 JavaThread "Unconstrained build operations"        [_thread_blocked, id=26628, stack(0x0000008339b00000,0x0000008339c00000) (1024K)]
  0x00000211324958b0 JavaThread "Unconstrained build operations Thread 2"        [_thread_blocked, id=30328, stack(0x0000008339e00000,0x0000008339f00000) (1024K)]
  0x0000021127a95e10 JavaThread "Unconstrained build operations Thread 3"        [_thread_blocked, id=2504, stack(0x000000833a000000,0x000000833a100000) (1024K)]
  0x0000021127a971c0 JavaThread "Unconstrained build operations Thread 4"        [_thread_blocked, id=22168, stack(0x000000833a100000,0x000000833a200000) (1024K)]
  0x0000021127a98c00 JavaThread "Unconstrained build operations Thread 5"        [_thread_blocked, id=26656, stack(0x000000833a200000,0x000000833a300000) (1024K)]
  0x0000021127a97850 JavaThread "Unconstrained build operations Thread 6"        [_thread_blocked, id=33744, stack(0x000000833a300000,0x000000833a400000) (1024K)]
  0x0000021127a97ee0 JavaThread "Unconstrained build operations Thread 7"        [_thread_blocked, id=20368, stack(0x000000833a400000,0x000000833a500000) (1024K)]
  0x0000021127a99290 JavaThread "Unconstrained build operations Thread 8"        [_thread_blocked, id=22128, stack(0x000000833a500000,0x000000833a600000) (1024K)]
  0x0000021127a964a0 JavaThread "Unconstrained build operations Thread 9"        [_thread_blocked, id=17844, stack(0x000000833a600000,0x000000833a700000) (1024K)]
  0x0000021127a96b30 JavaThread "Unconstrained build operations Thread 10"        [_thread_blocked, id=12008, stack(0x000000833a700000,0x000000833a800000) (1024K)]
  0x0000021127a98570 JavaThread "Unconstrained build operations Thread 11"        [_thread_blocked, id=15564, stack(0x000000833a800000,0x000000833a900000) (1024K)]
  0x00000211387bcec0 JavaThread "Unconstrained build operations Thread 12"        [_thread_blocked, id=9792, stack(0x000000833a900000,0x000000833aa00000) (1024K)]
  0x00000211387be900 JavaThread "Unconstrained build operations Thread 13"        [_thread_blocked, id=31680, stack(0x000000833aa00000,0x000000833ab00000) (1024K)]
  0x00000211387bd550 JavaThread "Unconstrained build operations Thread 14"        [_thread_blocked, id=21512, stack(0x000000833ab00000,0x000000833ac00000) (1024K)]
  0x00000211387be270 JavaThread "Unconstrained build operations Thread 15"        [_thread_blocked, id=34484, stack(0x000000833ac00000,0x000000833ad00000) (1024K)]
  0x00000211387bef90 JavaThread "Unconstrained build operations Thread 16"        [_thread_blocked, id=25540, stack(0x000000833ad00000,0x000000833ae00000) (1024K)]
  0x00000211387bf620 JavaThread "Unconstrained build operations Thread 17"        [_thread_blocked, id=8880, stack(0x000000833ae00000,0x000000833af00000) (1024K)]
  0x00000211387bfcb0 JavaThread "Unconstrained build operations Thread 18"        [_thread_blocked, id=27060, stack(0x000000833af00000,0x000000833b000000) (1024K)]
  0x00000211387bdbe0 JavaThread "Unconstrained build operations Thread 19"        [_thread_blocked, id=3204, stack(0x000000833b000000,0x000000833b100000) (1024K)]
  0x00000211387c0340 JavaThread "Unconstrained build operations Thread 20"        [_thread_blocked, id=27320, stack(0x000000833b100000,0x000000833b200000) (1024K)]
  0x000002112b0ee690 JavaThread "Unconstrained build operations Thread 21"        [_thread_blocked, id=12624, stack(0x000000833b200000,0x000000833b300000) (1024K)]
  0x000002112b0f0760 JavaThread "Unconstrained build operations Thread 22"        [_thread_blocked, id=14368, stack(0x000000833b300000,0x000000833b400000) (1024K)]
  0x00000211391a2ee0 JavaThread "build event listener"              [_thread_blocked, id=34748, stack(0x000000833b400000,0x000000833b500000) (1024K)]
  0x0000021138ad1280 JavaThread "build event listener"              [_thread_blocked, id=6100, stack(0x000000833c400000,0x000000833c500000) (1024K)]
  0x0000021138ac5260 JavaThread "pool-69-thread-1"                  [_thread_blocked, id=33984, stack(0x0000008339a00000,0x0000008339b00000) (1024K)]
  0x0000021138ac3eb0 JavaThread "build event listener"              [_thread_blocked, id=29296, stack(0x000000833c800000,0x000000833c900000) (1024K)]
  0x0000021138ac6ca0 JavaThread "included builds"                   [_thread_blocked, id=9272, stack(0x000000833c900000,0x000000833ca00000) (1024K)]
  0x0000021138ad0560 JavaThread "Execution worker"                  [_thread_blocked, id=18612, stack(0x000000833cb00000,0x000000833cc00000) (1024K)]
  0x0000021138ad2cc0 JavaThread "Execution worker Thread 2"         [_thread_blocked, id=33768, stack(0x000000833cc00000,0x000000833cd00000) (1024K)]
  0x0000021138acfed0 JavaThread "Execution worker Thread 3"         [_thread_blocked, id=12036, stack(0x000000833cd00000,0x000000833ce00000) (1024K)]
  0x0000021139285440 JavaThread "Execution worker Thread 4"         [_thread_blocked, id=11436, stack(0x000000833ce00000,0x000000833cf00000) (1024K)]
  0x0000021139287ba0 JavaThread "Execution worker Thread 5"         [_thread_blocked, id=23804, stack(0x000000833cf00000,0x000000833d000000) (1024K)]
  0x0000021139284720 JavaThread "Execution worker Thread 6"         [_thread_blocked, id=1864, stack(0x000000833d000000,0x000000833d100000) (1024K)]
  0x00000211392867f0 JavaThread "Execution worker Thread 7"         [_thread_blocked, id=13084, stack(0x000000833d100000,0x000000833d200000) (1024K)]
  0x0000021139287510 JavaThread "Execution worker Thread 8"         [_thread_in_Java, id=33932, stack(0x000000833d200000,0x000000833d300000) (1024K)]
  0x0000021139285ad0 JavaThread "Execution worker Thread 9"         [_thread_blocked, id=32384, stack(0x000000833d300000,0x000000833d400000) (1024K)]
  0x0000021139286160 JavaThread "Execution worker Thread 10"        [_thread_blocked, id=26480, stack(0x000000833d400000,0x000000833d500000) (1024K)]
  0x0000021139286e80 JavaThread "Execution worker Thread 11"        [_thread_blocked, id=34744, stack(0x000000833d500000,0x000000833d600000) (1024K)]
  0x0000021138ad1fa0 JavaThread "Cache worker for execution history cache (C:\Users\harsh\AndroidStudioProjects\kgf(mine)\.gradle\8.13\executionHistory)"        [_thread_blocked, id=26152, stack(0x000000833d600000,0x000000833d700000) (1024K)]
  0x0000021138ac4bd0 JavaThread "Unconstrained build operations Thread 23"        [_thread_blocked, id=28768, stack(0x000000833d700000,0x000000833d800000) (1024K)]
  0x0000021138ac58f0 JavaThread "Unconstrained build operations Thread 24"        [_thread_blocked, id=23056, stack(0x000000833d800000,0x000000833d900000) (1024K)]
  0x0000021138ac3820 JavaThread "Unconstrained build operations Thread 25"        [_thread_blocked, id=14208, stack(0x000000833d900000,0x000000833da00000) (1024K)]
  0x000002113059c840 JavaThread "RMI TCP Connection(220)-127.0.0.1" daemon [_thread_in_native, id=15244, stack(0x000000833da00000,0x000000833db00000) (1024K)]
  0x000002113a52e7e0 JavaThread "Unconstrained build operations Thread 26"        [_thread_blocked, id=32864, stack(0x000000833db00000,0x000000833dc00000) (1024K)]
  0x000002113a52c710 JavaThread "Unconstrained build operations Thread 27"        [_thread_blocked, id=19992, stack(0x000000833dc00000,0x000000833dd00000) (1024K)]
  0x000002113a52cda0 JavaThread "Unconstrained build operations Thread 28"        [_thread_blocked, id=18340, stack(0x000000833dd00000,0x000000833de00000) (1024K)]
  0x000002113a52e150 JavaThread "Unconstrained build operations Thread 29"        [_thread_blocked, id=23956, stack(0x000000833de00000,0x000000833df00000) (1024K)]
  0x000002113a52d430 JavaThread "Unconstrained build operations Thread 30"        [_thread_blocked, id=7576, stack(0x000000833df00000,0x000000833e000000) (1024K)]
  0x000002113901bfc0 JavaThread "Unconstrained build operations Thread 31"        [_thread_blocked, id=34196, stack(0x000000833e000000,0x000000833e100000) (1024K)]
  0x000002113901edb0 JavaThread "Unconstrained build operations Thread 32"        [_thread_blocked, id=18396, stack(0x000000833e100000,0x000000833e200000) (1024K)]
  0x000002113901c650 JavaThread "Unconstrained build operations Thread 33"        [_thread_blocked, id=12812, stack(0x000000833e200000,0x000000833e300000) (1024K)]
  0x000002112b0eed20 JavaThread "Unconstrained build operations Thread 34"        [_thread_blocked, id=32912, stack(0x000000833e300000,0x000000833e400000) (1024K)]
  0x000002112b0ef3b0 JavaThread "Unconstrained build operations Thread 35"        [_thread_blocked, id=15520, stack(0x000000833e400000,0x000000833e500000) (1024K)]
  0x000002112b0f1480 JavaThread "Unconstrained build operations Thread 36"        [_thread_blocked, id=33644, stack(0x000000833e500000,0x000000833e600000) (1024K)]
  0x000002112b0efa40 JavaThread "Unconstrained build operations Thread 37"        [_thread_blocked, id=11012, stack(0x000000833e600000,0x000000833e700000) (1024K)]
  0x000002112b0ee000 JavaThread "Unconstrained build operations Thread 38"        [_thread_blocked, id=1552, stack(0x000000833e700000,0x000000833e800000) (1024K)]
  0x000002112b0f0df0 JavaThread "Unconstrained build operations Thread 39"        [_thread_blocked, id=17356, stack(0x000000833e800000,0x000000833e900000) (1024K)]
  0x0000021132170f10 JavaThread "Unconstrained build operations Thread 40"        [_thread_blocked, id=25288, stack(0x000000833e900000,0x000000833ea00000) (1024K)]
  0x0000021132171c30 JavaThread "Unconstrained build operations Thread 41"        [_thread_blocked, id=26236, stack(0x000000833ea00000,0x000000833eb00000) (1024K)]
  0x000002113216e7b0 JavaThread "Unconstrained build operations Thread 42"        [_thread_blocked, id=17972, stack(0x000000833eb00000,0x000000833ec00000) (1024K)]
  0x000002113216ee40 JavaThread "Unconstrained build operations Thread 43"        [_thread_blocked, id=19124, stack(0x000000833ec00000,0x000000833ed00000) (1024K)]
  0x000002113162d820 JavaThread "Unconstrained build operations Thread 44"        [_thread_blocked, id=32056, stack(0x000000833ed00000,0x000000833ee00000) (1024K)]
  0x000002113162deb0 JavaThread "Unconstrained build operations Thread 45"        [_thread_blocked, id=26532, stack(0x000000833ee00000,0x000000833ef00000) (1024K)]
  0x000002113162ebd0 JavaThread "Unconstrained build operations Thread 46"        [_thread_blocked, id=33288, stack(0x000000833ef00000,0x000000833f000000) (1024K)]
  0x000002113162f260 JavaThread "Unconstrained build operations Thread 47"        [_thread_blocked, id=13460, stack(0x000000833f000000,0x000000833f100000) (1024K)]
  0x000002112b0f00d0 JavaThread "Unconstrained build operations Thread 48"        [_thread_blocked, id=23692, stack(0x000000833f100000,0x000000833f200000) (1024K)]
  0x0000021132c15050 JavaThread "Unconstrained build operations Thread 49"        [_thread_blocked, id=19188, stack(0x000000833f300000,0x000000833f400000) (1024K)]
  0x0000021132c13ca0 JavaThread "Unconstrained build operations Thread 50"        [_thread_blocked, id=34184, stack(0x000000833f400000,0x000000833f500000) (1024K)]
  0x0000021132c156e0 JavaThread "Unconstrained build operations Thread 51"        [_thread_blocked, id=29856, stack(0x000000833f500000,0x000000833f600000) (1024K)]
  0x0000021132c12f80 JavaThread "Unconstrained build operations Thread 52"        [_thread_blocked, id=11172, stack(0x000000833f600000,0x000000833f700000) (1024K)]
  0x0000021132c15d70 JavaThread "Unconstrained build operations Thread 53"        [_thread_blocked, id=2944, stack(0x000000833f700000,0x000000833f800000) (1024K)]
  0x0000021132c16400 JavaThread "Unconstrained build operations Thread 54"        [_thread_blocked, id=32516, stack(0x000000833f800000,0x000000833f900000) (1024K)]
  0x0000021129880290 JavaThread "Unconstrained build operations Thread 55"        [_thread_blocked, id=5284, stack(0x000000833f900000,0x000000833fa00000) (1024K)]
  0x000002113059ced0 JavaThread "Unconstrained build operations Thread 56"        [_thread_blocked, id=33044, stack(0x000000833fa00000,0x000000833fb00000) (1024K)]
  0x000002113059d560 JavaThread "Unconstrained build operations Thread 57"        [_thread_blocked, id=4004, stack(0x000000833fc00000,0x000000833fd00000) (1024K)]
  0x000002113059dbf0 JavaThread "Unconstrained build operations Thread 58"        [_thread_blocked, id=17044, stack(0x000000833fd00000,0x000000833fe00000) (1024K)]
  0x000002113059e280 JavaThread "Unconstrained build operations Thread 59"        [_thread_blocked, id=22252, stack(0x000000833fe00000,0x000000833ff00000) (1024K)]
  0x000002113059bb20 JavaThread "Unconstrained build operations Thread 60"        [_thread_blocked, id=12708, stack(0x000000833ff00000,0x0000008340000000) (1024K)]
  0x000002113059c1b0 JavaThread "Unconstrained build operations Thread 61"        [_thread_blocked, id=19464, stack(0x0000008340000000,0x0000008340100000) (1024K)]
  0x00000211319e5c80 JavaThread "Unconstrained build operations Thread 62"        [_thread_blocked, id=33088, stack(0x0000008340200000,0x0000008340300000) (1024K)]
  0x00000211319e6310 JavaThread "Unconstrained build operations Thread 63"        [_thread_blocked, id=30240, stack(0x0000008340300000,0x0000008340400000) (1024K)]
  0x000002113216f4d0 JavaThread "Unconstrained build operations Thread 64"        [_thread_blocked, id=29952, stack(0x0000008340400000,0x0000008340500000) (1024K)]
  0x000002112b9f1460 JavaThread "Unconstrained build operations Thread 65"        [_thread_blocked, id=26540, stack(0x0000008340500000,0x0000008340600000) (1024K)]
  0x00000211391a3570 JavaThread "WorkerExecutor Queue"              [_thread_blocked, id=21164, stack(0x0000008340800000,0x0000008340900000) (1024K)]
  0x000002112488f7c0 JavaThread "Unconstrained build operations Thread 66"        [_thread_blocked, id=2324, stack(0x0000008340900000,0x0000008340a00000) (1024K)]
  0x000002112488d6f0 JavaThread "Unconstrained build operations Thread 67"        [_thread_blocked, id=15348, stack(0x0000008340a00000,0x0000008340b00000) (1024K)]
  0x000002112488fe50 JavaThread "Unconstrained build operations Thread 68"        [_thread_blocked, id=27880, stack(0x0000008340b00000,0x0000008340c00000) (1024K)]
  0x000002112488dd80 JavaThread "Unconstrained build operations Thread 69"        [_thread_blocked, id=18480, stack(0x0000008340c00000,0x0000008340d00000) (1024K)]
  0x00000211248932d0 JavaThread "Unconstrained build operations Thread 70"        [_thread_blocked, id=32708, stack(0x0000008340d00000,0x0000008340e00000) (1024K)]
  0x00000211319e69a0 JavaThread "RMI TCP Connection(idle)"   daemon [_thread_blocked, id=30376, stack(0x0000008340f00000,0x0000008341000000) (1024K)]
  0x0000021138acf840 JavaThread "RMI TCP Connection(idle)"   daemon [_thread_blocked, id=21764, stack(0x0000008341000000,0x0000008341100000) (1024K)]
  0x000002113162f8f0 JavaThread "WorkerExecutor Queue Thread 2"        [_thread_blocked, id=26996, stack(0x0000008341100000,0x0000008341200000) (1024K)]
  0x0000021138ca6370 JavaThread "WorkerExecutor Queue Thread 3"        [_thread_blocked, id=29228, stack(0x0000008341200000,0x0000008341300000) (1024K)]
  0x00000211319e7030 JavaThread "Build operations"                  [_thread_blocked, id=32836, stack(0x0000008341400000,0x0000008341500000) (1024K)]
  0x00000211319e83e0 JavaThread "Build operations Thread 2"         [_thread_blocked, id=28748, stack(0x0000008341500000,0x0000008341600000) (1024K)]
  0x0000021131630ca0 JavaThread "Build operations Thread 3"         [_thread_blocked, id=19296, stack(0x0000008341600000,0x0000008341700000) (1024K)]
  0x0000021131630610 JavaThread "Build operations Thread 4"         [_thread_blocked, id=6304, stack(0x0000008341700000,0x0000008341800000) (1024K)]
  0x0000021139cff240 JavaThread "Build operations Thread 5"         [_thread_blocked, id=29532, stack(0x0000008341800000,0x0000008341900000) (1024K)]
  0x0000021139cfd170 JavaThread "Build operations Thread 6"         [_thread_blocked, id=22204, stack(0x0000008341900000,0x0000008341a00000) (1024K)]
  0x0000021139cff8d0 JavaThread "Build operations Thread 7"         [_thread_blocked, id=26536, stack(0x0000008341a00000,0x0000008341b00000) (1024K)]
  0x0000021139cfff60 JavaThread "Build operations Thread 8"         [_thread_blocked, id=30784, stack(0x0000008341b00000,0x0000008341c00000) (1024K)]
  0x0000021139d005f0 JavaThread "Build operations Thread 9"         [_thread_blocked, id=25744, stack(0x0000008341c00000,0x0000008341d00000) (1024K)]
  0x0000021139cfd800 JavaThread "Build operations Thread 10"        [_thread_blocked, id=7548, stack(0x0000008341d00000,0x0000008341e00000) (1024K)]
  0x0000021139cfde90 JavaThread "Build operations Thread 11"        [_thread_blocked, id=31980, stack(0x0000008341e00000,0x0000008341f00000) (1024K)]
  0x00000211319e4f60 JavaThread "Unconstrained build operations Thread 71"        [_thread_blocked, id=14616, stack(0x0000008341f00000,0x0000008342000000) (1024K)]
  0x00000211319e55f0 JavaThread "Unconstrained build operations Thread 72"        [_thread_blocked, id=33992, stack(0x0000008342000000,0x0000008342100000) (1024K)]
  0x000002113941d520 JavaThread "Build operations Thread 12"        [_thread_blocked, id=26144, stack(0x0000008342100000,0x0000008342200000) (1024K)]
  0x00000211394c3d80 JavaThread "C2 CompilerThread1"         daemon [_thread_in_native, id=32848, stack(0x0000008340e00000,0x0000008340f00000) (1024K)]
  0x00000211394c4b20 JavaThread "C2 CompilerThread2"         daemon [_thread_in_native, id=22352, stack(0x0000008341300000,0x0000008341400000) (1024K)]
Total: 165

Other Threads:
  0x000002111fe1d960 VMThread "VM Thread"                           [id=6588, stack(0x0000008337500000,0x0000008337600000) (1024K)]
  0x000002111fdbb6c0 WatcherThread "VM Periodic Task Thread"        [id=15076, stack(0x0000008337400000,0x0000008337500000) (1024K)]
  0x00000211083043f0 WorkerThread "GC Thread#0"                     [id=15512, stack(0x0000008336f00000,0x0000008337000000) (1024K)]
  0x0000021124554bc0 WorkerThread "GC Thread#1"                     [id=26524, stack(0x0000008338200000,0x0000008338300000) (1024K)]
  0x00000211243c77c0 WorkerThread "GC Thread#2"                     [id=30548, stack(0x0000008338300000,0x0000008338400000) (1024K)]
  0x00000211254074e0 WorkerThread "GC Thread#3"                     [id=22672, stack(0x0000008338400000,0x0000008338500000) (1024K)]
  0x0000021124e17840 WorkerThread "GC Thread#4"                     [id=32760, stack(0x0000008338500000,0x0000008338600000) (1024K)]
  0x0000021125c47680 WorkerThread "GC Thread#5"                     [id=30236, stack(0x0000008338100000,0x0000008338200000) (1024K)]
  0x0000021125dc5280 WorkerThread "GC Thread#6"                     [id=29476, stack(0x0000008338600000,0x0000008338700000) (1024K)]
  0x0000021125f7b980 WorkerThread "GC Thread#7"                     [id=16408, stack(0x0000008339100000,0x0000008339200000) (1024K)]
  0x0000021125f7bd20 WorkerThread "GC Thread#8"                     [id=27820, stack(0x0000008339200000,0x0000008339300000) (1024K)]
  0x0000021125f7aea0 WorkerThread "GC Thread#9"                     [id=34584, stack(0x0000008339300000,0x0000008339400000) (1024K)]
  0x00000211083168c0 ConcurrentGCThread "G1 Main Marker"            [id=28616, stack(0x0000008337000000,0x0000008337100000) (1024K)]
  0x00000211083172d0 WorkerThread "G1 Conc#0"                       [id=12880, stack(0x0000008337100000,0x0000008337200000) (1024K)]
  0x0000021125f7c0c0 WorkerThread "G1 Conc#1"                       [id=34296, stack(0x0000008339400000,0x0000008339500000) (1024K)]
  0x0000021125f7b240 WorkerThread "G1 Conc#2"                       [id=21668, stack(0x0000008339500000,0x0000008339600000) (1024K)]
  0x000002110836e750 ConcurrentGCThread "G1 Refine#0"               [id=20244, stack(0x0000008337200000,0x0000008337300000) (1024K)]
  0x000002111fc8d650 ConcurrentGCThread "G1 Service"                [id=4228, stack(0x0000008337300000,0x0000008337400000) (1024K)]
Total: 18

Threads with active compile tasks:
C2 CompilerThread0  20303121 88598       4       dagger.spi.shaded.androidx.room.compiler.processing.javac.JavacAnnotation$annotationValues$2::invoke (191 bytes)
C2 CompilerThread1  20303121 88563       4       dagger.spi.shaded.androidx.room.compiler.processing.javac.JavacAnnotation$annotationValues$2::invoke (5 bytes)
C2 CompilerThread2  20303121 88677       4       dagger.spi.shaded.androidx.room.compiler.processing.XAnnotated::getAnnotations (111 bytes)
Total: 3

VM state: not at safepoint (normal execution)

VM Mutex/Monitor currently owned by a thread: None

Heap address: 0x0000000080000000, size: 2048 MB, Compressed Oops mode: 32-bit

CDS archive(s) not mapped
Compressed class space mapped at: 0x0000000100000000-0x0000000140000000, reserved size: 1073741824
Narrow klass base: 0x0000000000000000, Narrow klass shift: 3, Narrow klass range: 0x140000000

GC Precious Log:
 CardTable entry size: 512
 Card Set container configuration: InlinePtr #cards 5 size 8 Array Of Cards #cards 12 size 40 Howl #buckets 4 coarsen threshold 1843 Howl Bitmap #cards 512 size 80 coarsen threshold 460 Card regions per heap region 1 cards per card region 2048
 CPUs: 12 total, 12 available
 Memory: 7581M
 Large Page Support: Disabled
 NUMA Support: Disabled
 Compressed Oops: Enabled (32-bit)
 Heap Region Size: 1M
 Heap Min Capacity: 8M
 Heap Initial Capacity: 120M
 Heap Max Capacity: 2G
 Pre-touch: Disabled
 Parallel Workers: 10
 Concurrent Workers: 3
 Concurrent Refinement Workers: 10
 Periodic GC: Disabled

Heap:
 garbage-first heap   total 939008K, used 416156K [0x0000000080000000, 0x0000000100000000)
  region size 1024K, 165 young (168960K), 64 survivors (65536K)
 Metaspace       used 217353K, committed 219264K, reserved 1310720K
  class space    used 27133K, committed 28096K, reserved 1048576K

Heap Regions: E=young(eden), S=young(survivor), O=old, HS=humongous(starts), HC=humongous(continues), CS=collection set, F=free, TAMS=top-at-mark-start, PB=parsable bottom
|   0|0x0000000080000000, 0x0000000080100000, 0x0000000080100000|100%|HS|  |TAMS 0x0000000080000000| PB 0x0000000080000000| Complete 
|   1|0x0000000080100000, 0x0000000080200000, 0x0000000080200000|100%|HC|  |TAMS 0x0000000080100000| PB 0x0000000080100000| Complete 
|   2|0x0000000080200000, 0x0000000080300000, 0x0000000080300000|100%|HC|  |TAMS 0x0000000080200000| PB 0x0000000080200000| Complete 
|   3|0x0000000080300000, 0x0000000080400000, 0x0000000080400000|100%| O|  |TAMS 0x0000000080300000| PB 0x0000000080300000| Untracked 
|   4|0x0000000080400000, 0x0000000080500000, 0x0000000080500000|100%| O|  |TAMS 0x0000000080400000| PB 0x0000000080400000| Untracked 
|   5|0x0000000080500000, 0x0000000080600000, 0x0000000080600000|100%| O|  |TAMS 0x0000000080500000| PB 0x0000000080500000| Untracked 
|   6|0x0000000080600000, 0x0000000080700000, 0x0000000080700000|100%|HS|  |TAMS 0x0000000080600000| PB 0x0000000080600000| Complete 
|   7|0x0000000080700000, 0x0000000080800000, 0x0000000080800000|100%| O|  |TAMS 0x0000000080700000| PB 0x0000000080700000| Untracked 
|   8|0x0000000080800000, 0x00000000808ffff0, 0x0000000080900000| 99%| O|  |TAMS 0x0000000080800000| PB 0x0000000080800000| Untracked 
|   9|0x0000000080900000, 0x0000000080a00000, 0x0000000080a00000|100%| O|  |TAMS 0x0000000080900000| PB 0x0000000080900000| Untracked 
|  10|0x0000000080a00000, 0x0000000080afffc0, 0x0000000080b00000| 99%| O|  |TAMS 0x0000000080a00000| PB 0x0000000080a00000| Untracked 
|  11|0x0000000080b00000, 0x0000000080c00000, 0x0000000080c00000|100%| O|  |TAMS 0x0000000080b00000| PB 0x0000000080b00000| Untracked 
|  12|0x0000000080c00000, 0x0000000080cfffe0, 0x0000000080d00000| 99%| O|  |TAMS 0x0000000080c00000| PB 0x0000000080c00000| Untracked 
|  13|0x0000000080d00000, 0x0000000080dffff8, 0x0000000080e00000| 99%| O|  |TAMS 0x0000000080d00000| PB 0x0000000080d00000| Untracked 
|  14|0x0000000080e00000, 0x0000000080f00000, 0x0000000080f00000|100%| O|  |TAMS 0x0000000080e00000| PB 0x0000000080e00000| Untracked 
|  15|0x0000000080f00000, 0x0000000080fffff8, 0x0000000081000000| 99%| O|  |TAMS 0x0000000080f00000| PB 0x0000000080f00000| Untracked 
|  16|0x0000000081000000, 0x00000000810fffe8, 0x0000000081100000| 99%| O|  |TAMS 0x0000000081000000| PB 0x0000000081000000| Untracked 
|  17|0x0000000081100000, 0x00000000811ffff0, 0x0000000081200000| 99%| O|  |TAMS 0x0000000081100000| PB 0x0000000081100000| Untracked 
|  18|0x0000000081200000, 0x00000000812fffe0, 0x0000000081300000| 99%| O|  |TAMS 0x0000000081200000| PB 0x0000000081200000| Untracked 
|  19|0x0000000081300000, 0x00000000813ffff0, 0x0000000081400000| 99%| O|  |TAMS 0x0000000081300000| PB 0x0000000081300000| Untracked 
|  20|0x0000000081400000, 0x00000000814ffff8, 0x0000000081500000| 99%| O|  |TAMS 0x0000000081400000| PB 0x0000000081400000| Untracked 
|  21|0x0000000081500000, 0x00000000815fffe0, 0x0000000081600000| 99%| O|  |TAMS 0x0000000081500000| PB 0x0000000081500000| Untracked 
|  22|0x0000000081600000, 0x00000000816fffe0, 0x0000000081700000| 99%| O|  |TAMS 0x0000000081600000| PB 0x0000000081600000| Untracked 
|  23|0x0000000081700000, 0x00000000817fffd0, 0x0000000081800000| 99%| O|  |TAMS 0x0000000081700000| PB 0x0000000081700000| Untracked 
|  24|0x0000000081800000, 0x00000000818fffd8, 0x0000000081900000| 99%| O|  |TAMS 0x0000000081800000| PB 0x0000000081800000| Untracked 
|  25|0x0000000081900000, 0x0000000081a00000, 0x0000000081a00000|100%| O|  |TAMS 0x0000000081900000| PB 0x0000000081900000| Untracked 
|  26|0x0000000081a00000, 0x0000000081affff0, 0x0000000081b00000| 99%| O|  |TAMS 0x0000000081a00000| PB 0x0000000081a00000| Untracked 
|  27|0x0000000081b00000, 0x0000000081bfffd8, 0x0000000081c00000| 99%| O|  |TAMS 0x0000000081b00000| PB 0x0000000081b00000| Untracked 
|  28|0x0000000081c00000, 0x0000000081cfffe8, 0x0000000081d00000| 99%| O|  |TAMS 0x0000000081c00000| PB 0x0000000081c00000| Untracked 
|  29|0x0000000081d00000, 0x0000000081e00000, 0x0000000081e00000|100%| O|  |TAMS 0x0000000081d00000| PB 0x0000000081d00000| Untracked 
|  30|0x0000000081e00000, 0x0000000081edaeb0, 0x0000000081f00000| 85%| O|  |TAMS 0x0000000081e00000| PB 0x0000000081e00000| Untracked 
|  31|0x0000000081f00000, 0x0000000081f00000, 0x0000000082000000|  0%| F|  |TAMS 0x0000000081f00000| PB 0x0000000081f00000| Untracked 
|  32|0x0000000082000000, 0x00000000820fffd8, 0x0000000082100000| 99%| O|  |TAMS 0x0000000082000000| PB 0x0000000082000000| Untracked 
|  33|0x0000000082100000, 0x00000000821f1cd8, 0x0000000082200000| 94%| O|  |TAMS 0x0000000082100000| PB 0x0000000082100000| Untracked 
|  34|0x0000000082200000, 0x00000000822ffff0, 0x0000000082300000| 99%| O|  |TAMS 0x0000000082200000| PB 0x0000000082200000| Untracked 
|  35|0x0000000082300000, 0x00000000823fa798, 0x0000000082400000| 97%| O|  |TAMS 0x0000000082300000| PB 0x0000000082300000| Untracked 
|  36|0x0000000082400000, 0x00000000824fffe8, 0x0000000082500000| 99%| O|  |TAMS 0x0000000082400000| PB 0x0000000082400000| Untracked 
|  37|0x0000000082500000, 0x0000000082600000, 0x0000000082600000|100%| O|  |TAMS 0x0000000082500000| PB 0x0000000082500000| Untracked 
|  38|0x0000000082600000, 0x00000000826fffc8, 0x0000000082700000| 99%| O|  |TAMS 0x0000000082600000| PB 0x0000000082600000| Untracked 
|  39|0x0000000082700000, 0x00000000827ffff0, 0x0000000082800000| 99%| O|  |TAMS 0x0000000082700000| PB 0x0000000082700000| Untracked 
|  40|0x0000000082800000, 0x00000000828ffff0, 0x0000000082900000| 99%| O|  |TAMS 0x0000000082800000| PB 0x0000000082800000| Untracked 
|  41|0x0000000082900000, 0x00000000829ffff0, 0x0000000082a00000| 99%| O|  |TAMS 0x0000000082900000| PB 0x0000000082900000| Untracked 
|  42|0x0000000082a00000, 0x0000000082affff8, 0x0000000082b00000| 99%| O|  |TAMS 0x0000000082a00000| PB 0x0000000082a00000| Untracked 
|  43|0x0000000082b00000, 0x0000000082bfffe8, 0x0000000082c00000| 99%| O|  |TAMS 0x0000000082b00000| PB 0x0000000082b00000| Untracked 
|  44|0x0000000082c00000, 0x0000000082cfffd8, 0x0000000082d00000| 99%| O|  |TAMS 0x0000000082c00000| PB 0x0000000082c00000| Untracked 
|  45|0x0000000082d00000, 0x0000000082dfffc0, 0x0000000082e00000| 99%| O|  |TAMS 0x0000000082d00000| PB 0x0000000082d00000| Untracked 
|  46|0x0000000082e00000, 0x0000000082effff8, 0x0000000082f00000| 99%| O|  |TAMS 0x0000000082e00000| PB 0x0000000082e00000| Untracked 
|  47|0x0000000082f00000, 0x0000000082fe2488, 0x0000000083000000| 88%| O|  |TAMS 0x0000000082f00000| PB 0x0000000082f00000| Untracked 
|  48|0x0000000083000000, 0x0000000083100000, 0x0000000083100000|100%| O|  |TAMS 0x0000000083000000| PB 0x0000000083000000| Untracked 
|  49|0x0000000083100000, 0x0000000083200000, 0x0000000083200000|100%| O|  |TAMS 0x0000000083100000| PB 0x0000000083100000| Untracked 
|  50|0x0000000083200000, 0x0000000083300000, 0x0000000083300000|100%|HS|  |TAMS 0x0000000083200000| PB 0x0000000083200000| Complete 
|  51|0x0000000083300000, 0x0000000083400000, 0x0000000083400000|100%|HS|  |TAMS 0x0000000083300000| PB 0x0000000083300000| Complete 
|  52|0x0000000083400000, 0x0000000083500000, 0x0000000083500000|100%|HS|  |TAMS 0x0000000083400000| PB 0x0000000083400000| Complete 
|  53|0x0000000083500000, 0x0000000083600000, 0x0000000083600000|100%|HC|  |TAMS 0x0000000083500000| PB 0x0000000083500000| Complete 
|  54|0x0000000083600000, 0x0000000083700000, 0x0000000083700000|100%|HS|  |TAMS 0x0000000083600000| PB 0x0000000083600000| Complete 
|  55|0x0000000083700000, 0x0000000083800000, 0x0000000083800000|100%|HC|  |TAMS 0x0000000083700000| PB 0x0000000083700000| Complete 
|  56|0x0000000083800000, 0x0000000083900000, 0x0000000083900000|100%|HS|  |TAMS 0x0000000083800000| PB 0x0000000083800000| Complete 
|  57|0x0000000083900000, 0x0000000083a00000, 0x0000000083a00000|100%|HS|  |TAMS 0x0000000083900000| PB 0x0000000083900000| Complete 
|  58|0x0000000083a00000, 0x0000000083b00000, 0x0000000083b00000|100%|HC|  |TAMS 0x0000000083a00000| PB 0x0000000083a00000| Complete 
|  59|0x0000000083b00000, 0x0000000083c00000, 0x0000000083c00000|100%|HC|  |TAMS 0x0000000083b00000| PB 0x0000000083b00000| Complete 
|  60|0x0000000083c00000, 0x0000000083d00000, 0x0000000083d00000|100%|HS|  |TAMS 0x0000000083c00000| PB 0x0000000083c00000| Complete 
|  61|0x0000000083d00000, 0x0000000083dffe38, 0x0000000083e00000| 99%| O|  |TAMS 0x0000000083d00000| PB 0x0000000083d00000| Untracked 
|  62|0x0000000083e00000, 0x0000000083f00000, 0x0000000083f00000|100%|HS|  |TAMS 0x0000000083e00000| PB 0x0000000083e00000| Complete 
|  63|0x0000000083f00000, 0x0000000084000000, 0x0000000084000000|100%|HS|  |TAMS 0x0000000083f00000| PB 0x0000000083f00000| Complete 
|  64|0x0000000084000000, 0x00000000840ffde8, 0x0000000084100000| 99%| O|  |TAMS 0x0000000084000000| PB 0x0000000084000000| Untracked 
|  65|0x0000000084100000, 0x00000000841ffff8, 0x0000000084200000| 99%| O|  |TAMS 0x0000000084100000| PB 0x0000000084100000| Untracked 
|  66|0x0000000084200000, 0x00000000842ffff8, 0x0000000084300000| 99%| O|  |TAMS 0x0000000084200000| PB 0x0000000084200000| Untracked 
|  67|0x0000000084300000, 0x00000000843f62b0, 0x0000000084400000| 96%| O|  |TAMS 0x0000000084300000| PB 0x0000000084300000| Untracked 
|  68|0x0000000084400000, 0x00000000844f65e8, 0x0000000084500000| 96%| O|  |TAMS 0x0000000084400000| PB 0x0000000084400000| Untracked 
|  69|0x0000000084500000, 0x00000000845fffe8, 0x0000000084600000| 99%| O|  |TAMS 0x0000000084500000| PB 0x0000000084500000| Untracked 
|  70|0x0000000084600000, 0x00000000846fffd8, 0x0000000084700000| 99%| O|  |TAMS 0x0000000084600000| PB 0x0000000084600000| Untracked 
|  71|0x0000000084700000, 0x0000000084800000, 0x0000000084800000|100%|HS|  |TAMS 0x0000000084700000| PB 0x0000000084700000| Complete 
|  72|0x0000000084800000, 0x00000000848fffa0, 0x0000000084900000| 99%| O|  |TAMS 0x0000000084800000| PB 0x0000000084800000| Untracked 
|  73|0x0000000084900000, 0x00000000849fffd8, 0x0000000084a00000| 99%| O|  |TAMS 0x0000000084900000| PB 0x0000000084900000| Untracked 
|  74|0x0000000084a00000, 0x0000000084afffd0, 0x0000000084b00000| 99%| O|  |TAMS 0x0000000084a00000| PB 0x0000000084a00000| Untracked 
|  75|0x0000000084b00000, 0x0000000084bfffe0, 0x0000000084c00000| 99%| O|  |TAMS 0x0000000084b00000| PB 0x0000000084b00000| Untracked 
|  76|0x0000000084c00000, 0x0000000084cfcef8, 0x0000000084d00000| 98%| O|  |TAMS 0x0000000084c00000| PB 0x0000000084c00000| Untracked 
|  77|0x0000000084d00000, 0x0000000084dffff0, 0x0000000084e00000| 99%| O|  |TAMS 0x0000000084d00000| PB 0x0000000084d00000| Untracked 
|  78|0x0000000084e00000, 0x0000000084f00000, 0x0000000084f00000|100%|HS|  |TAMS 0x0000000084e00000| PB 0x0000000084e00000| Complete 
|  79|0x0000000084f00000, 0x0000000085000000, 0x0000000085000000|100%|HC|  |TAMS 0x0000000084f00000| PB 0x0000000084f00000| Complete 
|  80|0x0000000085000000, 0x0000000085100000, 0x0000000085100000|100%|HC|  |TAMS 0x0000000085000000| PB 0x0000000085000000| Complete 
|  81|0x0000000085100000, 0x00000000851fff98, 0x0000000085200000| 99%| O|  |TAMS 0x0000000085100000| PB 0x0000000085100000| Untracked 
|  82|0x0000000085200000, 0x00000000852fffc0, 0x0000000085300000| 99%| O|  |TAMS 0x0000000085200000| PB 0x0000000085200000| Untracked 
|  83|0x0000000085300000, 0x00000000853fff90, 0x0000000085400000| 99%| O|  |TAMS 0x0000000085300000| PB 0x0000000085300000| Untracked 
|  84|0x0000000085400000, 0x00000000854ffff8, 0x0000000085500000| 99%| O|  |TAMS 0x0000000085400000| PB 0x0000000085400000| Untracked 
|  85|0x0000000085500000, 0x00000000855fff80, 0x0000000085600000| 99%| O|  |TAMS 0x0000000085500000| PB 0x0000000085500000| Untracked 
|  86|0x0000000085600000, 0x00000000856ffff8, 0x0000000085700000| 99%| O|  |TAMS 0x0000000085600000| PB 0x0000000085600000| Untracked 
|  87|0x0000000085700000, 0x00000000857fffc8, 0x0000000085800000| 99%| O|  |TAMS 0x0000000085700000| PB 0x0000000085700000| Untracked 
|  88|0x0000000085800000, 0x00000000858ffff8, 0x0000000085900000| 99%| O|  |TAMS 0x0000000085800000| PB 0x0000000085800000| Untracked 
|  89|0x0000000085900000, 0x00000000859fa818, 0x0000000085a00000| 97%| O|  |TAMS 0x0000000085900000| PB 0x0000000085900000| Untracked 
|  90|0x0000000085a00000, 0x0000000085b00000, 0x0000000085b00000|100%| O|  |TAMS 0x0000000085a00000| PB 0x0000000085a00000| Untracked 
|  91|0x0000000085b00000, 0x0000000085bffff8, 0x0000000085c00000| 99%| O|  |TAMS 0x0000000085b00000| PB 0x0000000085b00000| Untracked 
|  92|0x0000000085c00000, 0x0000000085cffff8, 0x0000000085d00000| 99%| O|  |TAMS 0x0000000085c00000| PB 0x0000000085c00000| Untracked 
|  93|0x0000000085d00000, 0x0000000085dfffd8, 0x0000000085e00000| 99%| O|  |TAMS 0x0000000085d00000| PB 0x0000000085d00000| Untracked 
|  94|0x0000000085e00000, 0x0000000085efb908, 0x0000000085f00000| 98%| O|  |TAMS 0x0000000085e00000| PB 0x0000000085e00000| Untracked 
|  95|0x0000000085f00000, 0x0000000085fffff0, 0x0000000086000000| 99%| O|  |TAMS 0x0000000085f00000| PB 0x0000000085f00000| Untracked 
|  96|0x0000000086000000, 0x00000000860ffff0, 0x0000000086100000| 99%| O|  |TAMS 0x0000000086000000| PB 0x0000000086000000| Untracked 
|  97|0x0000000086100000, 0x00000000861ffff0, 0x0000000086200000| 99%| O|  |TAMS 0x0000000086100000| PB 0x0000000086100000| Untracked 
|  98|0x0000000086200000, 0x00000000862ffc68, 0x0000000086300000| 99%| O|  |TAMS 0x0000000086200000| PB 0x0000000086200000| Untracked 
|  99|0x0000000086300000, 0x00000000863ffff8, 0x0000000086400000| 99%| O|  |TAMS 0x0000000086300000| PB 0x0000000086300000| Untracked 
| 100|0x0000000086400000, 0x00000000864ffff0, 0x0000000086500000| 99%| O|  |TAMS 0x0000000086400000| PB 0x0000000086400000| Untracked 
| 101|0x0000000086500000, 0x00000000865fffd0, 0x0000000086600000| 99%| O|  |TAMS 0x0000000086500000| PB 0x0000000086500000| Untracked 
| 102|0x0000000086600000, 0x00000000866ffff8, 0x0000000086700000| 99%| O|  |TAMS 0x0000000086600000| PB 0x0000000086600000| Untracked 
| 103|0x0000000086700000, 0x00000000867ffff0, 0x0000000086800000| 99%| O|  |TAMS 0x0000000086700000| PB 0x0000000086700000| Untracked 
| 104|0x0000000086800000, 0x00000000868ffff0, 0x0000000086900000| 99%| O|  |TAMS 0x0000000086800000| PB 0x0000000086800000| Untracked 
| 105|0x0000000086900000, 0x00000000869fffe0, 0x0000000086a00000| 99%| O|  |TAMS 0x0000000086900000| PB 0x0000000086900000| Untracked 
| 106|0x0000000086a00000, 0x0000000086afffd0, 0x0000000086b00000| 99%| O|  |TAMS 0x0000000086a00000| PB 0x0000000086a00000| Untracked 
| 107|0x0000000086b00000, 0x0000000086bffff0, 0x0000000086c00000| 99%| O|  |TAMS 0x0000000086b00000| PB 0x0000000086b00000| Untracked 
| 108|0x0000000086c00000, 0x0000000086cfffe0, 0x0000000086d00000| 99%| O|  |TAMS 0x0000000086c00000| PB 0x0000000086c00000| Untracked 
| 109|0x0000000086d00000, 0x0000000086db7488, 0x0000000086e00000| 71%| O|  |TAMS 0x0000000086d00000| PB 0x0000000086d00000| Untracked 
| 110|0x0000000086e00000, 0x0000000086effff8, 0x0000000086f00000| 99%| O|  |TAMS 0x0000000086e00000| PB 0x0000000086e00000| Untracked 
| 111|0x0000000086f00000, 0x0000000086fffff8, 0x0000000087000000| 99%| O|  |TAMS 0x0000000086f00000| PB 0x0000000086f00000| Untracked 
| 112|0x0000000087000000, 0x00000000870a3f10, 0x0000000087100000| 64%| O|  |TAMS 0x0000000087000000| PB 0x0000000087000000| Untracked 
| 113|0x0000000087100000, 0x00000000871fffe8, 0x0000000087200000| 99%| O|  |TAMS 0x0000000087100000| PB 0x0000000087100000| Untracked 
| 114|0x0000000087200000, 0x00000000872fffc8, 0x0000000087300000| 99%| O|  |TAMS 0x0000000087200000| PB 0x0000000087200000| Untracked 
| 115|0x0000000087300000, 0x00000000873ffff8, 0x0000000087400000| 99%| O|  |TAMS 0x0000000087300000| PB 0x0000000087300000| Untracked 
| 116|0x0000000087400000, 0x00000000874ffff0, 0x0000000087500000| 99%| O|  |TAMS 0x0000000087400000| PB 0x0000000087400000| Untracked 
| 117|0x0000000087500000, 0x0000000087600000, 0x0000000087600000|100%| O|  |TAMS 0x0000000087500000| PB 0x0000000087500000| Untracked 
| 118|0x0000000087600000, 0x00000000876f8120, 0x0000000087700000| 96%| O|  |TAMS 0x0000000087600000| PB 0x0000000087600000| Untracked 
| 119|0x0000000087700000, 0x0000000087800000, 0x0000000087800000|100%| O|  |TAMS 0x0000000087700000| PB 0x0000000087700000| Untracked 
| 120|0x0000000087800000, 0x0000000087900000, 0x0000000087900000|100%| O|  |TAMS 0x0000000087800000| PB 0x0000000087800000| Untracked 
| 121|0x0000000087900000, 0x0000000087a00000, 0x0000000087a00000|100%| O|  |TAMS 0x0000000087900000| PB 0x0000000087900000| Untracked 
| 122|0x0000000087a00000, 0x0000000087afffe8, 0x0000000087b00000| 99%| O|  |TAMS 0x0000000087a00000| PB 0x0000000087a00000| Untracked 
| 123|0x0000000087b00000, 0x0000000087bffff8, 0x0000000087c00000| 99%| O|  |TAMS 0x0000000087b00000| PB 0x0000000087b00000| Untracked 
| 124|0x0000000087c00000, 0x0000000087d00000, 0x0000000087d00000|100%| O|  |TAMS 0x0000000087c00000| PB 0x0000000087c00000| Untracked 
| 125|0x0000000087d00000, 0x0000000087d445a0, 0x0000000087e00000| 26%| O|  |TAMS 0x0000000087d00000| PB 0x0000000087d00000| Untracked 
| 126|0x0000000087e00000, 0x0000000087e00000, 0x0000000087f00000|  0%| F|  |TAMS 0x0000000087e00000| PB 0x0000000087e00000| Untracked 
| 127|0x0000000087f00000, 0x0000000088000000, 0x0000000088000000|100%| O|  |TAMS 0x0000000087f00000| PB 0x0000000087f00000| Untracked 
| 128|0x0000000088000000, 0x0000000088100000, 0x0000000088100000|100%|HS|  |TAMS 0x0000000088000000| PB 0x0000000088000000| Complete 
| 129|0x0000000088100000, 0x00000000881d32b0, 0x0000000088200000| 82%| O|  |TAMS 0x0000000088100000| PB 0x0000000088100000| Untracked 
| 130|0x0000000088200000, 0x0000000088300000, 0x0000000088300000|100%| O|  |TAMS 0x0000000088200000| PB 0x0000000088200000| Untracked 
| 131|0x0000000088300000, 0x0000000088300000, 0x0000000088400000|  0%| F|  |TAMS 0x0000000088300000| PB 0x0000000088300000| Untracked 
| 132|0x0000000088400000, 0x00000000884ffd98, 0x0000000088500000| 99%| O|  |TAMS 0x0000000088400000| PB 0x0000000088400000| Untracked 
| 133|0x0000000088500000, 0x0000000088600000, 0x0000000088600000|100%|HS|  |TAMS 0x0000000088500000| PB 0x0000000088500000| Complete 
| 134|0x0000000088600000, 0x0000000088700000, 0x0000000088700000|100%| O|  |TAMS 0x0000000088600000| PB 0x0000000088600000| Untracked 
| 135|0x0000000088700000, 0x0000000088700000, 0x0000000088800000|  0%| F|  |TAMS 0x0000000088700000| PB 0x0000000088700000| Untracked 
| 136|0x0000000088800000, 0x0000000088800000, 0x0000000088900000|  0%| F|  |TAMS 0x0000000088800000| PB 0x0000000088800000| Untracked 
| 137|0x0000000088900000, 0x00000000889ffff8, 0x0000000088a00000| 99%| O|  |TAMS 0x0000000088900000| PB 0x0000000088900000| Untracked 
| 138|0x0000000088a00000, 0x0000000088a00000, 0x0000000088b00000|  0%| F|  |TAMS 0x0000000088a00000| PB 0x0000000088a00000| Untracked 
| 139|0x0000000088b00000, 0x0000000088c00000, 0x0000000088c00000|100%| O|  |TAMS 0x0000000088b00000| PB 0x0000000088b00000| Untracked 
| 140|0x0000000088c00000, 0x0000000088d00000, 0x0000000088d00000|100%| O|  |TAMS 0x0000000088c00000| PB 0x0000000088c00000| Untracked 
| 141|0x0000000088d00000, 0x0000000088e00000, 0x0000000088e00000|100%| O|  |TAMS 0x0000000088d00000| PB 0x0000000088d00000| Untracked 
| 142|0x0000000088e00000, 0x0000000088e00000, 0x0000000088f00000|  0%| F|  |TAMS 0x0000000088e00000| PB 0x0000000088e00000| Untracked 
| 143|0x0000000088f00000, 0x0000000088f00000, 0x0000000089000000|  0%| F|  |TAMS 0x0000000088f00000| PB 0x0000000088f00000| Untracked 
| 144|0x0000000089000000, 0x0000000089000000, 0x0000000089100000|  0%| F|  |TAMS 0x0000000089000000| PB 0x0000000089000000| Untracked 
| 145|0x0000000089100000, 0x0000000089100000, 0x0000000089200000|  0%| F|  |TAMS 0x0000000089100000| PB 0x0000000089100000| Untracked 
| 146|0x0000000089200000, 0x0000000089200000, 0x0000000089300000|  0%| F|  |TAMS 0x0000000089200000| PB 0x0000000089200000| Untracked 
| 147|0x0000000089300000, 0x00000000893fffe0, 0x0000000089400000| 99%| O|  |TAMS 0x0000000089300000| PB 0x0000000089300000| Untracked 
| 148|0x0000000089400000, 0x0000000089400000, 0x0000000089500000|  0%| F|  |TAMS 0x0000000089400000| PB 0x0000000089400000| Untracked 
| 149|0x0000000089500000, 0x0000000089500000, 0x0000000089600000|  0%| F|  |TAMS 0x0000000089500000| PB 0x0000000089500000| Untracked 
| 150|0x0000000089600000, 0x0000000089600000, 0x0000000089700000|  0%| F|  |TAMS 0x0000000089600000| PB 0x0000000089600000| Untracked 
| 151|0x0000000089700000, 0x0000000089700000, 0x0000000089800000|  0%| F|  |TAMS 0x0000000089700000| PB 0x0000000089700000| Untracked 
| 152|0x0000000089800000, 0x0000000089900000, 0x0000000089900000|100%| O|  |TAMS 0x0000000089800000| PB 0x0000000089800000| Untracked 
| 153|0x0000000089900000, 0x0000000089a00000, 0x0000000089a00000|100%| O|  |TAMS 0x0000000089900000| PB 0x0000000089900000| Untracked 
| 154|0x0000000089a00000, 0x0000000089a00000, 0x0000000089b00000|  0%| F|  |TAMS 0x0000000089a00000| PB 0x0000000089a00000| Untracked 
| 155|0x0000000089b00000, 0x0000000089b00000, 0x0000000089c00000|  0%| F|  |TAMS 0x0000000089b00000| PB 0x0000000089b00000| Untracked 
| 156|0x0000000089c00000, 0x0000000089c00000, 0x0000000089d00000|  0%| F|  |TAMS 0x0000000089c00000| PB 0x0000000089c00000| Untracked 
| 157|0x0000000089d00000, 0x0000000089d00000, 0x0000000089e00000|  0%| F|  |TAMS 0x0000000089d00000| PB 0x0000000089d00000| Untracked 
| 158|0x0000000089e00000, 0x0000000089f00000, 0x0000000089f00000|100%| O|  |TAMS 0x0000000089e00000| PB 0x0000000089e00000| Untracked 
| 159|0x0000000089f00000, 0x000000008a000000, 0x000000008a000000|100%| O|  |TAMS 0x0000000089f00000| PB 0x0000000089f00000| Untracked 
| 160|0x000000008a000000, 0x000000008a100000, 0x000000008a100000|100%|HS|  |TAMS 0x000000008a000000| PB 0x000000008a000000| Complete 
| 161|0x000000008a100000, 0x000000008a200000, 0x000000008a200000|100%|HC|  |TAMS 0x000000008a100000| PB 0x000000008a100000| Complete 
| 162|0x000000008a200000, 0x000000008a300000, 0x000000008a300000|100%| O|  |TAMS 0x000000008a200000| PB 0x000000008a200000| Untracked 
| 163|0x000000008a300000, 0x000000008a400000, 0x000000008a400000|100%| O|  |TAMS 0x000000008a300000| PB 0x000000008a300000| Untracked 
| 164|0x000000008a400000, 0x000000008a500000, 0x000000008a500000|100%| O|  |TAMS 0x000000008a400000| PB 0x000000008a400000| Untracked 
| 165|0x000000008a500000, 0x000000008a600000, 0x000000008a600000|100%|HS|  |TAMS 0x000000008a500000| PB 0x000000008a500000| Complete 
| 166|0x000000008a600000, 0x000000008a700000, 0x000000008a700000|100%|HC|  |TAMS 0x000000008a600000| PB 0x000000008a600000| Complete 
| 167|0x000000008a700000, 0x000000008a800000, 0x000000008a800000|100%| O|  |TAMS 0x000000008a700000| PB 0x000000008a700000| Untracked 
| 168|0x000000008a800000, 0x000000008a800000, 0x000000008a900000|  0%| F|  |TAMS 0x000000008a800000| PB 0x000000008a800000| Untracked 
| 169|0x000000008a900000, 0x000000008a900000, 0x000000008aa00000|  0%| F|  |TAMS 0x000000008a900000| PB 0x000000008a900000| Untracked 
| 170|0x000000008aa00000, 0x000000008aac40f8, 0x000000008ab00000| 76%| O|  |TAMS 0x000000008aa00000| PB 0x000000008aa00000| Untracked 
| 171|0x000000008ab00000, 0x000000008ac00000, 0x000000008ac00000|100%| O|  |TAMS 0x000000008ab00000| PB 0x000000008ab00000| Untracked 
| 172|0x000000008ac00000, 0x000000008ad00000, 0x000000008ad00000|100%| O|  |TAMS 0x000000008ac00000| PB 0x000000008ac00000| Untracked 
| 173|0x000000008ad00000, 0x000000008ae00000, 0x000000008ae00000|100%| O|  |TAMS 0x000000008ad00000| PB 0x000000008ad00000| Untracked 
| 174|0x000000008ae00000, 0x000000008ae00000, 0x000000008af00000|  0%| F|  |TAMS 0x000000008ae00000| PB 0x000000008ae00000| Untracked 
| 175|0x000000008af00000, 0x000000008af00000, 0x000000008b000000|  0%| F|  |TAMS 0x000000008af00000| PB 0x000000008af00000| Untracked 
| 176|0x000000008b000000, 0x000000008b000000, 0x000000008b100000|  0%| F|  |TAMS 0x000000008b000000| PB 0x000000008b000000| Untracked 
| 177|0x000000008b100000, 0x000000008b100000, 0x000000008b200000|  0%| F|  |TAMS 0x000000008b100000| PB 0x000000008b100000| Untracked 
| 178|0x000000008b200000, 0x000000008b300000, 0x000000008b300000|100%| O|  |TAMS 0x000000008b200000| PB 0x000000008b200000| Untracked 
| 179|0x000000008b300000, 0x000000008b400000, 0x000000008b400000|100%| O|  |TAMS 0x000000008b300000| PB 0x000000008b300000| Untracked 
| 180|0x000000008b400000, 0x000000008b400000, 0x000000008b500000|  0%| F|  |TAMS 0x000000008b400000| PB 0x000000008b400000| Untracked 
| 181|0x000000008b500000, 0x000000008b500000, 0x000000008b600000|  0%| F|  |TAMS 0x000000008b500000| PB 0x000000008b500000| Untracked 
| 182|0x000000008b600000, 0x000000008b600000, 0x000000008b700000|  0%| F|  |TAMS 0x000000008b600000| PB 0x000000008b600000| Untracked 
| 183|0x000000008b700000, 0x000000008b700000, 0x000000008b800000|  0%| F|  |TAMS 0x000000008b700000| PB 0x000000008b700000| Untracked 
| 184|0x000000008b800000, 0x000000008b800000, 0x000000008b900000|  0%| F|  |TAMS 0x000000008b800000| PB 0x000000008b800000| Untracked 
| 185|0x000000008b900000, 0x000000008ba00000, 0x000000008ba00000|100%|HS|  |TAMS 0x000000008b900000| PB 0x000000008b900000| Complete 
| 186|0x000000008ba00000, 0x000000008ba00000, 0x000000008bb00000|  0%| F|  |TAMS 0x000000008ba00000| PB 0x000000008ba00000| Untracked 
| 187|0x000000008bb00000, 0x000000008bc00000, 0x000000008bc00000|100%| O|  |TAMS 0x000000008bb00000| PB 0x000000008bb00000| Untracked 
| 188|0x000000008bc00000, 0x000000008bd00000, 0x000000008bd00000|100%|HS|  |TAMS 0x000000008bc00000| PB 0x000000008bc00000| Complete 
| 189|0x000000008bd00000, 0x000000008be00000, 0x000000008be00000|100%|HC|  |TAMS 0x000000008bd00000| PB 0x000000008bd00000| Complete 
| 190|0x000000008be00000, 0x000000008bf00000, 0x000000008bf00000|100%|HS|  |TAMS 0x000000008be00000| PB 0x000000008be00000| Complete 
| 191|0x000000008bf00000, 0x000000008c000000, 0x000000008c000000|100%|HC|  |TAMS 0x000000008bf00000| PB 0x000000008bf00000| Complete 
| 192|0x000000008c000000, 0x000000008c000000, 0x000000008c100000|  0%| F|  |TAMS 0x000000008c000000| PB 0x000000008c000000| Untracked 
| 193|0x000000008c100000, 0x000000008c200000, 0x000000008c200000|100%| O|  |TAMS 0x000000008c100000| PB 0x000000008c100000| Untracked 
| 194|0x000000008c200000, 0x000000008c300000, 0x000000008c300000|100%| O|  |TAMS 0x000000008c200000| PB 0x000000008c200000| Untracked 
| 195|0x000000008c300000, 0x000000008c400000, 0x000000008c400000|100%| O|  |TAMS 0x000000008c300000| PB 0x000000008c300000| Untracked 
| 196|0x000000008c400000, 0x000000008c500000, 0x000000008c500000|100%| O|  |TAMS 0x000000008c400000| PB 0x000000008c400000| Untracked 
| 197|0x000000008c500000, 0x000000008c500000, 0x000000008c600000|  0%| F|  |TAMS 0x000000008c500000| PB 0x000000008c500000| Untracked 
| 198|0x000000008c600000, 0x000000008c700000, 0x000000008c700000|100%| O|  |TAMS 0x000000008c600000| PB 0x000000008c600000| Untracked 
| 199|0x000000008c700000, 0x000000008c700000, 0x000000008c800000|  0%| F|  |TAMS 0x000000008c700000| PB 0x000000008c700000| Untracked 
| 200|0x000000008c800000, 0x000000008c800000, 0x000000008c900000|  0%| F|  |TAMS 0x000000008c800000| PB 0x000000008c800000| Untracked 
| 201|0x000000008c900000, 0x000000008c900000, 0x000000008ca00000|  0%| F|  |TAMS 0x000000008c900000| PB 0x000000008c900000| Untracked 
| 202|0x000000008ca00000, 0x000000008ca00000, 0x000000008cb00000|  0%| F|  |TAMS 0x000000008ca00000| PB 0x000000008ca00000| Untracked 
| 203|0x000000008cb00000, 0x000000008cc00000, 0x000000008cc00000|100%| O|  |TAMS 0x000000008cb00000| PB 0x000000008cb00000| Untracked 
| 204|0x000000008cc00000, 0x000000008cc00000, 0x000000008cd00000|  0%| F|  |TAMS 0x000000008cc00000| PB 0x000000008cc00000| Untracked 
| 205|0x000000008cd00000, 0x000000008cd00000, 0x000000008ce00000|  0%| F|  |TAMS 0x000000008cd00000| PB 0x000000008cd00000| Untracked 
| 206|0x000000008ce00000, 0x000000008cf00000, 0x000000008cf00000|100%|HS|  |TAMS 0x000000008ce00000| PB 0x000000008ce00000| Complete 
| 207|0x000000008cf00000, 0x000000008d000000, 0x000000008d000000|100%|HC|  |TAMS 0x000000008cf00000| PB 0x000000008cf00000| Complete 
| 208|0x000000008d000000, 0x000000008d100000, 0x000000008d100000|100%|HS|  |TAMS 0x000000008d000000| PB 0x000000008d000000| Complete 
| 209|0x000000008d100000, 0x000000008d200000, 0x000000008d200000|100%|HC|  |TAMS 0x000000008d100000| PB 0x000000008d100000| Complete 
| 210|0x000000008d200000, 0x000000008d300000, 0x000000008d300000|100%|HS|  |TAMS 0x000000008d200000| PB 0x000000008d200000| Complete 
| 211|0x000000008d300000, 0x000000008d400000, 0x000000008d400000|100%|HC|  |TAMS 0x000000008d300000| PB 0x000000008d300000| Complete 
| 212|0x000000008d400000, 0x000000008d500000, 0x000000008d500000|100%| O|  |TAMS 0x000000008d400000| PB 0x000000008d400000| Untracked 
| 213|0x000000008d500000, 0x000000008d500000, 0x000000008d600000|  0%| F|  |TAMS 0x000000008d500000| PB 0x000000008d500000| Untracked 
| 214|0x000000008d600000, 0x000000008d700000, 0x000000008d700000|100%| O|  |TAMS 0x000000008d600000| PB 0x000000008d600000| Untracked 
| 215|0x000000008d700000, 0x000000008d700000, 0x000000008d800000|  0%| F|  |TAMS 0x000000008d700000| PB 0x000000008d700000| Untracked 
| 216|0x000000008d800000, 0x000000008d900000, 0x000000008d900000|100%| O|  |TAMS 0x000000008d800000| PB 0x000000008d800000| Untracked 
| 217|0x000000008d900000, 0x000000008da00000, 0x000000008da00000|100%| O|  |TAMS 0x000000008d900000| PB 0x000000008d900000| Untracked 
| 218|0x000000008da00000, 0x000000008da00000, 0x000000008db00000|  0%| F|  |TAMS 0x000000008da00000| PB 0x000000008da00000| Untracked 
| 219|0x000000008db00000, 0x000000008dc00000, 0x000000008dc00000|100%| O|  |TAMS 0x000000008db00000| PB 0x000000008db00000| Untracked 
| 220|0x000000008dc00000, 0x000000008dc00000, 0x000000008dd00000|  0%| F|  |TAMS 0x000000008dc00000| PB 0x000000008dc00000| Untracked 
| 221|0x000000008dd00000, 0x000000008dd00000, 0x000000008de00000|  0%| F|  |TAMS 0x000000008dd00000| PB 0x000000008dd00000| Untracked 
| 222|0x000000008de00000, 0x000000008de00000, 0x000000008df00000|  0%| F|  |TAMS 0x000000008de00000| PB 0x000000008de00000| Untracked 
| 223|0x000000008df00000, 0x000000008e000000, 0x000000008e000000|100%| O|  |TAMS 0x000000008df00000| PB 0x000000008df00000| Untracked 
| 224|0x000000008e000000, 0x000000008e100000, 0x000000008e100000|100%| O|  |TAMS 0x000000008e000000| PB 0x000000008e000000| Untracked 
| 225|0x000000008e100000, 0x000000008e100000, 0x000000008e200000|  0%| F|  |TAMS 0x000000008e100000| PB 0x000000008e100000| Untracked 
| 226|0x000000008e200000, 0x000000008e300000, 0x000000008e300000|100%| O|  |TAMS 0x000000008e200000| PB 0x000000008e200000| Untracked 
| 227|0x000000008e300000, 0x000000008e400000, 0x000000008e400000|100%| O|  |TAMS 0x000000008e300000| PB 0x000000008e300000| Untracked 
| 228|0x000000008e400000, 0x000000008e400000, 0x000000008e500000|  0%| F|  |TAMS 0x000000008e400000| PB 0x000000008e400000| Untracked 
| 229|0x000000008e500000, 0x000000008e5b0600, 0x000000008e600000| 68%| S|CS|TAMS 0x000000008e500000| PB 0x000000008e500000| Complete 
| 230|0x000000008e600000, 0x000000008e700000, 0x000000008e700000|100%| S|CS|TAMS 0x000000008e600000| PB 0x000000008e600000| Complete 
| 231|0x000000008e700000, 0x000000008e800000, 0x000000008e800000|100%| S|CS|TAMS 0x000000008e700000| PB 0x000000008e700000| Complete 
| 232|0x000000008e800000, 0x000000008e900000, 0x000000008e900000|100%| O|  |TAMS 0x000000008e800000| PB 0x000000008e800000| Untracked 
| 233|0x000000008e900000, 0x000000008ea00000, 0x000000008ea00000|100%| S|CS|TAMS 0x000000008e900000| PB 0x000000008e900000| Complete 
| 234|0x000000008ea00000, 0x000000008eb00000, 0x000000008eb00000|100%| S|CS|TAMS 0x000000008ea00000| PB 0x000000008ea00000| Complete 
| 235|0x000000008eb00000, 0x000000008ec00000, 0x000000008ec00000|100%| O|  |TAMS 0x000000008eb00000| PB 0x000000008eb00000| Untracked 
| 236|0x000000008ec00000, 0x000000008ed00000, 0x000000008ed00000|100%| S|CS|TAMS 0x000000008ec00000| PB 0x000000008ec00000| Complete 
| 237|0x000000008ed00000, 0x000000008ee00000, 0x000000008ee00000|100%| O|  |TAMS 0x000000008ed00000| PB 0x000000008ed00000| Untracked 
| 238|0x000000008ee00000, 0x000000008ef00000, 0x000000008ef00000|100%| O|  |TAMS 0x000000008ee00000| PB 0x000000008ee00000| Untracked 
| 239|0x000000008ef00000, 0x000000008f000000, 0x000000008f000000|100%| O|  |TAMS 0x000000008ef00000| PB 0x000000008ef00000| Untracked 
| 240|0x000000008f000000, 0x000000008f100000, 0x000000008f100000|100%| O|  |TAMS 0x000000008f000000| PB 0x000000008f000000| Untracked 
| 241|0x000000008f100000, 0x000000008f200000, 0x000000008f200000|100%| O|  |TAMS 0x000000008f100000| PB 0x000000008f100000| Untracked 
| 242|0x000000008f200000, 0x000000008f200000, 0x000000008f300000|  0%| F|  |TAMS 0x000000008f200000| PB 0x000000008f200000| Untracked 
| 243|0x000000008f300000, 0x000000008f300000, 0x000000008f400000|  0%| F|  |TAMS 0x000000008f300000| PB 0x000000008f300000| Untracked 
| 244|0x000000008f400000, 0x000000008f500000, 0x000000008f500000|100%| S|CS|TAMS 0x000000008f400000| PB 0x000000008f400000| Complete 
| 245|0x000000008f500000, 0x000000008f600000, 0x000000008f600000|100%| S|CS|TAMS 0x000000008f500000| PB 0x000000008f500000| Complete 
| 246|0x000000008f600000, 0x000000008f700000, 0x000000008f700000|100%| S|CS|TAMS 0x000000008f600000| PB 0x000000008f600000| Complete 
| 247|0x000000008f700000, 0x000000008f800000, 0x000000008f800000|100%| S|CS|TAMS 0x000000008f700000| PB 0x000000008f700000| Complete 
| 248|0x000000008f800000, 0x000000008f900000, 0x000000008f900000|100%| O|  |TAMS 0x000000008f800000| PB 0x000000008f800000| Untracked 
| 249|0x000000008f900000, 0x000000008fa00000, 0x000000008fa00000|100%| S|CS|TAMS 0x000000008f900000| PB 0x000000008f900000| Complete 
| 250|0x000000008fa00000, 0x000000008fb00000, 0x000000008fb00000|100%| S|CS|TAMS 0x000000008fa00000| PB 0x000000008fa00000| Complete 
| 251|0x000000008fb00000, 0x000000008fc00000, 0x000000008fc00000|100%| S|CS|TAMS 0x000000008fb00000| PB 0x000000008fb00000| Complete 
| 252|0x000000008fc00000, 0x000000008fd00000, 0x000000008fd00000|100%| S|CS|TAMS 0x000000008fc00000| PB 0x000000008fc00000| Complete 
| 253|0x000000008fd00000, 0x000000008fe00000, 0x000000008fe00000|100%| O|  |TAMS 0x000000008fd00000| PB 0x000000008fd00000| Untracked 
| 254|0x000000008fe00000, 0x000000008ff00000, 0x000000008ff00000|100%| O|  |TAMS 0x000000008fe00000| PB 0x000000008fe00000| Untracked 
| 255|0x000000008ff00000, 0x0000000090000000, 0x0000000090000000|100%| O|  |TAMS 0x000000008ff00000| PB 0x000000008ff00000| Untracked 
| 256|0x0000000090000000, 0x0000000090100000, 0x0000000090100000|100%| O|  |TAMS 0x0000000090000000| PB 0x0000000090000000| Untracked 
| 257|0x0000000090100000, 0x0000000090200000, 0x0000000090200000|100%| S|CS|TAMS 0x0000000090100000| PB 0x0000000090100000| Complete 
| 258|0x0000000090200000, 0x0000000090300000, 0x0000000090300000|100%| O|  |TAMS 0x0000000090200000| PB 0x0000000090200000| Untracked 
| 259|0x0000000090300000, 0x0000000090400000, 0x0000000090400000|100%| O|  |TAMS 0x0000000090300000| PB 0x0000000090300000| Untracked 
| 260|0x0000000090400000, 0x0000000090500000, 0x0000000090500000|100%| O|  |TAMS 0x0000000090400000| PB 0x0000000090400000| Untracked 
| 261|0x0000000090500000, 0x0000000090600000, 0x0000000090600000|100%| O|  |TAMS 0x0000000090500000| PB 0x0000000090500000| Untracked 
| 262|0x0000000090600000, 0x0000000090700000, 0x0000000090700000|100%| S|CS|TAMS 0x0000000090600000| PB 0x0000000090600000| Complete 
| 263|0x0000000090700000, 0x0000000090800000, 0x0000000090800000|100%| O|  |TAMS 0x0000000090700000| PB 0x0000000090700000| Untracked 
| 264|0x0000000090800000, 0x0000000090900000, 0x0000000090900000|100%| S|CS|TAMS 0x0000000090800000| PB 0x0000000090800000| Complete 
| 265|0x0000000090900000, 0x0000000090a00000, 0x0000000090a00000|100%| O|  |TAMS 0x0000000090900000| PB 0x0000000090900000| Untracked 
| 266|0x0000000090a00000, 0x0000000090a00000, 0x0000000090b00000|  0%| F|  |TAMS 0x0000000090a00000| PB 0x0000000090a00000| Untracked 
| 267|0x0000000090b00000, 0x0000000090c00000, 0x0000000090c00000|100%| O|  |TAMS 0x0000000090b00000| PB 0x0000000090b00000| Untracked 
| 268|0x0000000090c00000, 0x0000000090d00000, 0x0000000090d00000|100%| O|  |TAMS 0x0000000090c00000| PB 0x0000000090c00000| Untracked 
| 269|0x0000000090d00000, 0x0000000090e00000, 0x0000000090e00000|100%| O|  |TAMS 0x0000000090d00000| PB 0x0000000090d00000| Untracked 
| 270|0x0000000090e00000, 0x0000000090f00000, 0x0000000090f00000|100%| O|  |TAMS 0x0000000090e00000| PB 0x0000000090e00000| Untracked 
| 271|0x0000000090f00000, 0x0000000091000000, 0x0000000091000000|100%| O|  |TAMS 0x0000000090f00000| PB 0x0000000090f00000| Untracked 
| 272|0x0000000091000000, 0x0000000091100000, 0x0000000091100000|100%| O|  |TAMS 0x0000000091000000| PB 0x0000000091000000| Untracked 
| 273|0x0000000091100000, 0x0000000091200000, 0x0000000091200000|100%| O|  |TAMS 0x0000000091100000| PB 0x0000000091100000| Untracked 
| 274|0x0000000091200000, 0x0000000091300000, 0x0000000091300000|100%| O|  |TAMS 0x0000000091200000| PB 0x0000000091200000| Untracked 
| 275|0x0000000091300000, 0x0000000091400000, 0x0000000091400000|100%| O|  |TAMS 0x0000000091300000| PB 0x0000000091300000| Untracked 
| 276|0x0000000091400000, 0x0000000091500000, 0x0000000091500000|100%| O|  |TAMS 0x0000000091400000| PB 0x0000000091400000| Untracked 
| 277|0x0000000091500000, 0x0000000091600000, 0x0000000091600000|100%| O|  |TAMS 0x0000000091500000| PB 0x0000000091500000| Untracked 
| 278|0x0000000091600000, 0x0000000091600000, 0x0000000091700000|  0%| F|  |TAMS 0x0000000091600000| PB 0x0000000091600000| Untracked 
| 279|0x0000000091700000, 0x0000000091800000, 0x0000000091800000|100%| O|  |TAMS 0x0000000091700000| PB 0x0000000091700000| Untracked 
| 280|0x0000000091800000, 0x0000000091900000, 0x0000000091900000|100%| O|  |TAMS 0x0000000091800000| PB 0x0000000091800000| Untracked 
| 281|0x0000000091900000, 0x0000000091a00000, 0x0000000091a00000|100%| O|  |TAMS 0x0000000091900000| PB 0x0000000091900000| Untracked 
| 282|0x0000000091a00000, 0x0000000091b00000, 0x0000000091b00000|100%| O|  |TAMS 0x0000000091a00000| PB 0x0000000091a00000| Untracked 
| 283|0x0000000091b00000, 0x0000000091b00000, 0x0000000091c00000|  0%| F|  |TAMS 0x0000000091b00000| PB 0x0000000091b00000| Untracked 
| 284|0x0000000091c00000, 0x0000000091d00000, 0x0000000091d00000|100%| O|  |TAMS 0x0000000091c00000| PB 0x0000000091c00000| Untracked 
| 285|0x0000000091d00000, 0x0000000091e00000, 0x0000000091e00000|100%| O|  |TAMS 0x0000000091d00000| PB 0x0000000091d00000| Untracked 
| 286|0x0000000091e00000, 0x0000000091f00000, 0x0000000091f00000|100%| O|  |TAMS 0x0000000091e00000| PB 0x0000000091e00000| Untracked 
| 287|0x0000000091f00000, 0x0000000092000000, 0x0000000092000000|100%| O|  |TAMS 0x0000000091f00000| PB 0x0000000091f00000| Untracked 
| 288|0x0000000092000000, 0x0000000092100000, 0x0000000092100000|100%| O|  |TAMS 0x0000000092000000| PB 0x0000000092000000| Untracked 
| 289|0x0000000092100000, 0x0000000092100000, 0x0000000092200000|  0%| F|  |TAMS 0x0000000092100000| PB 0x0000000092100000| Untracked 
| 290|0x0000000092200000, 0x0000000092300000, 0x0000000092300000|100%| O|  |TAMS 0x0000000092200000| PB 0x0000000092200000| Untracked 
| 291|0x0000000092300000, 0x0000000092400000, 0x0000000092400000|100%| O|  |TAMS 0x0000000092300000| PB 0x0000000092300000| Untracked 
| 292|0x0000000092400000, 0x0000000092500000, 0x0000000092500000|100%| O|  |TAMS 0x0000000092400000| PB 0x0000000092400000| Untracked 
| 293|0x0000000092500000, 0x0000000092600000, 0x0000000092600000|100%| O|  |TAMS 0x0000000092500000| PB 0x0000000092500000| Untracked 
| 294|0x0000000092600000, 0x0000000092700000, 0x0000000092700000|100%| O|  |TAMS 0x0000000092600000| PB 0x0000000092600000| Untracked 
| 295|0x0000000092700000, 0x0000000092800000, 0x0000000092800000|100%| S|CS|TAMS 0x0000000092700000| PB 0x0000000092700000| Complete 
| 296|0x0000000092800000, 0x0000000092900000, 0x0000000092900000|100%| S|CS|TAMS 0x0000000092800000| PB 0x0000000092800000| Complete 
| 297|0x0000000092900000, 0x0000000092a00000, 0x0000000092a00000|100%| S|CS|TAMS 0x0000000092900000| PB 0x0000000092900000| Complete 
| 298|0x0000000092a00000, 0x0000000092b00000, 0x0000000092b00000|100%| S|CS|TAMS 0x0000000092a00000| PB 0x0000000092a00000| Complete 
| 299|0x0000000092b00000, 0x0000000092c00000, 0x0000000092c00000|100%| S|CS|TAMS 0x0000000092b00000| PB 0x0000000092b00000| Complete 
| 300|0x0000000092c00000, 0x0000000092d00000, 0x0000000092d00000|100%| S|CS|TAMS 0x0000000092c00000| PB 0x0000000092c00000| Complete 
| 301|0x0000000092d00000, 0x0000000092e00000, 0x0000000092e00000|100%| S|CS|TAMS 0x0000000092d00000| PB 0x0000000092d00000| Complete 
| 302|0x0000000092e00000, 0x0000000092f00000, 0x0000000092f00000|100%| S|CS|TAMS 0x0000000092e00000| PB 0x0000000092e00000| Complete 
| 303|0x0000000092f00000, 0x0000000093000000, 0x0000000093000000|100%| S|CS|TAMS 0x0000000092f00000| PB 0x0000000092f00000| Complete 
| 304|0x0000000093000000, 0x0000000093100000, 0x0000000093100000|100%| S|CS|TAMS 0x0000000093000000| PB 0x0000000093000000| Complete 
| 305|0x0000000093100000, 0x0000000093200000, 0x0000000093200000|100%| S|CS|TAMS 0x0000000093100000| PB 0x0000000093100000| Complete 
| 306|0x0000000093200000, 0x0000000093300000, 0x0000000093300000|100%| S|CS|TAMS 0x0000000093200000| PB 0x0000000093200000| Complete 
| 307|0x0000000093300000, 0x0000000093400000, 0x0000000093400000|100%| S|CS|TAMS 0x0000000093300000| PB 0x0000000093300000| Complete 
| 308|0x0000000093400000, 0x0000000093500000, 0x0000000093500000|100%| S|CS|TAMS 0x0000000093400000| PB 0x0000000093400000| Complete 
| 309|0x0000000093500000, 0x0000000093600000, 0x0000000093600000|100%| S|CS|TAMS 0x0000000093500000| PB 0x0000000093500000| Complete 
| 310|0x0000000093600000, 0x0000000093700000, 0x0000000093700000|100%| S|CS|TAMS 0x0000000093600000| PB 0x0000000093600000| Complete 
| 311|0x0000000093700000, 0x0000000093800000, 0x0000000093800000|100%| S|CS|TAMS 0x0000000093700000| PB 0x0000000093700000| Complete 
| 312|0x0000000093800000, 0x0000000093900000, 0x0000000093900000|100%| S|CS|TAMS 0x0000000093800000| PB 0x0000000093800000| Complete 
| 313|0x0000000093900000, 0x0000000093a00000, 0x0000000093a00000|100%| S|CS|TAMS 0x0000000093900000| PB 0x0000000093900000| Complete 
| 314|0x0000000093a00000, 0x0000000093b00000, 0x0000000093b00000|100%| S|CS|TAMS 0x0000000093a00000| PB 0x0000000093a00000| Complete 
| 315|0x0000000093b00000, 0x0000000093c00000, 0x0000000093c00000|100%| S|CS|TAMS 0x0000000093b00000| PB 0x0000000093b00000| Complete 
| 316|0x0000000093c00000, 0x0000000093d00000, 0x0000000093d00000|100%| S|CS|TAMS 0x0000000093c00000| PB 0x0000000093c00000| Complete 
| 317|0x0000000093d00000, 0x0000000093e00000, 0x0000000093e00000|100%| S|CS|TAMS 0x0000000093d00000| PB 0x0000000093d00000| Complete 
| 318|0x0000000093e00000, 0x0000000093f00000, 0x0000000093f00000|100%| S|CS|TAMS 0x0000000093e00000| PB 0x0000000093e00000| Complete 
| 319|0x0000000093f00000, 0x0000000094000000, 0x0000000094000000|100%| S|CS|TAMS 0x0000000093f00000| PB 0x0000000093f00000| Complete 
| 320|0x0000000094000000, 0x0000000094100000, 0x0000000094100000|100%| S|CS|TAMS 0x0000000094000000| PB 0x0000000094000000| Complete 
| 321|0x0000000094100000, 0x0000000094200000, 0x0000000094200000|100%| S|CS|TAMS 0x0000000094100000| PB 0x0000000094100000| Complete 
| 322|0x0000000094200000, 0x0000000094300000, 0x0000000094300000|100%| S|CS|TAMS 0x0000000094200000| PB 0x0000000094200000| Complete 
| 323|0x0000000094300000, 0x0000000094400000, 0x0000000094400000|100%| S|CS|TAMS 0x0000000094300000| PB 0x0000000094300000| Complete 
| 324|0x0000000094400000, 0x0000000094500000, 0x0000000094500000|100%| S|CS|TAMS 0x0000000094400000| PB 0x0000000094400000| Complete 
| 325|0x0000000094500000, 0x0000000094600000, 0x0000000094600000|100%| S|CS|TAMS 0x0000000094500000| PB 0x0000000094500000| Complete 
| 326|0x0000000094600000, 0x0000000094700000, 0x0000000094700000|100%| S|CS|TAMS 0x0000000094600000| PB 0x0000000094600000| Complete 
| 327|0x0000000094700000, 0x0000000094800000, 0x0000000094800000|100%| S|CS|TAMS 0x0000000094700000| PB 0x0000000094700000| Complete 
| 328|0x0000000094800000, 0x0000000094900000, 0x0000000094900000|100%| S|CS|TAMS 0x0000000094800000| PB 0x0000000094800000| Complete 
| 329|0x0000000094900000, 0x0000000094a00000, 0x0000000094a00000|100%| S|CS|TAMS 0x0000000094900000| PB 0x0000000094900000| Complete 
| 330|0x0000000094a00000, 0x0000000094b00000, 0x0000000094b00000|100%| S|CS|TAMS 0x0000000094a00000| PB 0x0000000094a00000| Complete 
| 331|0x0000000094b00000, 0x0000000094c00000, 0x0000000094c00000|100%| S|CS|TAMS 0x0000000094b00000| PB 0x0000000094b00000| Complete 
| 332|0x0000000094c00000, 0x0000000094d00000, 0x0000000094d00000|100%| S|CS|TAMS 0x0000000094c00000| PB 0x0000000094c00000| Complete 
| 333|0x0000000094d00000, 0x0000000094e00000, 0x0000000094e00000|100%| S|CS|TAMS 0x0000000094d00000| PB 0x0000000094d00000| Complete 
| 334|0x0000000094e00000, 0x0000000094f00000, 0x0000000094f00000|100%| S|CS|TAMS 0x0000000094e00000| PB 0x0000000094e00000| Complete 
| 335|0x0000000094f00000, 0x0000000095000000, 0x0000000095000000|100%| S|CS|TAMS 0x0000000094f00000| PB 0x0000000094f00000| Complete 
| 336|0x0000000095000000, 0x0000000095100000, 0x0000000095100000|100%| O|  |TAMS 0x0000000095000000| PB 0x0000000095000000| Untracked 
| 337|0x0000000095100000, 0x0000000095200000, 0x0000000095200000|100%| O|  |TAMS 0x0000000095100000| PB 0x0000000095100000| Untracked 
| 338|0x0000000095200000, 0x0000000095300000, 0x0000000095300000|100%| S|CS|TAMS 0x0000000095200000| PB 0x0000000095200000| Complete 
| 339|0x0000000095300000, 0x0000000095300000, 0x0000000095400000|  0%| F|  |TAMS 0x0000000095300000| PB 0x0000000095300000| Untracked 
| 340|0x0000000095400000, 0x0000000095400000, 0x0000000095500000|  0%| F|  |TAMS 0x0000000095400000| PB 0x0000000095400000| Untracked 
| 341|0x0000000095500000, 0x0000000095600000, 0x0000000095600000|100%| S|CS|TAMS 0x0000000095500000| PB 0x0000000095500000| Complete 
| 342|0x0000000095600000, 0x0000000095700000, 0x0000000095700000|100%| O|  |TAMS 0x0000000095600000| PB 0x0000000095600000| Untracked 
| 343|0x0000000095700000, 0x0000000095700000, 0x0000000095800000|  0%| F|  |TAMS 0x0000000095700000| PB 0x0000000095700000| Untracked 
| 344|0x0000000095800000, 0x0000000095900000, 0x0000000095900000|100%| S|CS|TAMS 0x0000000095800000| PB 0x0000000095800000| Complete 
| 345|0x0000000095900000, 0x0000000095a00000, 0x0000000095a00000|100%| S|CS|TAMS 0x0000000095900000| PB 0x0000000095900000| Complete 
| 346|0x0000000095a00000, 0x0000000095b00000, 0x0000000095b00000|100%| S|CS|TAMS 0x0000000095a00000| PB 0x0000000095a00000| Complete 
| 347|0x0000000095b00000, 0x0000000095c00000, 0x0000000095c00000|100%| S|CS|TAMS 0x0000000095b00000| PB 0x0000000095b00000| Complete 
| 348|0x0000000095c00000, 0x0000000095c00000, 0x0000000095d00000|  0%| F|  |TAMS 0x0000000095c00000| PB 0x0000000095c00000| Untracked 
| 349|0x0000000095d00000, 0x0000000095d00000, 0x0000000095e00000|  0%| F|  |TAMS 0x0000000095d00000| PB 0x0000000095d00000| Untracked 
| 350|0x0000000095e00000, 0x0000000095e00000, 0x0000000095f00000|  0%| F|  |TAMS 0x0000000095e00000| PB 0x0000000095e00000| Untracked 
| 351|0x0000000095f00000, 0x0000000095f00000, 0x0000000096000000|  0%| F|  |TAMS 0x0000000095f00000| PB 0x0000000095f00000| Untracked 
| 352|0x0000000096000000, 0x0000000096000000, 0x0000000096100000|  0%| F|  |TAMS 0x0000000096000000| PB 0x0000000096000000| Untracked 
| 353|0x0000000096100000, 0x0000000096100000, 0x0000000096200000|  0%| F|  |TAMS 0x0000000096100000| PB 0x0000000096100000| Untracked 
| 354|0x0000000096200000, 0x0000000096200000, 0x0000000096300000|  0%| F|  |TAMS 0x0000000096200000| PB 0x0000000096200000| Untracked 
| 355|0x0000000096300000, 0x0000000096300000, 0x0000000096400000|  0%| F|  |TAMS 0x0000000096300000| PB 0x0000000096300000| Untracked 
| 356|0x0000000096400000, 0x0000000096400000, 0x0000000096500000|  0%| F|  |TAMS 0x0000000096400000| PB 0x0000000096400000| Untracked 
| 357|0x0000000096500000, 0x0000000096500000, 0x0000000096600000|  0%| F|  |TAMS 0x0000000096500000| PB 0x0000000096500000| Untracked 
| 358|0x0000000096600000, 0x0000000096600000, 0x0000000096700000|  0%| F|  |TAMS 0x0000000096600000| PB 0x0000000096600000| Untracked 
| 359|0x0000000096700000, 0x0000000096700000, 0x0000000096800000|  0%| F|  |TAMS 0x0000000096700000| PB 0x0000000096700000| Untracked 
| 360|0x0000000096800000, 0x0000000096800000, 0x0000000096900000|  0%| F|  |TAMS 0x0000000096800000| PB 0x0000000096800000| Untracked 
| 361|0x0000000096900000, 0x0000000096900000, 0x0000000096a00000|  0%| F|  |TAMS 0x0000000096900000| PB 0x0000000096900000| Untracked 
| 362|0x0000000096a00000, 0x0000000096a00000, 0x0000000096b00000|  0%| F|  |TAMS 0x0000000096a00000| PB 0x0000000096a00000| Untracked 
| 363|0x0000000096b00000, 0x0000000096b00000, 0x0000000096c00000|  0%| F|  |TAMS 0x0000000096b00000| PB 0x0000000096b00000| Untracked 
| 364|0x0000000096c00000, 0x0000000096c00000, 0x0000000096d00000|  0%| F|  |TAMS 0x0000000096c00000| PB 0x0000000096c00000| Untracked 
| 365|0x0000000096d00000, 0x0000000096d00000, 0x0000000096e00000|  0%| F|  |TAMS 0x0000000096d00000| PB 0x0000000096d00000| Untracked 
| 366|0x0000000096e00000, 0x0000000096f00000, 0x0000000096f00000|100%| O|  |TAMS 0x0000000096e00000| PB 0x0000000096e00000| Untracked 
| 367|0x0000000096f00000, 0x0000000097000000, 0x0000000097000000|100%| O|  |TAMS 0x0000000096f00000| PB 0x0000000096f00000| Untracked 
| 368|0x0000000097000000, 0x0000000097100000, 0x0000000097100000|100%| O|  |TAMS 0x0000000097000000| PB 0x0000000097000000| Untracked 
| 369|0x0000000097100000, 0x0000000097200000, 0x0000000097200000|100%| O|  |TAMS 0x0000000097100000| PB 0x0000000097100000| Untracked 
| 370|0x0000000097200000, 0x0000000097300000, 0x0000000097300000|100%| O|  |TAMS 0x0000000097200000| PB 0x0000000097200000| Untracked 
| 371|0x0000000097300000, 0x0000000097400000, 0x0000000097400000|100%| O|  |TAMS 0x0000000097300000| PB 0x0000000097300000| Untracked 
| 372|0x0000000097400000, 0x0000000097500000, 0x0000000097500000|100%| O|  |TAMS 0x0000000097400000| PB 0x0000000097400000| Untracked 
| 373|0x0000000097500000, 0x0000000097600000, 0x0000000097600000|100%| O|  |TAMS 0x0000000097500000| PB 0x0000000097500000| Untracked 
| 374|0x0000000097600000, 0x0000000097700000, 0x0000000097700000|100%| O|  |TAMS 0x0000000097600000| PB 0x0000000097600000| Untracked 
| 375|0x0000000097700000, 0x0000000097800000, 0x0000000097800000|100%| O|  |TAMS 0x0000000097700000| PB 0x0000000097700000| Untracked 
| 376|0x0000000097800000, 0x0000000097900000, 0x0000000097900000|100%| O|  |TAMS 0x0000000097800000| PB 0x0000000097800000| Untracked 
| 377|0x0000000097900000, 0x0000000097a00000, 0x0000000097a00000|100%| O|  |TAMS 0x0000000097900000| PB 0x0000000097900000| Untracked 
| 378|0x0000000097a00000, 0x0000000097b00000, 0x0000000097b00000|100%| O|  |TAMS 0x0000000097a00000| PB 0x0000000097a00000| Untracked 
| 379|0x0000000097b00000, 0x0000000097c00000, 0x0000000097c00000|100%| O|  |TAMS 0x0000000097b00000| PB 0x0000000097b00000| Untracked 
| 380|0x0000000097c00000, 0x0000000097d00000, 0x0000000097d00000|100%| O|  |TAMS 0x0000000097c00000| PB 0x0000000097c00000| Untracked 
| 381|0x0000000097d00000, 0x0000000097e00000, 0x0000000097e00000|100%| O|  |TAMS 0x0000000097d00000| PB 0x0000000097d00000| Untracked 
| 382|0x0000000097e00000, 0x0000000097f00000, 0x0000000097f00000|100%| O|  |TAMS 0x0000000097e00000| PB 0x0000000097e00000| Untracked 
| 383|0x0000000097f00000, 0x0000000097f00000, 0x0000000098000000|  0%| F|  |TAMS 0x0000000097f00000| PB 0x0000000097f00000| Untracked 
| 384|0x0000000098000000, 0x0000000098000000, 0x0000000098100000|  0%| F|  |TAMS 0x0000000098000000| PB 0x0000000098000000| Untracked 
| 385|0x0000000098100000, 0x0000000098100000, 0x0000000098200000|  0%| F|  |TAMS 0x0000000098100000| PB 0x0000000098100000| Untracked 
| 386|0x0000000098200000, 0x0000000098200000, 0x0000000098300000|  0%| F|  |TAMS 0x0000000098200000| PB 0x0000000098200000| Untracked 
| 387|0x0000000098300000, 0x0000000098300000, 0x0000000098400000|  0%| F|  |TAMS 0x0000000098300000| PB 0x0000000098300000| Untracked 
| 388|0x0000000098400000, 0x0000000098400000, 0x0000000098500000|  0%| F|  |TAMS 0x0000000098400000| PB 0x0000000098400000| Untracked 
| 389|0x0000000098500000, 0x0000000098500000, 0x0000000098600000|  0%| F|  |TAMS 0x0000000098500000| PB 0x0000000098500000| Untracked 
| 390|0x0000000098600000, 0x0000000098600000, 0x0000000098700000|  0%| F|  |TAMS 0x0000000098600000| PB 0x0000000098600000| Untracked 
| 391|0x0000000098700000, 0x0000000098700000, 0x0000000098800000|  0%| F|  |TAMS 0x0000000098700000| PB 0x0000000098700000| Untracked 
| 392|0x0000000098800000, 0x0000000098800000, 0x0000000098900000|  0%| F|  |TAMS 0x0000000098800000| PB 0x0000000098800000| Untracked 
| 393|0x0000000098900000, 0x0000000098900000, 0x0000000098a00000|  0%| F|  |TAMS 0x0000000098900000| PB 0x0000000098900000| Untracked 
| 394|0x0000000098a00000, 0x0000000098a00000, 0x0000000098b00000|  0%| F|  |TAMS 0x0000000098a00000| PB 0x0000000098a00000| Untracked 
| 395|0x0000000098b00000, 0x0000000098b00000, 0x0000000098c00000|  0%| F|  |TAMS 0x0000000098b00000| PB 0x0000000098b00000| Untracked 
| 396|0x0000000098c00000, 0x0000000098c00000, 0x0000000098d00000|  0%| F|  |TAMS 0x0000000098c00000| PB 0x0000000098c00000| Untracked 
| 397|0x0000000098d00000, 0x0000000098d00000, 0x0000000098e00000|  0%| F|  |TAMS 0x0000000098d00000| PB 0x0000000098d00000| Untracked 
| 398|0x0000000098e00000, 0x0000000098e00000, 0x0000000098f00000|  0%| F|  |TAMS 0x0000000098e00000| PB 0x0000000098e00000| Untracked 
| 399|0x0000000098f00000, 0x0000000098f00000, 0x0000000099000000|  0%| F|  |TAMS 0x0000000098f00000| PB 0x0000000098f00000| Untracked 
| 400|0x0000000099000000, 0x0000000099000000, 0x0000000099100000|  0%| F|  |TAMS 0x0000000099000000| PB 0x0000000099000000| Untracked 
| 401|0x0000000099100000, 0x0000000099100000, 0x0000000099200000|  0%| F|  |TAMS 0x0000000099100000| PB 0x0000000099100000| Untracked 
| 402|0x0000000099200000, 0x0000000099200000, 0x0000000099300000|  0%| F|  |TAMS 0x0000000099200000| PB 0x0000000099200000| Untracked 
| 403|0x0000000099300000, 0x0000000099300000, 0x0000000099400000|  0%| F|  |TAMS 0x0000000099300000| PB 0x0000000099300000| Untracked 
| 404|0x0000000099400000, 0x0000000099400000, 0x0000000099500000|  0%| F|  |TAMS 0x0000000099400000| PB 0x0000000099400000| Untracked 
| 405|0x0000000099500000, 0x0000000099500000, 0x0000000099600000|  0%| F|  |TAMS 0x0000000099500000| PB 0x0000000099500000| Untracked 
| 406|0x0000000099600000, 0x0000000099600000, 0x0000000099700000|  0%| F|  |TAMS 0x0000000099600000| PB 0x0000000099600000| Untracked 
| 407|0x0000000099700000, 0x0000000099700000, 0x0000000099800000|  0%| F|  |TAMS 0x0000000099700000| PB 0x0000000099700000| Untracked 
| 408|0x0000000099800000, 0x0000000099800000, 0x0000000099900000|  0%| F|  |TAMS 0x0000000099800000| PB 0x0000000099800000| Untracked 
| 409|0x0000000099900000, 0x0000000099900000, 0x0000000099a00000|  0%| F|  |TAMS 0x0000000099900000| PB 0x0000000099900000| Untracked 
| 410|0x0000000099a00000, 0x0000000099a00000, 0x0000000099b00000|  0%| F|  |TAMS 0x0000000099a00000| PB 0x0000000099a00000| Untracked 
| 411|0x0000000099b00000, 0x0000000099b00000, 0x0000000099c00000|  0%| F|  |TAMS 0x0000000099b00000| PB 0x0000000099b00000| Untracked 
| 412|0x0000000099c00000, 0x0000000099c00000, 0x0000000099d00000|  0%| F|  |TAMS 0x0000000099c00000| PB 0x0000000099c00000| Untracked 
| 413|0x0000000099d00000, 0x0000000099d00000, 0x0000000099e00000|  0%| F|  |TAMS 0x0000000099d00000| PB 0x0000000099d00000| Untracked 
| 414|0x0000000099e00000, 0x0000000099e00000, 0x0000000099f00000|  0%| F|  |TAMS 0x0000000099e00000| PB 0x0000000099e00000| Untracked 
| 415|0x0000000099f00000, 0x0000000099f00000, 0x000000009a000000|  0%| F|  |TAMS 0x0000000099f00000| PB 0x0000000099f00000| Untracked 
| 416|0x000000009a000000, 0x000000009a000000, 0x000000009a100000|  0%| F|  |TAMS 0x000000009a000000| PB 0x000000009a000000| Untracked 
| 417|0x000000009a100000, 0x000000009a100000, 0x000000009a200000|  0%| F|  |TAMS 0x000000009a100000| PB 0x000000009a100000| Untracked 
| 418|0x000000009a200000, 0x000000009a200000, 0x000000009a300000|  0%| F|  |TAMS 0x000000009a200000| PB 0x000000009a200000| Untracked 
| 419|0x000000009a300000, 0x000000009a300000, 0x000000009a400000|  0%| F|  |TAMS 0x000000009a300000| PB 0x000000009a300000| Untracked 
| 420|0x000000009a400000, 0x000000009a400000, 0x000000009a500000|  0%| F|  |TAMS 0x000000009a400000| PB 0x000000009a400000| Untracked 
| 421|0x000000009a500000, 0x000000009a500000, 0x000000009a600000|  0%| F|  |TAMS 0x000000009a500000| PB 0x000000009a500000| Untracked 
| 422|0x000000009a600000, 0x000000009a600000, 0x000000009a700000|  0%| F|  |TAMS 0x000000009a600000| PB 0x000000009a600000| Untracked 
| 423|0x000000009a700000, 0x000000009a700000, 0x000000009a800000|  0%| F|  |TAMS 0x000000009a700000| PB 0x000000009a700000| Untracked 
| 424|0x000000009a800000, 0x000000009a800000, 0x000000009a900000|  0%| F|  |TAMS 0x000000009a800000| PB 0x000000009a800000| Untracked 
| 425|0x000000009a900000, 0x000000009a900000, 0x000000009aa00000|  0%| F|  |TAMS 0x000000009a900000| PB 0x000000009a900000| Untracked 
| 426|0x000000009aa00000, 0x000000009aa00000, 0x000000009ab00000|  0%| F|  |TAMS 0x000000009aa00000| PB 0x000000009aa00000| Untracked 
| 427|0x000000009ab00000, 0x000000009ab00000, 0x000000009ac00000|  0%| F|  |TAMS 0x000000009ab00000| PB 0x000000009ab00000| Untracked 
| 428|0x000000009ac00000, 0x000000009ac00000, 0x000000009ad00000|  0%| F|  |TAMS 0x000000009ac00000| PB 0x000000009ac00000| Untracked 
| 429|0x000000009ad00000, 0x000000009ad00000, 0x000000009ae00000|  0%| F|  |TAMS 0x000000009ad00000| PB 0x000000009ad00000| Untracked 
| 430|0x000000009ae00000, 0x000000009ae00000, 0x000000009af00000|  0%| F|  |TAMS 0x000000009ae00000| PB 0x000000009ae00000| Untracked 
| 431|0x000000009af00000, 0x000000009af00000, 0x000000009b000000|  0%| F|  |TAMS 0x000000009af00000| PB 0x000000009af00000| Untracked 
| 432|0x000000009b000000, 0x000000009b000000, 0x000000009b100000|  0%| F|  |TAMS 0x000000009b000000| PB 0x000000009b000000| Untracked 
| 433|0x000000009b100000, 0x000000009b100000, 0x000000009b200000|  0%| F|  |TAMS 0x000000009b100000| PB 0x000000009b100000| Untracked 
| 434|0x000000009b200000, 0x000000009b200000, 0x000000009b300000|  0%| F|  |TAMS 0x000000009b200000| PB 0x000000009b200000| Untracked 
| 435|0x000000009b300000, 0x000000009b300000, 0x000000009b400000|  0%| F|  |TAMS 0x000000009b300000| PB 0x000000009b300000| Untracked 
| 436|0x000000009b400000, 0x000000009b400000, 0x000000009b500000|  0%| F|  |TAMS 0x000000009b400000| PB 0x000000009b400000| Untracked 
| 437|0x000000009b500000, 0x000000009b500000, 0x000000009b600000|  0%| F|  |TAMS 0x000000009b500000| PB 0x000000009b500000| Untracked 
| 438|0x000000009b600000, 0x000000009b600000, 0x000000009b700000|  0%| F|  |TAMS 0x000000009b600000| PB 0x000000009b600000| Untracked 
| 439|0x000000009b700000, 0x000000009b700000, 0x000000009b800000|  0%| F|  |TAMS 0x000000009b700000| PB 0x000000009b700000| Untracked 
| 440|0x000000009b800000, 0x000000009b800000, 0x000000009b900000|  0%| F|  |TAMS 0x000000009b800000| PB 0x000000009b800000| Untracked 
| 441|0x000000009b900000, 0x000000009b900000, 0x000000009ba00000|  0%| F|  |TAMS 0x000000009b900000| PB 0x000000009b900000| Untracked 
| 442|0x000000009ba00000, 0x000000009ba00000, 0x000000009bb00000|  0%| F|  |TAMS 0x000000009ba00000| PB 0x000000009ba00000| Untracked 
| 443|0x000000009bb00000, 0x000000009bb00000, 0x000000009bc00000|  0%| F|  |TAMS 0x000000009bb00000| PB 0x000000009bb00000| Untracked 
| 444|0x000000009bc00000, 0x000000009bc00000, 0x000000009bd00000|  0%| F|  |TAMS 0x000000009bc00000| PB 0x000000009bc00000| Untracked 
| 445|0x000000009bd00000, 0x000000009bd00000, 0x000000009be00000|  0%| F|  |TAMS 0x000000009bd00000| PB 0x000000009bd00000| Untracked 
| 446|0x000000009be00000, 0x000000009be00000, 0x000000009bf00000|  0%| F|  |TAMS 0x000000009be00000| PB 0x000000009be00000| Untracked 
| 447|0x000000009bf00000, 0x000000009bf00000, 0x000000009c000000|  0%| F|  |TAMS 0x000000009bf00000| PB 0x000000009bf00000| Untracked 
| 448|0x000000009c000000, 0x000000009c000000, 0x000000009c100000|  0%| F|  |TAMS 0x000000009c000000| PB 0x000000009c000000| Untracked 
| 449|0x000000009c100000, 0x000000009c100000, 0x000000009c200000|  0%| F|  |TAMS 0x000000009c100000| PB 0x000000009c100000| Untracked 
| 450|0x000000009c200000, 0x000000009c200000, 0x000000009c300000|  0%| F|  |TAMS 0x000000009c200000| PB 0x000000009c200000| Untracked 
| 451|0x000000009c300000, 0x000000009c300000, 0x000000009c400000|  0%| F|  |TAMS 0x000000009c300000| PB 0x000000009c300000| Untracked 
| 452|0x000000009c400000, 0x000000009c400000, 0x000000009c500000|  0%| F|  |TAMS 0x000000009c400000| PB 0x000000009c400000| Untracked 
| 453|0x000000009c500000, 0x000000009c500000, 0x000000009c600000|  0%| F|  |TAMS 0x000000009c500000| PB 0x000000009c500000| Untracked 
| 454|0x000000009c600000, 0x000000009c600000, 0x000000009c700000|  0%| F|  |TAMS 0x000000009c600000| PB 0x000000009c600000| Untracked 
| 455|0x000000009c700000, 0x000000009c700000, 0x000000009c800000|  0%| F|  |TAMS 0x000000009c700000| PB 0x000000009c700000| Untracked 
| 456|0x000000009c800000, 0x000000009c800000, 0x000000009c900000|  0%| F|  |TAMS 0x000000009c800000| PB 0x000000009c800000| Untracked 
| 457|0x000000009c900000, 0x000000009c900000, 0x000000009ca00000|  0%| F|  |TAMS 0x000000009c900000| PB 0x000000009c900000| Untracked 
| 458|0x000000009ca00000, 0x000000009ca00000, 0x000000009cb00000|  0%| F|  |TAMS 0x000000009ca00000| PB 0x000000009ca00000| Untracked 
| 459|0x000000009cb00000, 0x000000009cb00000, 0x000000009cc00000|  0%| F|  |TAMS 0x000000009cb00000| PB 0x000000009cb00000| Untracked 
| 460|0x000000009cc00000, 0x000000009cc00000, 0x000000009cd00000|  0%| F|  |TAMS 0x000000009cc00000| PB 0x000000009cc00000| Untracked 
| 461|0x000000009cd00000, 0x000000009cd00000, 0x000000009ce00000|  0%| F|  |TAMS 0x000000009cd00000| PB 0x000000009cd00000| Untracked 
| 462|0x000000009ce00000, 0x000000009ce00000, 0x000000009cf00000|  0%| F|  |TAMS 0x000000009ce00000| PB 0x000000009ce00000| Untracked 
| 463|0x000000009cf00000, 0x000000009cf00000, 0x000000009d000000|  0%| F|  |TAMS 0x000000009cf00000| PB 0x000000009cf00000| Untracked 
| 464|0x000000009d000000, 0x000000009d000000, 0x000000009d100000|  0%| F|  |TAMS 0x000000009d000000| PB 0x000000009d000000| Untracked 
| 465|0x000000009d100000, 0x000000009d100000, 0x000000009d200000|  0%| F|  |TAMS 0x000000009d100000| PB 0x000000009d100000| Untracked 
| 466|0x000000009d200000, 0x000000009d200000, 0x000000009d300000|  0%| F|  |TAMS 0x000000009d200000| PB 0x000000009d200000| Untracked 
| 467|0x000000009d300000, 0x000000009d300000, 0x000000009d400000|  0%| F|  |TAMS 0x000000009d300000| PB 0x000000009d300000| Untracked 
| 468|0x000000009d400000, 0x000000009d400000, 0x000000009d500000|  0%| F|  |TAMS 0x000000009d400000| PB 0x000000009d400000| Untracked 
| 469|0x000000009d500000, 0x000000009d500000, 0x000000009d600000|  0%| F|  |TAMS 0x000000009d500000| PB 0x000000009d500000| Untracked 
| 470|0x000000009d600000, 0x000000009d600000, 0x000000009d700000|  0%| F|  |TAMS 0x000000009d600000| PB 0x000000009d600000| Untracked 
| 471|0x000000009d700000, 0x000000009d700000, 0x000000009d800000|  0%| F|  |TAMS 0x000000009d700000| PB 0x000000009d700000| Untracked 
| 472|0x000000009d800000, 0x000000009d800000, 0x000000009d900000|  0%| F|  |TAMS 0x000000009d800000| PB 0x000000009d800000| Untracked 
| 473|0x000000009d900000, 0x000000009d900000, 0x000000009da00000|  0%| F|  |TAMS 0x000000009d900000| PB 0x000000009d900000| Untracked 
| 474|0x000000009da00000, 0x000000009da00000, 0x000000009db00000|  0%| F|  |TAMS 0x000000009da00000| PB 0x000000009da00000| Untracked 
| 475|0x000000009db00000, 0x000000009db00000, 0x000000009dc00000|  0%| F|  |TAMS 0x000000009db00000| PB 0x000000009db00000| Untracked 
| 476|0x000000009dc00000, 0x000000009dc00000, 0x000000009dd00000|  0%| F|  |TAMS 0x000000009dc00000| PB 0x000000009dc00000| Untracked 
| 477|0x000000009dd00000, 0x000000009dd00000, 0x000000009de00000|  0%| F|  |TAMS 0x000000009dd00000| PB 0x000000009dd00000| Untracked 
| 478|0x000000009de00000, 0x000000009de00000, 0x000000009df00000|  0%| F|  |TAMS 0x000000009de00000| PB 0x000000009de00000| Untracked 
| 479|0x000000009df00000, 0x000000009df00000, 0x000000009e000000|  0%| F|  |TAMS 0x000000009df00000| PB 0x000000009df00000| Untracked 
| 480|0x000000009e000000, 0x000000009e000000, 0x000000009e100000|  0%| F|  |TAMS 0x000000009e000000| PB 0x000000009e000000| Untracked 
| 481|0x000000009e100000, 0x000000009e100000, 0x000000009e200000|  0%| F|  |TAMS 0x000000009e100000| PB 0x000000009e100000| Untracked 
| 482|0x000000009e200000, 0x000000009e200000, 0x000000009e300000|  0%| F|  |TAMS 0x000000009e200000| PB 0x000000009e200000| Untracked 
| 483|0x000000009e300000, 0x000000009e300000, 0x000000009e400000|  0%| F|  |TAMS 0x000000009e300000| PB 0x000000009e300000| Untracked 
| 484|0x000000009e400000, 0x000000009e400000, 0x000000009e500000|  0%| F|  |TAMS 0x000000009e400000| PB 0x000000009e400000| Untracked 
| 485|0x000000009e500000, 0x000000009e500000, 0x000000009e600000|  0%| F|  |TAMS 0x000000009e500000| PB 0x000000009e500000| Untracked 
| 486|0x000000009e600000, 0x000000009e600000, 0x000000009e700000|  0%| F|  |TAMS 0x000000009e600000| PB 0x000000009e600000| Untracked 
| 487|0x000000009e700000, 0x000000009e700000, 0x000000009e800000|  0%| F|  |TAMS 0x000000009e700000| PB 0x000000009e700000| Untracked 
| 488|0x000000009e800000, 0x000000009e800000, 0x000000009e900000|  0%| F|  |TAMS 0x000000009e800000| PB 0x000000009e800000| Untracked 
| 489|0x000000009e900000, 0x000000009e900000, 0x000000009ea00000|  0%| F|  |TAMS 0x000000009e900000| PB 0x000000009e900000| Untracked 
| 490|0x000000009ea00000, 0x000000009ea00000, 0x000000009eb00000|  0%| F|  |TAMS 0x000000009ea00000| PB 0x000000009ea00000| Untracked 
| 491|0x000000009eb00000, 0x000000009eb00000, 0x000000009ec00000|  0%| F|  |TAMS 0x000000009eb00000| PB 0x000000009eb00000| Untracked 
| 492|0x000000009ec00000, 0x000000009ec00000, 0x000000009ed00000|  0%| F|  |TAMS 0x000000009ec00000| PB 0x000000009ec00000| Untracked 
| 493|0x000000009ed00000, 0x000000009ed00000, 0x000000009ee00000|  0%| F|  |TAMS 0x000000009ed00000| PB 0x000000009ed00000| Untracked 
| 494|0x000000009ee00000, 0x000000009ee00000, 0x000000009ef00000|  0%| F|  |TAMS 0x000000009ee00000| PB 0x000000009ee00000| Untracked 
| 495|0x000000009ef00000, 0x000000009ef00000, 0x000000009f000000|  0%| F|  |TAMS 0x000000009ef00000| PB 0x000000009ef00000| Untracked 
| 496|0x000000009f000000, 0x000000009f000000, 0x000000009f100000|  0%| F|  |TAMS 0x000000009f000000| PB 0x000000009f000000| Untracked 
| 497|0x000000009f100000, 0x000000009f100000, 0x000000009f200000|  0%| F|  |TAMS 0x000000009f100000| PB 0x000000009f100000| Untracked 
| 498|0x000000009f200000, 0x000000009f200000, 0x000000009f300000|  0%| F|  |TAMS 0x000000009f200000| PB 0x000000009f200000| Untracked 
| 499|0x000000009f300000, 0x000000009f300000, 0x000000009f400000|  0%| F|  |TAMS 0x000000009f300000| PB 0x000000009f300000| Untracked 
| 500|0x000000009f400000, 0x000000009f400000, 0x000000009f500000|  0%| F|  |TAMS 0x000000009f400000| PB 0x000000009f400000| Untracked 
| 501|0x000000009f500000, 0x000000009f500000, 0x000000009f600000|  0%| F|  |TAMS 0x000000009f500000| PB 0x000000009f500000| Untracked 
| 502|0x000000009f600000, 0x000000009f600000, 0x000000009f700000|  0%| F|  |TAMS 0x000000009f600000| PB 0x000000009f600000| Untracked 
| 503|0x000000009f700000, 0x000000009f700000, 0x000000009f800000|  0%| F|  |TAMS 0x000000009f700000| PB 0x000000009f700000| Untracked 
| 504|0x000000009f800000, 0x000000009f800000, 0x000000009f900000|  0%| F|  |TAMS 0x000000009f800000| PB 0x000000009f800000| Untracked 
| 505|0x000000009f900000, 0x000000009f900000, 0x000000009fa00000|  0%| F|  |TAMS 0x000000009f900000| PB 0x000000009f900000| Untracked 
| 506|0x000000009fa00000, 0x000000009fa00000, 0x000000009fb00000|  0%| F|  |TAMS 0x000000009fa00000| PB 0x000000009fa00000| Untracked 
| 507|0x000000009fb00000, 0x000000009fb00000, 0x000000009fc00000|  0%| F|  |TAMS 0x000000009fb00000| PB 0x000000009fb00000| Untracked 
| 508|0x000000009fc00000, 0x000000009fc00000, 0x000000009fd00000|  0%| F|  |TAMS 0x000000009fc00000| PB 0x000000009fc00000| Untracked 
| 509|0x000000009fd00000, 0x000000009fd00000, 0x000000009fe00000|  0%| F|  |TAMS 0x000000009fd00000| PB 0x000000009fd00000| Untracked 
| 510|0x000000009fe00000, 0x000000009fe00000, 0x000000009ff00000|  0%| F|  |TAMS 0x000000009fe00000| PB 0x000000009fe00000| Untracked 
| 511|0x000000009ff00000, 0x000000009ff00000, 0x00000000a0000000|  0%| F|  |TAMS 0x000000009ff00000| PB 0x000000009ff00000| Untracked 
| 512|0x00000000a0000000, 0x00000000a0000000, 0x00000000a0100000|  0%| F|  |TAMS 0x00000000a0000000| PB 0x00000000a0000000| Untracked 
| 513|0x00000000a0100000, 0x00000000a0100000, 0x00000000a0200000|  0%| F|  |TAMS 0x00000000a0100000| PB 0x00000000a0100000| Untracked 
| 514|0x00000000a0200000, 0x00000000a0200000, 0x00000000a0300000|  0%| F|  |TAMS 0x00000000a0200000| PB 0x00000000a0200000| Untracked 
| 515|0x00000000a0300000, 0x00000000a0300000, 0x00000000a0400000|  0%| F|  |TAMS 0x00000000a0300000| PB 0x00000000a0300000| Untracked 
| 516|0x00000000a0400000, 0x00000000a0400000, 0x00000000a0500000|  0%| F|  |TAMS 0x00000000a0400000| PB 0x00000000a0400000| Untracked 
| 517|0x00000000a0500000, 0x00000000a0500000, 0x00000000a0600000|  0%| F|  |TAMS 0x00000000a0500000| PB 0x00000000a0500000| Untracked 
| 518|0x00000000a0600000, 0x00000000a0600000, 0x00000000a0700000|  0%| F|  |TAMS 0x00000000a0600000| PB 0x00000000a0600000| Untracked 
| 519|0x00000000a0700000, 0x00000000a0700000, 0x00000000a0800000|  0%| F|  |TAMS 0x00000000a0700000| PB 0x00000000a0700000| Untracked 
| 520|0x00000000a0800000, 0x00000000a0800000, 0x00000000a0900000|  0%| F|  |TAMS 0x00000000a0800000| PB 0x00000000a0800000| Untracked 
| 521|0x00000000a0900000, 0x00000000a0900000, 0x00000000a0a00000|  0%| F|  |TAMS 0x00000000a0900000| PB 0x00000000a0900000| Untracked 
| 522|0x00000000a0a00000, 0x00000000a0a00000, 0x00000000a0b00000|  0%| F|  |TAMS 0x00000000a0a00000| PB 0x00000000a0a00000| Untracked 
| 523|0x00000000a0b00000, 0x00000000a0b00000, 0x00000000a0c00000|  0%| F|  |TAMS 0x00000000a0b00000| PB 0x00000000a0b00000| Untracked 
| 524|0x00000000a0c00000, 0x00000000a0c00000, 0x00000000a0d00000|  0%| F|  |TAMS 0x00000000a0c00000| PB 0x00000000a0c00000| Untracked 
| 525|0x00000000a0d00000, 0x00000000a0d00000, 0x00000000a0e00000|  0%| F|  |TAMS 0x00000000a0d00000| PB 0x00000000a0d00000| Untracked 
| 526|0x00000000a0e00000, 0x00000000a0e00000, 0x00000000a0f00000|  0%| F|  |TAMS 0x00000000a0e00000| PB 0x00000000a0e00000| Untracked 
| 527|0x00000000a0f00000, 0x00000000a0f00000, 0x00000000a1000000|  0%| F|  |TAMS 0x00000000a0f00000| PB 0x00000000a0f00000| Untracked 
| 528|0x00000000a1000000, 0x00000000a1000000, 0x00000000a1100000|  0%| F|  |TAMS 0x00000000a1000000| PB 0x00000000a1000000| Untracked 
| 529|0x00000000a1100000, 0x00000000a1100000, 0x00000000a1200000|  0%| F|  |TAMS 0x00000000a1100000| PB 0x00000000a1100000| Untracked 
| 530|0x00000000a1200000, 0x00000000a1200000, 0x00000000a1300000|  0%| F|  |TAMS 0x00000000a1200000| PB 0x00000000a1200000| Untracked 
| 531|0x00000000a1300000, 0x00000000a1300000, 0x00000000a1400000|  0%| F|  |TAMS 0x00000000a1300000| PB 0x00000000a1300000| Untracked 
| 532|0x00000000a1400000, 0x00000000a1400000, 0x00000000a1500000|  0%| F|  |TAMS 0x00000000a1400000| PB 0x00000000a1400000| Untracked 
| 533|0x00000000a1500000, 0x00000000a1500000, 0x00000000a1600000|  0%| F|  |TAMS 0x00000000a1500000| PB 0x00000000a1500000| Untracked 
| 534|0x00000000a1600000, 0x00000000a1600000, 0x00000000a1700000|  0%| F|  |TAMS 0x00000000a1600000| PB 0x00000000a1600000| Untracked 
| 535|0x00000000a1700000, 0x00000000a1700000, 0x00000000a1800000|  0%| F|  |TAMS 0x00000000a1700000| PB 0x00000000a1700000| Untracked 
| 536|0x00000000a1800000, 0x00000000a1800000, 0x00000000a1900000|  0%| F|  |TAMS 0x00000000a1800000| PB 0x00000000a1800000| Untracked 
| 537|0x00000000a1900000, 0x00000000a1900000, 0x00000000a1a00000|  0%| F|  |TAMS 0x00000000a1900000| PB 0x00000000a1900000| Untracked 
| 538|0x00000000a1a00000, 0x00000000a1a00000, 0x00000000a1b00000|  0%| F|  |TAMS 0x00000000a1a00000| PB 0x00000000a1a00000| Untracked 
| 539|0x00000000a1b00000, 0x00000000a1b00000, 0x00000000a1c00000|  0%| F|  |TAMS 0x00000000a1b00000| PB 0x00000000a1b00000| Untracked 
| 540|0x00000000a1c00000, 0x00000000a1c00000, 0x00000000a1d00000|  0%| F|  |TAMS 0x00000000a1c00000| PB 0x00000000a1c00000| Untracked 
| 541|0x00000000a1d00000, 0x00000000a1d00000, 0x00000000a1e00000|  0%| F|  |TAMS 0x00000000a1d00000| PB 0x00000000a1d00000| Untracked 
| 542|0x00000000a1e00000, 0x00000000a1e00000, 0x00000000a1f00000|  0%| F|  |TAMS 0x00000000a1e00000| PB 0x00000000a1e00000| Untracked 
| 543|0x00000000a1f00000, 0x00000000a1f00000, 0x00000000a2000000|  0%| F|  |TAMS 0x00000000a1f00000| PB 0x00000000a1f00000| Untracked 
| 544|0x00000000a2000000, 0x00000000a2000000, 0x00000000a2100000|  0%| F|  |TAMS 0x00000000a2000000| PB 0x00000000a2000000| Untracked 
| 545|0x00000000a2100000, 0x00000000a2100000, 0x00000000a2200000|  0%| F|  |TAMS 0x00000000a2100000| PB 0x00000000a2100000| Untracked 
| 546|0x00000000a2200000, 0x00000000a2200000, 0x00000000a2300000|  0%| F|  |TAMS 0x00000000a2200000| PB 0x00000000a2200000| Untracked 
| 547|0x00000000a2300000, 0x00000000a2300000, 0x00000000a2400000|  0%| F|  |TAMS 0x00000000a2300000| PB 0x00000000a2300000| Untracked 
| 548|0x00000000a2400000, 0x00000000a2400000, 0x00000000a2500000|  0%| F|  |TAMS 0x00000000a2400000| PB 0x00000000a2400000| Untracked 
| 549|0x00000000a2500000, 0x00000000a2500000, 0x00000000a2600000|  0%| F|  |TAMS 0x00000000a2500000| PB 0x00000000a2500000| Untracked 
| 550|0x00000000a2600000, 0x00000000a2600000, 0x00000000a2700000|  0%| F|  |TAMS 0x00000000a2600000| PB 0x00000000a2600000| Untracked 
| 551|0x00000000a2700000, 0x00000000a2700000, 0x00000000a2800000|  0%| F|  |TAMS 0x00000000a2700000| PB 0x00000000a2700000| Untracked 
| 552|0x00000000a2800000, 0x00000000a2800000, 0x00000000a2900000|  0%| F|  |TAMS 0x00000000a2800000| PB 0x00000000a2800000| Untracked 
| 553|0x00000000a2900000, 0x00000000a2900000, 0x00000000a2a00000|  0%| F|  |TAMS 0x00000000a2900000| PB 0x00000000a2900000| Untracked 
| 554|0x00000000a2a00000, 0x00000000a2a00000, 0x00000000a2b00000|  0%| F|  |TAMS 0x00000000a2a00000| PB 0x00000000a2a00000| Untracked 
| 555|0x00000000a2b00000, 0x00000000a2b00000, 0x00000000a2c00000|  0%| F|  |TAMS 0x00000000a2b00000| PB 0x00000000a2b00000| Untracked 
| 556|0x00000000a2c00000, 0x00000000a2c00000, 0x00000000a2d00000|  0%| F|  |TAMS 0x00000000a2c00000| PB 0x00000000a2c00000| Untracked 
| 557|0x00000000a2d00000, 0x00000000a2d00000, 0x00000000a2e00000|  0%| F|  |TAMS 0x00000000a2d00000| PB 0x00000000a2d00000| Untracked 
| 558|0x00000000a2e00000, 0x00000000a2e00000, 0x00000000a2f00000|  0%| F|  |TAMS 0x00000000a2e00000| PB 0x00000000a2e00000| Untracked 
| 559|0x00000000a2f00000, 0x00000000a2f00000, 0x00000000a3000000|  0%| F|  |TAMS 0x00000000a2f00000| PB 0x00000000a2f00000| Untracked 
| 560|0x00000000a3000000, 0x00000000a3000000, 0x00000000a3100000|  0%| F|  |TAMS 0x00000000a3000000| PB 0x00000000a3000000| Untracked 
| 561|0x00000000a3100000, 0x00000000a3100000, 0x00000000a3200000|  0%| F|  |TAMS 0x00000000a3100000| PB 0x00000000a3100000| Untracked 
| 562|0x00000000a3200000, 0x00000000a3200000, 0x00000000a3300000|  0%| F|  |TAMS 0x00000000a3200000| PB 0x00000000a3200000| Untracked 
| 563|0x00000000a3300000, 0x00000000a3300000, 0x00000000a3400000|  0%| F|  |TAMS 0x00000000a3300000| PB 0x00000000a3300000| Untracked 
| 564|0x00000000a3400000, 0x00000000a3400000, 0x00000000a3500000|  0%| F|  |TAMS 0x00000000a3400000| PB 0x00000000a3400000| Untracked 
| 565|0x00000000a3500000, 0x00000000a3500000, 0x00000000a3600000|  0%| F|  |TAMS 0x00000000a3500000| PB 0x00000000a3500000| Untracked 
| 566|0x00000000a3600000, 0x00000000a3600000, 0x00000000a3700000|  0%| F|  |TAMS 0x00000000a3600000| PB 0x00000000a3600000| Untracked 
| 567|0x00000000a3700000, 0x00000000a3700000, 0x00000000a3800000|  0%| F|  |TAMS 0x00000000a3700000| PB 0x00000000a3700000| Untracked 
| 568|0x00000000a3800000, 0x00000000a3800000, 0x00000000a3900000|  0%| F|  |TAMS 0x00000000a3800000| PB 0x00000000a3800000| Untracked 
| 569|0x00000000a3900000, 0x00000000a3900000, 0x00000000a3a00000|  0%| F|  |TAMS 0x00000000a3900000| PB 0x00000000a3900000| Untracked 
| 570|0x00000000a3a00000, 0x00000000a3a00000, 0x00000000a3b00000|  0%| F|  |TAMS 0x00000000a3a00000| PB 0x00000000a3a00000| Untracked 
| 571|0x00000000a3b00000, 0x00000000a3b00000, 0x00000000a3c00000|  0%| F|  |TAMS 0x00000000a3b00000| PB 0x00000000a3b00000| Untracked 
| 572|0x00000000a3c00000, 0x00000000a3c00000, 0x00000000a3d00000|  0%| F|  |TAMS 0x00000000a3c00000| PB 0x00000000a3c00000| Untracked 
| 573|0x00000000a3d00000, 0x00000000a3d00000, 0x00000000a3e00000|  0%| F|  |TAMS 0x00000000a3d00000| PB 0x00000000a3d00000| Untracked 
| 574|0x00000000a3e00000, 0x00000000a3e00000, 0x00000000a3f00000|  0%| F|  |TAMS 0x00000000a3e00000| PB 0x00000000a3e00000| Untracked 
| 575|0x00000000a3f00000, 0x00000000a3f00000, 0x00000000a4000000|  0%| F|  |TAMS 0x00000000a3f00000| PB 0x00000000a3f00000| Untracked 
| 576|0x00000000a4000000, 0x00000000a4000000, 0x00000000a4100000|  0%| F|  |TAMS 0x00000000a4000000| PB 0x00000000a4000000| Untracked 
| 577|0x00000000a4100000, 0x00000000a4100000, 0x00000000a4200000|  0%| F|  |TAMS 0x00000000a4100000| PB 0x00000000a4100000| Untracked 
| 578|0x00000000a4200000, 0x00000000a4200000, 0x00000000a4300000|  0%| F|  |TAMS 0x00000000a4200000| PB 0x00000000a4200000| Untracked 
| 579|0x00000000a4300000, 0x00000000a4300000, 0x00000000a4400000|  0%| F|  |TAMS 0x00000000a4300000| PB 0x00000000a4300000| Untracked 
| 580|0x00000000a4400000, 0x00000000a4400000, 0x00000000a4500000|  0%| F|  |TAMS 0x00000000a4400000| PB 0x00000000a4400000| Untracked 
| 581|0x00000000a4500000, 0x00000000a4500000, 0x00000000a4600000|  0%| F|  |TAMS 0x00000000a4500000| PB 0x00000000a4500000| Untracked 
| 582|0x00000000a4600000, 0x00000000a4600000, 0x00000000a4700000|  0%| F|  |TAMS 0x00000000a4600000| PB 0x00000000a4600000| Untracked 
| 583|0x00000000a4700000, 0x00000000a4700000, 0x00000000a4800000|  0%| F|  |TAMS 0x00000000a4700000| PB 0x00000000a4700000| Untracked 
| 584|0x00000000a4800000, 0x00000000a4800000, 0x00000000a4900000|  0%| F|  |TAMS 0x00000000a4800000| PB 0x00000000a4800000| Untracked 
| 585|0x00000000a4900000, 0x00000000a4900000, 0x00000000a4a00000|  0%| F|  |TAMS 0x00000000a4900000| PB 0x00000000a4900000| Untracked 
| 586|0x00000000a4a00000, 0x00000000a4a00000, 0x00000000a4b00000|  0%| F|  |TAMS 0x00000000a4a00000| PB 0x00000000a4a00000| Untracked 
| 587|0x00000000a4b00000, 0x00000000a4b00000, 0x00000000a4c00000|  0%| F|  |TAMS 0x00000000a4b00000| PB 0x00000000a4b00000| Untracked 
| 588|0x00000000a4c00000, 0x00000000a4c00000, 0x00000000a4d00000|  0%| F|  |TAMS 0x00000000a4c00000| PB 0x00000000a4c00000| Untracked 
| 589|0x00000000a4d00000, 0x00000000a4d00000, 0x00000000a4e00000|  0%| F|  |TAMS 0x00000000a4d00000| PB 0x00000000a4d00000| Untracked 
| 590|0x00000000a4e00000, 0x00000000a4e00000, 0x00000000a4f00000|  0%| F|  |TAMS 0x00000000a4e00000| PB 0x00000000a4e00000| Untracked 
| 591|0x00000000a4f00000, 0x00000000a4f00000, 0x00000000a5000000|  0%| F|  |TAMS 0x00000000a4f00000| PB 0x00000000a4f00000| Untracked 
| 592|0x00000000a5000000, 0x00000000a5000000, 0x00000000a5100000|  0%| F|  |TAMS 0x00000000a5000000| PB 0x00000000a5000000| Untracked 
| 593|0x00000000a5100000, 0x00000000a5100000, 0x00000000a5200000|  0%| F|  |TAMS 0x00000000a5100000| PB 0x00000000a5100000| Untracked 
| 594|0x00000000a5200000, 0x00000000a5200000, 0x00000000a5300000|  0%| F|  |TAMS 0x00000000a5200000| PB 0x00000000a5200000| Untracked 
| 595|0x00000000a5300000, 0x00000000a5300000, 0x00000000a5400000|  0%| F|  |TAMS 0x00000000a5300000| PB 0x00000000a5300000| Untracked 
| 596|0x00000000a5400000, 0x00000000a5400000, 0x00000000a5500000|  0%| F|  |TAMS 0x00000000a5400000| PB 0x00000000a5400000| Untracked 
| 597|0x00000000a5500000, 0x00000000a5500000, 0x00000000a5600000|  0%| F|  |TAMS 0x00000000a5500000| PB 0x00000000a5500000| Untracked 
| 598|0x00000000a5600000, 0x00000000a5600000, 0x00000000a5700000|  0%| F|  |TAMS 0x00000000a5600000| PB 0x00000000a5600000| Untracked 
| 599|0x00000000a5700000, 0x00000000a5700000, 0x00000000a5800000|  0%| F|  |TAMS 0x00000000a5700000| PB 0x00000000a5700000| Untracked 
| 600|0x00000000a5800000, 0x00000000a5800000, 0x00000000a5900000|  0%| F|  |TAMS 0x00000000a5800000| PB 0x00000000a5800000| Untracked 
| 601|0x00000000a5900000, 0x00000000a5900000, 0x00000000a5a00000|  0%| F|  |TAMS 0x00000000a5900000| PB 0x00000000a5900000| Untracked 
| 602|0x00000000a5a00000, 0x00000000a5a00000, 0x00000000a5b00000|  0%| F|  |TAMS 0x00000000a5a00000| PB 0x00000000a5a00000| Untracked 
| 603|0x00000000a5b00000, 0x00000000a5b00000, 0x00000000a5c00000|  0%| F|  |TAMS 0x00000000a5b00000| PB 0x00000000a5b00000| Untracked 
| 604|0x00000000a5c00000, 0x00000000a5c00000, 0x00000000a5d00000|  0%| F|  |TAMS 0x00000000a5c00000| PB 0x00000000a5c00000| Untracked 
| 605|0x00000000a5d00000, 0x00000000a5d00000, 0x00000000a5e00000|  0%| F|  |TAMS 0x00000000a5d00000| PB 0x00000000a5d00000| Untracked 
| 606|0x00000000a5e00000, 0x00000000a5e00000, 0x00000000a5f00000|  0%| F|  |TAMS 0x00000000a5e00000| PB 0x00000000a5e00000| Untracked 
| 607|0x00000000a5f00000, 0x00000000a5f00000, 0x00000000a6000000|  0%| F|  |TAMS 0x00000000a5f00000| PB 0x00000000a5f00000| Untracked 
| 608|0x00000000a6000000, 0x00000000a6000000, 0x00000000a6100000|  0%| F|  |TAMS 0x00000000a6000000| PB 0x00000000a6000000| Untracked 
| 609|0x00000000a6100000, 0x00000000a6100000, 0x00000000a6200000|  0%| F|  |TAMS 0x00000000a6100000| PB 0x00000000a6100000| Untracked 
| 610|0x00000000a6200000, 0x00000000a6200000, 0x00000000a6300000|  0%| F|  |TAMS 0x00000000a6200000| PB 0x00000000a6200000| Untracked 
| 611|0x00000000a6300000, 0x00000000a6300000, 0x00000000a6400000|  0%| F|  |TAMS 0x00000000a6300000| PB 0x00000000a6300000| Untracked 
| 612|0x00000000a6400000, 0x00000000a6400000, 0x00000000a6500000|  0%| F|  |TAMS 0x00000000a6400000| PB 0x00000000a6400000| Untracked 
| 613|0x00000000a6500000, 0x00000000a6500000, 0x00000000a6600000|  0%| F|  |TAMS 0x00000000a6500000| PB 0x00000000a6500000| Untracked 
| 614|0x00000000a6600000, 0x00000000a6600000, 0x00000000a6700000|  0%| F|  |TAMS 0x00000000a6600000| PB 0x00000000a6600000| Untracked 
| 615|0x00000000a6700000, 0x00000000a6700000, 0x00000000a6800000|  0%| F|  |TAMS 0x00000000a6700000| PB 0x00000000a6700000| Untracked 
| 616|0x00000000a6800000, 0x00000000a6800000, 0x00000000a6900000|  0%| F|  |TAMS 0x00000000a6800000| PB 0x00000000a6800000| Untracked 
| 617|0x00000000a6900000, 0x00000000a6900000, 0x00000000a6a00000|  0%| F|  |TAMS 0x00000000a6900000| PB 0x00000000a6900000| Untracked 
| 618|0x00000000a6a00000, 0x00000000a6a00000, 0x00000000a6b00000|  0%| F|  |TAMS 0x00000000a6a00000| PB 0x00000000a6a00000| Untracked 
| 619|0x00000000a6b00000, 0x00000000a6b00000, 0x00000000a6c00000|  0%| F|  |TAMS 0x00000000a6b00000| PB 0x00000000a6b00000| Untracked 
| 620|0x00000000a6c00000, 0x00000000a6c00000, 0x00000000a6d00000|  0%| F|  |TAMS 0x00000000a6c00000| PB 0x00000000a6c00000| Untracked 
| 621|0x00000000a6d00000, 0x00000000a6d00000, 0x00000000a6e00000|  0%| F|  |TAMS 0x00000000a6d00000| PB 0x00000000a6d00000| Untracked 
| 622|0x00000000a6e00000, 0x00000000a6e00000, 0x00000000a6f00000|  0%| F|  |TAMS 0x00000000a6e00000| PB 0x00000000a6e00000| Untracked 
| 623|0x00000000a6f00000, 0x00000000a6f00000, 0x00000000a7000000|  0%| F|  |TAMS 0x00000000a6f00000| PB 0x00000000a6f00000| Untracked 
| 624|0x00000000a7000000, 0x00000000a7000000, 0x00000000a7100000|  0%| F|  |TAMS 0x00000000a7000000| PB 0x00000000a7000000| Untracked 
| 625|0x00000000a7100000, 0x00000000a7100000, 0x00000000a7200000|  0%| F|  |TAMS 0x00000000a7100000| PB 0x00000000a7100000| Untracked 
| 626|0x00000000a7200000, 0x00000000a7200000, 0x00000000a7300000|  0%| F|  |TAMS 0x00000000a7200000| PB 0x00000000a7200000| Untracked 
| 627|0x00000000a7300000, 0x00000000a7300000, 0x00000000a7400000|  0%| F|  |TAMS 0x00000000a7300000| PB 0x00000000a7300000| Untracked 
| 628|0x00000000a7400000, 0x00000000a7400000, 0x00000000a7500000|  0%| F|  |TAMS 0x00000000a7400000| PB 0x00000000a7400000| Untracked 
| 629|0x00000000a7500000, 0x00000000a7500000, 0x00000000a7600000|  0%| F|  |TAMS 0x00000000a7500000| PB 0x00000000a7500000| Untracked 
| 630|0x00000000a7600000, 0x00000000a7600000, 0x00000000a7700000|  0%| F|  |TAMS 0x00000000a7600000| PB 0x00000000a7600000| Untracked 
| 631|0x00000000a7700000, 0x00000000a7700000, 0x00000000a7800000|  0%| F|  |TAMS 0x00000000a7700000| PB 0x00000000a7700000| Untracked 
| 632|0x00000000a7800000, 0x00000000a7800000, 0x00000000a7900000|  0%| F|  |TAMS 0x00000000a7800000| PB 0x00000000a7800000| Untracked 
| 633|0x00000000a7900000, 0x00000000a7900000, 0x00000000a7a00000|  0%| F|  |TAMS 0x00000000a7900000| PB 0x00000000a7900000| Untracked 
| 634|0x00000000a7a00000, 0x00000000a7a00000, 0x00000000a7b00000|  0%| F|  |TAMS 0x00000000a7a00000| PB 0x00000000a7a00000| Untracked 
| 635|0x00000000a7b00000, 0x00000000a7b00000, 0x00000000a7c00000|  0%| F|  |TAMS 0x00000000a7b00000| PB 0x00000000a7b00000| Untracked 
| 636|0x00000000a7c00000, 0x00000000a7c00000, 0x00000000a7d00000|  0%| F|  |TAMS 0x00000000a7c00000| PB 0x00000000a7c00000| Untracked 
| 637|0x00000000a7d00000, 0x00000000a7d00000, 0x00000000a7e00000|  0%| F|  |TAMS 0x00000000a7d00000| PB 0x00000000a7d00000| Untracked 
| 638|0x00000000a7e00000, 0x00000000a7e00000, 0x00000000a7f00000|  0%| F|  |TAMS 0x00000000a7e00000| PB 0x00000000a7e00000| Untracked 
| 639|0x00000000a7f00000, 0x00000000a7f00000, 0x00000000a8000000|  0%| F|  |TAMS 0x00000000a7f00000| PB 0x00000000a7f00000| Untracked 
| 640|0x00000000a8000000, 0x00000000a8000000, 0x00000000a8100000|  0%| F|  |TAMS 0x00000000a8000000| PB 0x00000000a8000000| Untracked 
| 641|0x00000000a8100000, 0x00000000a8100000, 0x00000000a8200000|  0%| F|  |TAMS 0x00000000a8100000| PB 0x00000000a8100000| Untracked 
| 642|0x00000000a8200000, 0x00000000a8200000, 0x00000000a8300000|  0%| F|  |TAMS 0x00000000a8200000| PB 0x00000000a8200000| Untracked 
| 643|0x00000000a8300000, 0x00000000a8300000, 0x00000000a8400000|  0%| F|  |TAMS 0x00000000a8300000| PB 0x00000000a8300000| Untracked 
| 644|0x00000000a8400000, 0x00000000a8400000, 0x00000000a8500000|  0%| F|  |TAMS 0x00000000a8400000| PB 0x00000000a8400000| Untracked 
| 645|0x00000000a8500000, 0x00000000a8500000, 0x00000000a8600000|  0%| F|  |TAMS 0x00000000a8500000| PB 0x00000000a8500000| Untracked 
| 646|0x00000000a8600000, 0x00000000a8600000, 0x00000000a8700000|  0%| F|  |TAMS 0x00000000a8600000| PB 0x00000000a8600000| Untracked 
| 647|0x00000000a8700000, 0x00000000a8700000, 0x00000000a8800000|  0%| F|  |TAMS 0x00000000a8700000| PB 0x00000000a8700000| Untracked 
| 648|0x00000000a8800000, 0x00000000a8800000, 0x00000000a8900000|  0%| F|  |TAMS 0x00000000a8800000| PB 0x00000000a8800000| Untracked 
| 649|0x00000000a8900000, 0x00000000a8900000, 0x00000000a8a00000|  0%| F|  |TAMS 0x00000000a8900000| PB 0x00000000a8900000| Untracked 
| 650|0x00000000a8a00000, 0x00000000a8a00000, 0x00000000a8b00000|  0%| F|  |TAMS 0x00000000a8a00000| PB 0x00000000a8a00000| Untracked 
| 651|0x00000000a8b00000, 0x00000000a8b00000, 0x00000000a8c00000|  0%| F|  |TAMS 0x00000000a8b00000| PB 0x00000000a8b00000| Untracked 
| 652|0x00000000a8c00000, 0x00000000a8c00000, 0x00000000a8d00000|  0%| F|  |TAMS 0x00000000a8c00000| PB 0x00000000a8c00000| Untracked 
| 653|0x00000000a8d00000, 0x00000000a8d00000, 0x00000000a8e00000|  0%| F|  |TAMS 0x00000000a8d00000| PB 0x00000000a8d00000| Untracked 
| 654|0x00000000a8e00000, 0x00000000a8e00000, 0x00000000a8f00000|  0%| F|  |TAMS 0x00000000a8e00000| PB 0x00000000a8e00000| Untracked 
| 655|0x00000000a8f00000, 0x00000000a8f00000, 0x00000000a9000000|  0%| F|  |TAMS 0x00000000a8f00000| PB 0x00000000a8f00000| Untracked 
| 656|0x00000000a9000000, 0x00000000a9000000, 0x00000000a9100000|  0%| F|  |TAMS 0x00000000a9000000| PB 0x00000000a9000000| Untracked 
| 657|0x00000000a9100000, 0x00000000a9100000, 0x00000000a9200000|  0%| F|  |TAMS 0x00000000a9100000| PB 0x00000000a9100000| Untracked 
| 658|0x00000000a9200000, 0x00000000a9200000, 0x00000000a9300000|  0%| F|  |TAMS 0x00000000a9200000| PB 0x00000000a9200000| Untracked 
| 659|0x00000000a9300000, 0x00000000a9300000, 0x00000000a9400000|  0%| F|  |TAMS 0x00000000a9300000| PB 0x00000000a9300000| Untracked 
| 660|0x00000000a9400000, 0x00000000a9400000, 0x00000000a9500000|  0%| F|  |TAMS 0x00000000a9400000| PB 0x00000000a9400000| Untracked 
| 661|0x00000000a9500000, 0x00000000a9500000, 0x00000000a9600000|  0%| F|  |TAMS 0x00000000a9500000| PB 0x00000000a9500000| Untracked 
| 662|0x00000000a9600000, 0x00000000a9600000, 0x00000000a9700000|  0%| F|  |TAMS 0x00000000a9600000| PB 0x00000000a9600000| Untracked 
| 663|0x00000000a9700000, 0x00000000a9700000, 0x00000000a9800000|  0%| F|  |TAMS 0x00000000a9700000| PB 0x00000000a9700000| Untracked 
| 664|0x00000000a9800000, 0x00000000a9800000, 0x00000000a9900000|  0%| F|  |TAMS 0x00000000a9800000| PB 0x00000000a9800000| Untracked 
| 665|0x00000000a9900000, 0x00000000a9900000, 0x00000000a9a00000|  0%| F|  |TAMS 0x00000000a9900000| PB 0x00000000a9900000| Untracked 
| 666|0x00000000a9a00000, 0x00000000a9a00000, 0x00000000a9b00000|  0%| F|  |TAMS 0x00000000a9a00000| PB 0x00000000a9a00000| Untracked 
| 667|0x00000000a9b00000, 0x00000000a9b00000, 0x00000000a9c00000|  0%| F|  |TAMS 0x00000000a9b00000| PB 0x00000000a9b00000| Untracked 
| 668|0x00000000a9c00000, 0x00000000a9c00000, 0x00000000a9d00000|  0%| F|  |TAMS 0x00000000a9c00000| PB 0x00000000a9c00000| Untracked 
| 669|0x00000000a9d00000, 0x00000000a9d00000, 0x00000000a9e00000|  0%| F|  |TAMS 0x00000000a9d00000| PB 0x00000000a9d00000| Untracked 
| 670|0x00000000a9e00000, 0x00000000a9e00000, 0x00000000a9f00000|  0%| F|  |TAMS 0x00000000a9e00000| PB 0x00000000a9e00000| Untracked 
| 671|0x00000000a9f00000, 0x00000000a9f00000, 0x00000000aa000000|  0%| F|  |TAMS 0x00000000a9f00000| PB 0x00000000a9f00000| Untracked 
| 672|0x00000000aa000000, 0x00000000aa000000, 0x00000000aa100000|  0%| F|  |TAMS 0x00000000aa000000| PB 0x00000000aa000000| Untracked 
| 673|0x00000000aa100000, 0x00000000aa100000, 0x00000000aa200000|  0%| F|  |TAMS 0x00000000aa100000| PB 0x00000000aa100000| Untracked 
| 674|0x00000000aa200000, 0x00000000aa200000, 0x00000000aa300000|  0%| F|  |TAMS 0x00000000aa200000| PB 0x00000000aa200000| Untracked 
| 675|0x00000000aa300000, 0x00000000aa300000, 0x00000000aa400000|  0%| F|  |TAMS 0x00000000aa300000| PB 0x00000000aa300000| Untracked 
| 676|0x00000000aa400000, 0x00000000aa400000, 0x00000000aa500000|  0%| F|  |TAMS 0x00000000aa400000| PB 0x00000000aa400000| Untracked 
| 677|0x00000000aa500000, 0x00000000aa500000, 0x00000000aa600000|  0%| F|  |TAMS 0x00000000aa500000| PB 0x00000000aa500000| Untracked 
| 678|0x00000000aa600000, 0x00000000aa600000, 0x00000000aa700000|  0%| F|  |TAMS 0x00000000aa600000| PB 0x00000000aa600000| Untracked 
| 679|0x00000000aa700000, 0x00000000aa700000, 0x00000000aa800000|  0%| F|  |TAMS 0x00000000aa700000| PB 0x00000000aa700000| Untracked 
| 680|0x00000000aa800000, 0x00000000aa800000, 0x00000000aa900000|  0%| F|  |TAMS 0x00000000aa800000| PB 0x00000000aa800000| Untracked 
| 681|0x00000000aa900000, 0x00000000aa900000, 0x00000000aaa00000|  0%| F|  |TAMS 0x00000000aa900000| PB 0x00000000aa900000| Untracked 
| 682|0x00000000aaa00000, 0x00000000aaa00000, 0x00000000aab00000|  0%| F|  |TAMS 0x00000000aaa00000| PB 0x00000000aaa00000| Untracked 
| 683|0x00000000aab00000, 0x00000000aab00000, 0x00000000aac00000|  0%| F|  |TAMS 0x00000000aab00000| PB 0x00000000aab00000| Untracked 
| 684|0x00000000aac00000, 0x00000000aac00000, 0x00000000aad00000|  0%| F|  |TAMS 0x00000000aac00000| PB 0x00000000aac00000| Untracked 
| 685|0x00000000aad00000, 0x00000000aad00000, 0x00000000aae00000|  0%| F|  |TAMS 0x00000000aad00000| PB 0x00000000aad00000| Untracked 
| 686|0x00000000aae00000, 0x00000000aae00000, 0x00000000aaf00000|  0%| F|  |TAMS 0x00000000aae00000| PB 0x00000000aae00000| Untracked 
| 687|0x00000000aaf00000, 0x00000000aaf00000, 0x00000000ab000000|  0%| F|  |TAMS 0x00000000aaf00000| PB 0x00000000aaf00000| Untracked 
| 688|0x00000000ab000000, 0x00000000ab000000, 0x00000000ab100000|  0%| F|  |TAMS 0x00000000ab000000| PB 0x00000000ab000000| Untracked 
| 689|0x00000000ab100000, 0x00000000ab100000, 0x00000000ab200000|  0%| F|  |TAMS 0x00000000ab100000| PB 0x00000000ab100000| Untracked 
| 690|0x00000000ab200000, 0x00000000ab200000, 0x00000000ab300000|  0%| F|  |TAMS 0x00000000ab200000| PB 0x00000000ab200000| Untracked 
| 691|0x00000000ab300000, 0x00000000ab300000, 0x00000000ab400000|  0%| F|  |TAMS 0x00000000ab300000| PB 0x00000000ab300000| Untracked 
| 692|0x00000000ab400000, 0x00000000ab400000, 0x00000000ab500000|  0%| F|  |TAMS 0x00000000ab400000| PB 0x00000000ab400000| Untracked 
| 693|0x00000000ab500000, 0x00000000ab500000, 0x00000000ab600000|  0%| F|  |TAMS 0x00000000ab500000| PB 0x00000000ab500000| Untracked 
| 694|0x00000000ab600000, 0x00000000ab600000, 0x00000000ab700000|  0%| F|  |TAMS 0x00000000ab600000| PB 0x00000000ab600000| Untracked 
| 695|0x00000000ab700000, 0x00000000ab700000, 0x00000000ab800000|  0%| F|  |TAMS 0x00000000ab700000| PB 0x00000000ab700000| Untracked 
| 696|0x00000000ab800000, 0x00000000ab800000, 0x00000000ab900000|  0%| F|  |TAMS 0x00000000ab800000| PB 0x00000000ab800000| Untracked 
| 697|0x00000000ab900000, 0x00000000ab900000, 0x00000000aba00000|  0%| F|  |TAMS 0x00000000ab900000| PB 0x00000000ab900000| Untracked 
| 698|0x00000000aba00000, 0x00000000aba00000, 0x00000000abb00000|  0%| F|  |TAMS 0x00000000aba00000| PB 0x00000000aba00000| Untracked 
| 699|0x00000000abb00000, 0x00000000abb00000, 0x00000000abc00000|  0%| F|  |TAMS 0x00000000abb00000| PB 0x00000000abb00000| Untracked 
| 700|0x00000000abc00000, 0x00000000abc00000, 0x00000000abd00000|  0%| F|  |TAMS 0x00000000abc00000| PB 0x00000000abc00000| Untracked 
| 701|0x00000000abd00000, 0x00000000abd00000, 0x00000000abe00000|  0%| F|  |TAMS 0x00000000abd00000| PB 0x00000000abd00000| Untracked 
| 702|0x00000000abe00000, 0x00000000abe00000, 0x00000000abf00000|  0%| F|  |TAMS 0x00000000abe00000| PB 0x00000000abe00000| Untracked 
| 703|0x00000000abf00000, 0x00000000abf00000, 0x00000000ac000000|  0%| F|  |TAMS 0x00000000abf00000| PB 0x00000000abf00000| Untracked 
| 704|0x00000000ac000000, 0x00000000ac000000, 0x00000000ac100000|  0%| F|  |TAMS 0x00000000ac000000| PB 0x00000000ac000000| Untracked 
| 705|0x00000000ac100000, 0x00000000ac100000, 0x00000000ac200000|  0%| F|  |TAMS 0x00000000ac100000| PB 0x00000000ac100000| Untracked 
| 706|0x00000000ac200000, 0x00000000ac200000, 0x00000000ac300000|  0%| F|  |TAMS 0x00000000ac200000| PB 0x00000000ac200000| Untracked 
| 707|0x00000000ac300000, 0x00000000ac300000, 0x00000000ac400000|  0%| F|  |TAMS 0x00000000ac300000| PB 0x00000000ac300000| Untracked 
| 708|0x00000000ac400000, 0x00000000ac400000, 0x00000000ac500000|  0%| F|  |TAMS 0x00000000ac400000| PB 0x00000000ac400000| Untracked 
| 709|0x00000000ac500000, 0x00000000ac500000, 0x00000000ac600000|  0%| F|  |TAMS 0x00000000ac500000| PB 0x00000000ac500000| Untracked 
| 710|0x00000000ac600000, 0x00000000ac600000, 0x00000000ac700000|  0%| F|  |TAMS 0x00000000ac600000| PB 0x00000000ac600000| Untracked 
| 711|0x00000000ac700000, 0x00000000ac700000, 0x00000000ac800000|  0%| F|  |TAMS 0x00000000ac700000| PB 0x00000000ac700000| Untracked 
| 712|0x00000000ac800000, 0x00000000ac800000, 0x00000000ac900000|  0%| F|  |TAMS 0x00000000ac800000| PB 0x00000000ac800000| Untracked 
| 713|0x00000000ac900000, 0x00000000ac900000, 0x00000000aca00000|  0%| F|  |TAMS 0x00000000ac900000| PB 0x00000000ac900000| Untracked 
| 714|0x00000000aca00000, 0x00000000aca00000, 0x00000000acb00000|  0%| F|  |TAMS 0x00000000aca00000| PB 0x00000000aca00000| Untracked 
| 715|0x00000000acb00000, 0x00000000acb00000, 0x00000000acc00000|  0%| F|  |TAMS 0x00000000acb00000| PB 0x00000000acb00000| Untracked 
| 716|0x00000000acc00000, 0x00000000acc00000, 0x00000000acd00000|  0%| F|  |TAMS 0x00000000acc00000| PB 0x00000000acc00000| Untracked 
| 717|0x00000000acd00000, 0x00000000acd00000, 0x00000000ace00000|  0%| F|  |TAMS 0x00000000acd00000| PB 0x00000000acd00000| Untracked 
| 718|0x00000000ace00000, 0x00000000ace00000, 0x00000000acf00000|  0%| F|  |TAMS 0x00000000ace00000| PB 0x00000000ace00000| Untracked 
| 719|0x00000000acf00000, 0x00000000acf00000, 0x00000000ad000000|  0%| F|  |TAMS 0x00000000acf00000| PB 0x00000000acf00000| Untracked 
| 720|0x00000000ad000000, 0x00000000ad000000, 0x00000000ad100000|  0%| F|  |TAMS 0x00000000ad000000| PB 0x00000000ad000000| Untracked 
| 721|0x00000000ad100000, 0x00000000ad100000, 0x00000000ad200000|  0%| F|  |TAMS 0x00000000ad100000| PB 0x00000000ad100000| Untracked 
| 722|0x00000000ad200000, 0x00000000ad200000, 0x00000000ad300000|  0%| F|  |TAMS 0x00000000ad200000| PB 0x00000000ad200000| Untracked 
| 723|0x00000000ad300000, 0x00000000ad300000, 0x00000000ad400000|  0%| F|  |TAMS 0x00000000ad300000| PB 0x00000000ad300000| Untracked 
| 724|0x00000000ad400000, 0x00000000ad400000, 0x00000000ad500000|  0%| F|  |TAMS 0x00000000ad400000| PB 0x00000000ad400000| Untracked 
| 725|0x00000000ad500000, 0x00000000ad500000, 0x00000000ad600000|  0%| F|  |TAMS 0x00000000ad500000| PB 0x00000000ad500000| Untracked 
| 726|0x00000000ad600000, 0x00000000ad600000, 0x00000000ad700000|  0%| F|  |TAMS 0x00000000ad600000| PB 0x00000000ad600000| Untracked 
| 727|0x00000000ad700000, 0x00000000ad700000, 0x00000000ad800000|  0%| F|  |TAMS 0x00000000ad700000| PB 0x00000000ad700000| Untracked 
| 728|0x00000000ad800000, 0x00000000ad800000, 0x00000000ad900000|  0%| F|  |TAMS 0x00000000ad800000| PB 0x00000000ad800000| Untracked 
| 729|0x00000000ad900000, 0x00000000ad900000, 0x00000000ada00000|  0%| F|  |TAMS 0x00000000ad900000| PB 0x00000000ad900000| Untracked 
| 730|0x00000000ada00000, 0x00000000ada00000, 0x00000000adb00000|  0%| F|  |TAMS 0x00000000ada00000| PB 0x00000000ada00000| Untracked 
| 731|0x00000000adb00000, 0x00000000adb00000, 0x00000000adc00000|  0%| F|  |TAMS 0x00000000adb00000| PB 0x00000000adb00000| Untracked 
| 732|0x00000000adc00000, 0x00000000adc00000, 0x00000000add00000|  0%| F|  |TAMS 0x00000000adc00000| PB 0x00000000adc00000| Untracked 
| 733|0x00000000add00000, 0x00000000add00000, 0x00000000ade00000|  0%| F|  |TAMS 0x00000000add00000| PB 0x00000000add00000| Untracked 
| 734|0x00000000ade00000, 0x00000000ade00000, 0x00000000adf00000|  0%| F|  |TAMS 0x00000000ade00000| PB 0x00000000ade00000| Untracked 
| 735|0x00000000adf00000, 0x00000000adf00000, 0x00000000ae000000|  0%| F|  |TAMS 0x00000000adf00000| PB 0x00000000adf00000| Untracked 
| 736|0x00000000ae000000, 0x00000000ae000000, 0x00000000ae100000|  0%| F|  |TAMS 0x00000000ae000000| PB 0x00000000ae000000| Untracked 
| 737|0x00000000ae100000, 0x00000000ae100000, 0x00000000ae200000|  0%| F|  |TAMS 0x00000000ae100000| PB 0x00000000ae100000| Untracked 
| 738|0x00000000ae200000, 0x00000000ae200000, 0x00000000ae300000|  0%| F|  |TAMS 0x00000000ae200000| PB 0x00000000ae200000| Untracked 
| 739|0x00000000ae300000, 0x00000000ae300000, 0x00000000ae400000|  0%| F|  |TAMS 0x00000000ae300000| PB 0x00000000ae300000| Untracked 
| 740|0x00000000ae400000, 0x00000000ae400000, 0x00000000ae500000|  0%| F|  |TAMS 0x00000000ae400000| PB 0x00000000ae400000| Untracked 
| 741|0x00000000ae500000, 0x00000000ae500000, 0x00000000ae600000|  0%| F|  |TAMS 0x00000000ae500000| PB 0x00000000ae500000| Untracked 
| 742|0x00000000ae600000, 0x00000000ae600000, 0x00000000ae700000|  0%| F|  |TAMS 0x00000000ae600000| PB 0x00000000ae600000| Untracked 
| 743|0x00000000ae700000, 0x00000000ae700000, 0x00000000ae800000|  0%| F|  |TAMS 0x00000000ae700000| PB 0x00000000ae700000| Untracked 
| 744|0x00000000ae800000, 0x00000000ae800000, 0x00000000ae900000|  0%| F|  |TAMS 0x00000000ae800000| PB 0x00000000ae800000| Untracked 
| 745|0x00000000ae900000, 0x00000000ae900000, 0x00000000aea00000|  0%| F|  |TAMS 0x00000000ae900000| PB 0x00000000ae900000| Untracked 
| 746|0x00000000aea00000, 0x00000000aea00000, 0x00000000aeb00000|  0%| F|  |TAMS 0x00000000aea00000| PB 0x00000000aea00000| Untracked 
| 747|0x00000000aeb00000, 0x00000000aeb00000, 0x00000000aec00000|  0%| F|  |TAMS 0x00000000aeb00000| PB 0x00000000aeb00000| Untracked 
| 748|0x00000000aec00000, 0x00000000aec00000, 0x00000000aed00000|  0%| F|  |TAMS 0x00000000aec00000| PB 0x00000000aec00000| Untracked 
| 749|0x00000000aed00000, 0x00000000aed00000, 0x00000000aee00000|  0%| F|  |TAMS 0x00000000aed00000| PB 0x00000000aed00000| Untracked 
| 750|0x00000000aee00000, 0x00000000aee00000, 0x00000000aef00000|  0%| F|  |TAMS 0x00000000aee00000| PB 0x00000000aee00000| Untracked 
| 751|0x00000000aef00000, 0x00000000aef00000, 0x00000000af000000|  0%| F|  |TAMS 0x00000000aef00000| PB 0x00000000aef00000| Untracked 
| 752|0x00000000af000000, 0x00000000af000000, 0x00000000af100000|  0%| F|  |TAMS 0x00000000af000000| PB 0x00000000af000000| Untracked 
| 753|0x00000000af100000, 0x00000000af100000, 0x00000000af200000|  0%| F|  |TAMS 0x00000000af100000| PB 0x00000000af100000| Untracked 
| 754|0x00000000af200000, 0x00000000af200000, 0x00000000af300000|  0%| F|  |TAMS 0x00000000af200000| PB 0x00000000af200000| Untracked 
| 755|0x00000000af300000, 0x00000000af300000, 0x00000000af400000|  0%| F|  |TAMS 0x00000000af300000| PB 0x00000000af300000| Untracked 
| 756|0x00000000af400000, 0x00000000af400000, 0x00000000af500000|  0%| F|  |TAMS 0x00000000af400000| PB 0x00000000af400000| Untracked 
| 757|0x00000000af500000, 0x00000000af500000, 0x00000000af600000|  0%| F|  |TAMS 0x00000000af500000| PB 0x00000000af500000| Untracked 
| 758|0x00000000af600000, 0x00000000af600000, 0x00000000af700000|  0%| F|  |TAMS 0x00000000af600000| PB 0x00000000af600000| Untracked 
| 759|0x00000000af700000, 0x00000000af700000, 0x00000000af800000|  0%| F|  |TAMS 0x00000000af700000| PB 0x00000000af700000| Untracked 
| 760|0x00000000af800000, 0x00000000af800000, 0x00000000af900000|  0%| F|  |TAMS 0x00000000af800000| PB 0x00000000af800000| Untracked 
| 761|0x00000000af900000, 0x00000000af900000, 0x00000000afa00000|  0%| F|  |TAMS 0x00000000af900000| PB 0x00000000af900000| Untracked 
| 762|0x00000000afa00000, 0x00000000afa00000, 0x00000000afb00000|  0%| F|  |TAMS 0x00000000afa00000| PB 0x00000000afa00000| Untracked 
| 763|0x00000000afb00000, 0x00000000afb00000, 0x00000000afc00000|  0%| F|  |TAMS 0x00000000afb00000| PB 0x00000000afb00000| Untracked 
| 764|0x00000000afc00000, 0x00000000afc00000, 0x00000000afd00000|  0%| F|  |TAMS 0x00000000afc00000| PB 0x00000000afc00000| Untracked 
| 765|0x00000000afd00000, 0x00000000afd00000, 0x00000000afe00000|  0%| F|  |TAMS 0x00000000afd00000| PB 0x00000000afd00000| Untracked 
| 766|0x00000000afe00000, 0x00000000afe00000, 0x00000000aff00000|  0%| F|  |TAMS 0x00000000afe00000| PB 0x00000000afe00000| Untracked 
| 767|0x00000000aff00000, 0x00000000aff00000, 0x00000000b0000000|  0%| F|  |TAMS 0x00000000aff00000| PB 0x00000000aff00000| Untracked 
| 768|0x00000000b0000000, 0x00000000b0000000, 0x00000000b0100000|  0%| F|  |TAMS 0x00000000b0000000| PB 0x00000000b0000000| Untracked 
| 769|0x00000000b0100000, 0x00000000b0100000, 0x00000000b0200000|  0%| F|  |TAMS 0x00000000b0100000| PB 0x00000000b0100000| Untracked 
| 770|0x00000000b0200000, 0x00000000b0200000, 0x00000000b0300000|  0%| F|  |TAMS 0x00000000b0200000| PB 0x00000000b0200000| Untracked 
| 771|0x00000000b0300000, 0x00000000b0300000, 0x00000000b0400000|  0%| F|  |TAMS 0x00000000b0300000| PB 0x00000000b0300000| Untracked 
| 772|0x00000000b0400000, 0x00000000b0400000, 0x00000000b0500000|  0%| F|  |TAMS 0x00000000b0400000| PB 0x00000000b0400000| Untracked 
| 773|0x00000000b0500000, 0x00000000b0500000, 0x00000000b0600000|  0%| F|  |TAMS 0x00000000b0500000| PB 0x00000000b0500000| Untracked 
| 774|0x00000000b0600000, 0x00000000b0600000, 0x00000000b0700000|  0%| F|  |TAMS 0x00000000b0600000| PB 0x00000000b0600000| Untracked 
| 775|0x00000000b0700000, 0x00000000b0700000, 0x00000000b0800000|  0%| F|  |TAMS 0x00000000b0700000| PB 0x00000000b0700000| Untracked 
| 776|0x00000000b0800000, 0x00000000b0800000, 0x00000000b0900000|  0%| F|  |TAMS 0x00000000b0800000| PB 0x00000000b0800000| Untracked 
| 777|0x00000000b0900000, 0x00000000b0900000, 0x00000000b0a00000|  0%| F|  |TAMS 0x00000000b0900000| PB 0x00000000b0900000| Untracked 
| 778|0x00000000b0a00000, 0x00000000b0a00000, 0x00000000b0b00000|  0%| F|  |TAMS 0x00000000b0a00000| PB 0x00000000b0a00000| Untracked 
| 779|0x00000000b0b00000, 0x00000000b0b00000, 0x00000000b0c00000|  0%| F|  |TAMS 0x00000000b0b00000| PB 0x00000000b0b00000| Untracked 
| 780|0x00000000b0c00000, 0x00000000b0c00000, 0x00000000b0d00000|  0%| F|  |TAMS 0x00000000b0c00000| PB 0x00000000b0c00000| Untracked 
| 781|0x00000000b0d00000, 0x00000000b0d00000, 0x00000000b0e00000|  0%| F|  |TAMS 0x00000000b0d00000| PB 0x00000000b0d00000| Untracked 
| 782|0x00000000b0e00000, 0x00000000b0e00000, 0x00000000b0f00000|  0%| F|  |TAMS 0x00000000b0e00000| PB 0x00000000b0e00000| Untracked 
| 783|0x00000000b0f00000, 0x00000000b0f00000, 0x00000000b1000000|  0%| F|  |TAMS 0x00000000b0f00000| PB 0x00000000b0f00000| Untracked 
| 784|0x00000000b1000000, 0x00000000b1000000, 0x00000000b1100000|  0%| F|  |TAMS 0x00000000b1000000| PB 0x00000000b1000000| Untracked 
| 785|0x00000000b1100000, 0x00000000b1100000, 0x00000000b1200000|  0%| F|  |TAMS 0x00000000b1100000| PB 0x00000000b1100000| Untracked 
| 786|0x00000000b1200000, 0x00000000b1200000, 0x00000000b1300000|  0%| F|  |TAMS 0x00000000b1200000| PB 0x00000000b1200000| Untracked 
| 787|0x00000000b1300000, 0x00000000b1300000, 0x00000000b1400000|  0%| F|  |TAMS 0x00000000b1300000| PB 0x00000000b1300000| Untracked 
| 788|0x00000000b1400000, 0x00000000b1400000, 0x00000000b1500000|  0%| F|  |TAMS 0x00000000b1400000| PB 0x00000000b1400000| Untracked 
| 789|0x00000000b1500000, 0x00000000b1500000, 0x00000000b1600000|  0%| F|  |TAMS 0x00000000b1500000| PB 0x00000000b1500000| Untracked 
| 790|0x00000000b1600000, 0x00000000b1600000, 0x00000000b1700000|  0%| F|  |TAMS 0x00000000b1600000| PB 0x00000000b1600000| Untracked 
| 791|0x00000000b1700000, 0x00000000b1700000, 0x00000000b1800000|  0%| F|  |TAMS 0x00000000b1700000| PB 0x00000000b1700000| Untracked 
| 792|0x00000000b1800000, 0x00000000b1800000, 0x00000000b1900000|  0%| F|  |TAMS 0x00000000b1800000| PB 0x00000000b1800000| Untracked 
| 793|0x00000000b1900000, 0x00000000b1900000, 0x00000000b1a00000|  0%| F|  |TAMS 0x00000000b1900000| PB 0x00000000b1900000| Untracked 
| 794|0x00000000b1a00000, 0x00000000b1a00000, 0x00000000b1b00000|  0%| F|  |TAMS 0x00000000b1a00000| PB 0x00000000b1a00000| Untracked 
| 795|0x00000000b1b00000, 0x00000000b1b00000, 0x00000000b1c00000|  0%| F|  |TAMS 0x00000000b1b00000| PB 0x00000000b1b00000| Untracked 
| 796|0x00000000b1c00000, 0x00000000b1c00000, 0x00000000b1d00000|  0%| F|  |TAMS 0x00000000b1c00000| PB 0x00000000b1c00000| Untracked 
| 797|0x00000000b1d00000, 0x00000000b1d00000, 0x00000000b1e00000|  0%| F|  |TAMS 0x00000000b1d00000| PB 0x00000000b1d00000| Untracked 
| 798|0x00000000b1e00000, 0x00000000b1e00000, 0x00000000b1f00000|  0%| F|  |TAMS 0x00000000b1e00000| PB 0x00000000b1e00000| Untracked 
| 799|0x00000000b1f00000, 0x00000000b1f00000, 0x00000000b2000000|  0%| F|  |TAMS 0x00000000b1f00000| PB 0x00000000b1f00000| Untracked 
| 800|0x00000000b2000000, 0x00000000b2000000, 0x00000000b2100000|  0%| F|  |TAMS 0x00000000b2000000| PB 0x00000000b2000000| Untracked 
| 801|0x00000000b2100000, 0x00000000b2100000, 0x00000000b2200000|  0%| F|  |TAMS 0x00000000b2100000| PB 0x00000000b2100000| Untracked 
| 802|0x00000000b2200000, 0x00000000b2200000, 0x00000000b2300000|  0%| F|  |TAMS 0x00000000b2200000| PB 0x00000000b2200000| Untracked 
| 803|0x00000000b2300000, 0x00000000b2300000, 0x00000000b2400000|  0%| F|  |TAMS 0x00000000b2300000| PB 0x00000000b2300000| Untracked 
| 804|0x00000000b2400000, 0x00000000b2400000, 0x00000000b2500000|  0%| F|  |TAMS 0x00000000b2400000| PB 0x00000000b2400000| Untracked 
| 805|0x00000000b2500000, 0x00000000b2500000, 0x00000000b2600000|  0%| F|  |TAMS 0x00000000b2500000| PB 0x00000000b2500000| Untracked 
| 806|0x00000000b2600000, 0x00000000b2600000, 0x00000000b2700000|  0%| F|  |TAMS 0x00000000b2600000| PB 0x00000000b2600000| Untracked 
| 807|0x00000000b2700000, 0x00000000b2700000, 0x00000000b2800000|  0%| F|  |TAMS 0x00000000b2700000| PB 0x00000000b2700000| Untracked 
| 808|0x00000000b2800000, 0x00000000b2800000, 0x00000000b2900000|  0%| F|  |TAMS 0x00000000b2800000| PB 0x00000000b2800000| Untracked 
| 809|0x00000000b2900000, 0x00000000b2900000, 0x00000000b2a00000|  0%| F|  |TAMS 0x00000000b2900000| PB 0x00000000b2900000| Untracked 
| 930|0x00000000ba200000, 0x00000000ba200000, 0x00000000ba300000|  0%| F|  |TAMS 0x00000000ba200000| PB 0x00000000ba200000| Untracked 
| 931|0x00000000ba300000, 0x00000000ba300000, 0x00000000ba400000|  0%| F|  |TAMS 0x00000000ba300000| PB 0x00000000ba300000| Untracked 
| 932|0x00000000ba400000, 0x00000000ba480000, 0x00000000ba500000| 50%| E|  |TAMS 0x00000000ba400000| PB 0x00000000ba400000| Complete 
| 933|0x00000000ba500000, 0x00000000ba600000, 0x00000000ba600000|100%| E|CS|TAMS 0x00000000ba500000| PB 0x00000000ba500000| Complete 
| 934|0x00000000ba600000, 0x00000000ba700000, 0x00000000ba700000|100%| E|CS|TAMS 0x00000000ba600000| PB 0x00000000ba600000| Complete 
| 935|0x00000000ba700000, 0x00000000ba800000, 0x00000000ba800000|100%| E|CS|TAMS 0x00000000ba700000| PB 0x00000000ba700000| Complete 
| 936|0x00000000ba800000, 0x00000000ba900000, 0x00000000ba900000|100%| E|CS|TAMS 0x00000000ba800000| PB 0x00000000ba800000| Complete 
| 937|0x00000000ba900000, 0x00000000baa00000, 0x00000000baa00000|100%| E|CS|TAMS 0x00000000ba900000| PB 0x00000000ba900000| Complete 
| 938|0x00000000baa00000, 0x00000000bab00000, 0x00000000bab00000|100%| E|CS|TAMS 0x00000000baa00000| PB 0x00000000baa00000| Complete 
| 939|0x00000000bab00000, 0x00000000bac00000, 0x00000000bac00000|100%| E|CS|TAMS 0x00000000bab00000| PB 0x00000000bab00000| Complete 
| 940|0x00000000bac00000, 0x00000000bad00000, 0x00000000bad00000|100%| E|CS|TAMS 0x00000000bac00000| PB 0x00000000bac00000| Complete 
| 941|0x00000000bad00000, 0x00000000bae00000, 0x00000000bae00000|100%| E|CS|TAMS 0x00000000bad00000| PB 0x00000000bad00000| Complete 
| 942|0x00000000bae00000, 0x00000000baf00000, 0x00000000baf00000|100%| E|CS|TAMS 0x00000000bae00000| PB 0x00000000bae00000| Complete 
| 943|0x00000000baf00000, 0x00000000bb000000, 0x00000000bb000000|100%| E|CS|TAMS 0x00000000baf00000| PB 0x00000000baf00000| Complete 
| 944|0x00000000bb000000, 0x00000000bb100000, 0x00000000bb100000|100%| E|CS|TAMS 0x00000000bb000000| PB 0x00000000bb000000| Complete 
| 945|0x00000000bb100000, 0x00000000bb200000, 0x00000000bb200000|100%| E|CS|TAMS 0x00000000bb100000| PB 0x00000000bb100000| Complete 
| 946|0x00000000bb200000, 0x00000000bb300000, 0x00000000bb300000|100%| E|CS|TAMS 0x00000000bb200000| PB 0x00000000bb200000| Complete 
| 947|0x00000000bb300000, 0x00000000bb400000, 0x00000000bb400000|100%| E|CS|TAMS 0x00000000bb300000| PB 0x00000000bb300000| Complete 
| 948|0x00000000bb400000, 0x00000000bb500000, 0x00000000bb500000|100%| E|CS|TAMS 0x00000000bb400000| PB 0x00000000bb400000| Complete 
| 949|0x00000000bb500000, 0x00000000bb600000, 0x00000000bb600000|100%| E|CS|TAMS 0x00000000bb500000| PB 0x00000000bb500000| Complete 
| 950|0x00000000bb600000, 0x00000000bb700000, 0x00000000bb700000|100%| E|CS|TAMS 0x00000000bb600000| PB 0x00000000bb600000| Complete 
| 951|0x00000000bb700000, 0x00000000bb800000, 0x00000000bb800000|100%| E|CS|TAMS 0x00000000bb700000| PB 0x00000000bb700000| Complete 
| 952|0x00000000bb800000, 0x00000000bb900000, 0x00000000bb900000|100%| E|CS|TAMS 0x00000000bb800000| PB 0x00000000bb800000| Complete 
| 953|0x00000000bb900000, 0x00000000bba00000, 0x00000000bba00000|100%| E|CS|TAMS 0x00000000bb900000| PB 0x00000000bb900000| Complete 
| 954|0x00000000bba00000, 0x00000000bbb00000, 0x00000000bbb00000|100%| E|CS|TAMS 0x00000000bba00000| PB 0x00000000bba00000| Complete 
| 955|0x00000000bbb00000, 0x00000000bbc00000, 0x00000000bbc00000|100%| E|CS|TAMS 0x00000000bbb00000| PB 0x00000000bbb00000| Complete 
| 956|0x00000000bbc00000, 0x00000000bbd00000, 0x00000000bbd00000|100%| E|CS|TAMS 0x00000000bbc00000| PB 0x00000000bbc00000| Complete 
| 957|0x00000000bbd00000, 0x00000000bbe00000, 0x00000000bbe00000|100%| E|CS|TAMS 0x00000000bbd00000| PB 0x00000000bbd00000| Complete 
| 958|0x00000000bbe00000, 0x00000000bbf00000, 0x00000000bbf00000|100%| E|CS|TAMS 0x00000000bbe00000| PB 0x00000000bbe00000| Complete 
| 959|0x00000000bbf00000, 0x00000000bc000000, 0x00000000bc000000|100%| E|CS|TAMS 0x00000000bbf00000| PB 0x00000000bbf00000| Complete 
| 960|0x00000000bc000000, 0x00000000bc100000, 0x00000000bc100000|100%| E|CS|TAMS 0x00000000bc000000| PB 0x00000000bc000000| Complete 
| 961|0x00000000bc100000, 0x00000000bc200000, 0x00000000bc200000|100%| E|CS|TAMS 0x00000000bc100000| PB 0x00000000bc100000| Complete 
| 962|0x00000000bc200000, 0x00000000bc300000, 0x00000000bc300000|100%| E|CS|TAMS 0x00000000bc200000| PB 0x00000000bc200000| Complete 
| 963|0x00000000bc300000, 0x00000000bc400000, 0x00000000bc400000|100%| E|CS|TAMS 0x00000000bc300000| PB 0x00000000bc300000| Complete 
| 964|0x00000000bc400000, 0x00000000bc500000, 0x00000000bc500000|100%| E|CS|TAMS 0x00000000bc400000| PB 0x00000000bc400000| Complete 
| 965|0x00000000bc500000, 0x00000000bc600000, 0x00000000bc600000|100%| E|CS|TAMS 0x00000000bc500000| PB 0x00000000bc500000| Complete 
| 966|0x00000000bc600000, 0x00000000bc700000, 0x00000000bc700000|100%| E|CS|TAMS 0x00000000bc600000| PB 0x00000000bc600000| Complete 
| 967|0x00000000bc700000, 0x00000000bc800000, 0x00000000bc800000|100%| E|CS|TAMS 0x00000000bc700000| PB 0x00000000bc700000| Complete 
| 968|0x00000000bc800000, 0x00000000bc900000, 0x00000000bc900000|100%| E|CS|TAMS 0x00000000bc800000| PB 0x00000000bc800000| Complete 
| 969|0x00000000bc900000, 0x00000000bca00000, 0x00000000bca00000|100%| E|CS|TAMS 0x00000000bc900000| PB 0x00000000bc900000| Complete 
| 970|0x00000000bca00000, 0x00000000bcb00000, 0x00000000bcb00000|100%| E|CS|TAMS 0x00000000bca00000| PB 0x00000000bca00000| Complete 
| 971|0x00000000bcb00000, 0x00000000bcc00000, 0x00000000bcc00000|100%| E|CS|TAMS 0x00000000bcb00000| PB 0x00000000bcb00000| Complete 
| 972|0x00000000bcc00000, 0x00000000bcd00000, 0x00000000bcd00000|100%| E|CS|TAMS 0x00000000bcc00000| PB 0x00000000bcc00000| Complete 
| 973|0x00000000bcd00000, 0x00000000bce00000, 0x00000000bce00000|100%| E|CS|TAMS 0x00000000bcd00000| PB 0x00000000bcd00000| Complete 
| 974|0x00000000bce00000, 0x00000000bcf00000, 0x00000000bcf00000|100%| E|CS|TAMS 0x00000000bce00000| PB 0x00000000bce00000| Complete 
| 975|0x00000000bcf00000, 0x00000000bd000000, 0x00000000bd000000|100%| E|CS|TAMS 0x00000000bcf00000| PB 0x00000000bcf00000| Complete 
| 976|0x00000000bd000000, 0x00000000bd100000, 0x00000000bd100000|100%| E|CS|TAMS 0x00000000bd000000| PB 0x00000000bd000000| Complete 
| 977|0x00000000bd100000, 0x00000000bd200000, 0x00000000bd200000|100%| E|CS|TAMS 0x00000000bd100000| PB 0x00000000bd100000| Complete 
| 978|0x00000000bd200000, 0x00000000bd300000, 0x00000000bd300000|100%| E|CS|TAMS 0x00000000bd200000| PB 0x00000000bd200000| Complete 
| 979|0x00000000bd300000, 0x00000000bd400000, 0x00000000bd400000|100%| E|CS|TAMS 0x00000000bd300000| PB 0x00000000bd300000| Complete 
| 980|0x00000000bd400000, 0x00000000bd500000, 0x00000000bd500000|100%| E|CS|TAMS 0x00000000bd400000| PB 0x00000000bd400000| Complete 
| 981|0x00000000bd500000, 0x00000000bd600000, 0x00000000bd600000|100%| E|CS|TAMS 0x00000000bd500000| PB 0x00000000bd500000| Complete 
| 982|0x00000000bd600000, 0x00000000bd700000, 0x00000000bd700000|100%| E|CS|TAMS 0x00000000bd600000| PB 0x00000000bd600000| Complete 
| 983|0x00000000bd700000, 0x00000000bd800000, 0x00000000bd800000|100%| E|CS|TAMS 0x00000000bd700000| PB 0x00000000bd700000| Complete 
| 984|0x00000000bd800000, 0x00000000bd900000, 0x00000000bd900000|100%| E|CS|TAMS 0x00000000bd800000| PB 0x00000000bd800000| Complete 
| 985|0x00000000bd900000, 0x00000000bda00000, 0x00000000bda00000|100%| E|CS|TAMS 0x00000000bd900000| PB 0x00000000bd900000| Complete 
| 986|0x00000000bda00000, 0x00000000bdb00000, 0x00000000bdb00000|100%| E|CS|TAMS 0x00000000bda00000| PB 0x00000000bda00000| Complete 
| 987|0x00000000bdb00000, 0x00000000bdc00000, 0x00000000bdc00000|100%| E|CS|TAMS 0x00000000bdb00000| PB 0x00000000bdb00000| Complete 
| 988|0x00000000bdc00000, 0x00000000bdd00000, 0x00000000bdd00000|100%| E|CS|TAMS 0x00000000bdc00000| PB 0x00000000bdc00000| Complete 
| 989|0x00000000bdd00000, 0x00000000bde00000, 0x00000000bde00000|100%| E|CS|TAMS 0x00000000bdd00000| PB 0x00000000bdd00000| Complete 
| 990|0x00000000bde00000, 0x00000000bdf00000, 0x00000000bdf00000|100%| E|CS|TAMS 0x00000000bde00000| PB 0x00000000bde00000| Complete 
| 991|0x00000000bdf00000, 0x00000000be000000, 0x00000000be000000|100%| E|CS|TAMS 0x00000000bdf00000| PB 0x00000000bdf00000| Complete 
| 992|0x00000000be000000, 0x00000000be100000, 0x00000000be100000|100%| E|CS|TAMS 0x00000000be000000| PB 0x00000000be000000| Complete 
| 993|0x00000000be100000, 0x00000000be200000, 0x00000000be200000|100%| E|CS|TAMS 0x00000000be100000| PB 0x00000000be100000| Complete 
| 994|0x00000000be200000, 0x00000000be300000, 0x00000000be300000|100%| E|CS|TAMS 0x00000000be200000| PB 0x00000000be200000| Complete 
| 995|0x00000000be300000, 0x00000000be400000, 0x00000000be400000|100%| E|CS|TAMS 0x00000000be300000| PB 0x00000000be300000| Complete 
| 996|0x00000000be400000, 0x00000000be500000, 0x00000000be500000|100%| E|CS|TAMS 0x00000000be400000| PB 0x00000000be400000| Complete 
| 997|0x00000000be500000, 0x00000000be600000, 0x00000000be600000|100%| E|CS|TAMS 0x00000000be500000| PB 0x00000000be500000| Complete 
| 998|0x00000000be600000, 0x00000000be700000, 0x00000000be700000|100%| E|CS|TAMS 0x00000000be600000| PB 0x00000000be600000| Complete 
| 999|0x00000000be700000, 0x00000000be800000, 0x00000000be800000|100%| E|CS|TAMS 0x00000000be700000| PB 0x00000000be700000| Complete 
|1000|0x00000000be800000, 0x00000000be900000, 0x00000000be900000|100%| E|CS|TAMS 0x00000000be800000| PB 0x00000000be800000| Complete 
|1001|0x00000000be900000, 0x00000000bea00000, 0x00000000bea00000|100%| E|CS|TAMS 0x00000000be900000| PB 0x00000000be900000| Complete 
|1002|0x00000000bea00000, 0x00000000beb00000, 0x00000000beb00000|100%| E|CS|TAMS 0x00000000bea00000| PB 0x00000000bea00000| Complete 
|1003|0x00000000beb00000, 0x00000000bec00000, 0x00000000bec00000|100%| E|CS|TAMS 0x00000000beb00000| PB 0x00000000beb00000| Complete 
|1004|0x00000000bec00000, 0x00000000bed00000, 0x00000000bed00000|100%| E|CS|TAMS 0x00000000bec00000| PB 0x00000000bec00000| Complete 
|1005|0x00000000bed00000, 0x00000000bee00000, 0x00000000bee00000|100%| E|CS|TAMS 0x00000000bed00000| PB 0x00000000bed00000| Complete 
|1006|0x00000000bee00000, 0x00000000bef00000, 0x00000000bef00000|100%| E|CS|TAMS 0x00000000bee00000| PB 0x00000000bee00000| Complete 
|1007|0x00000000bef00000, 0x00000000bf000000, 0x00000000bf000000|100%| E|CS|TAMS 0x00000000bef00000| PB 0x00000000bef00000| Complete 
|1008|0x00000000bf000000, 0x00000000bf100000, 0x00000000bf100000|100%| E|CS|TAMS 0x00000000bf000000| PB 0x00000000bf000000| Complete 
|1009|0x00000000bf100000, 0x00000000bf200000, 0x00000000bf200000|100%| E|CS|TAMS 0x00000000bf100000| PB 0x00000000bf100000| Complete 
|1010|0x00000000bf200000, 0x00000000bf300000, 0x00000000bf300000|100%| E|CS|TAMS 0x00000000bf200000| PB 0x00000000bf200000| Complete 
|1011|0x00000000bf300000, 0x00000000bf400000, 0x00000000bf400000|100%| E|CS|TAMS 0x00000000bf300000| PB 0x00000000bf300000| Complete 
|1012|0x00000000bf400000, 0x00000000bf500000, 0x00000000bf500000|100%| E|CS|TAMS 0x00000000bf400000| PB 0x00000000bf400000| Complete 
|1013|0x00000000bf500000, 0x00000000bf600000, 0x00000000bf600000|100%| E|CS|TAMS 0x00000000bf500000| PB 0x00000000bf500000| Complete 
|1014|0x00000000bf600000, 0x00000000bf700000, 0x00000000bf700000|100%| E|CS|TAMS 0x00000000bf600000| PB 0x00000000bf600000| Complete 
|1015|0x00000000bf700000, 0x00000000bf800000, 0x00000000bf800000|100%| E|CS|TAMS 0x00000000bf700000| PB 0x00000000bf700000| Complete 
|1016|0x00000000bf800000, 0x00000000bf900000, 0x00000000bf900000|100%| E|CS|TAMS 0x00000000bf800000| PB 0x00000000bf800000| Complete 
|1017|0x00000000bf900000, 0x00000000bfa00000, 0x00000000bfa00000|100%| E|CS|TAMS 0x00000000bf900000| PB 0x00000000bf900000| Complete 
|1018|0x00000000bfa00000, 0x00000000bfb00000, 0x00000000bfb00000|100%| E|CS|TAMS 0x00000000bfa00000| PB 0x00000000bfa00000| Complete 
|1019|0x00000000bfb00000, 0x00000000bfc00000, 0x00000000bfc00000|100%| E|CS|TAMS 0x00000000bfb00000| PB 0x00000000bfb00000| Complete 
|1020|0x00000000bfc00000, 0x00000000bfd00000, 0x00000000bfd00000|100%| E|CS|TAMS 0x00000000bfc00000| PB 0x00000000bfc00000| Complete 
|1021|0x00000000bfd00000, 0x00000000bfe00000, 0x00000000bfe00000|100%| E|CS|TAMS 0x00000000bfd00000| PB 0x00000000bfd00000| Complete 
|1022|0x00000000bfe00000, 0x00000000bff00000, 0x00000000bff00000|100%| E|CS|TAMS 0x00000000bfe00000| PB 0x00000000bfe00000| Complete 
|1023|0x00000000bff00000, 0x00000000c0000000, 0x00000000c0000000|100%| E|CS|TAMS 0x00000000bff00000| PB 0x00000000bff00000| Complete 
|1024|0x00000000c0000000, 0x00000000c0100000, 0x00000000c0100000|100%| E|CS|TAMS 0x00000000c0000000| PB 0x00000000c0000000| Complete 
|1025|0x00000000c0100000, 0x00000000c0200000, 0x00000000c0200000|100%| E|CS|TAMS 0x00000000c0100000| PB 0x00000000c0100000| Complete 
|1026|0x00000000c0200000, 0x00000000c0300000, 0x00000000c0300000|100%| E|CS|TAMS 0x00000000c0200000| PB 0x00000000c0200000| Complete 
|1027|0x00000000c0300000, 0x00000000c0400000, 0x00000000c0400000|100%| E|CS|TAMS 0x00000000c0300000| PB 0x00000000c0300000| Complete 
|1028|0x00000000c0400000, 0x00000000c0500000, 0x00000000c0500000|100%| E|CS|TAMS 0x00000000c0400000| PB 0x00000000c0400000| Complete 
|1029|0x00000000c0500000, 0x00000000c0600000, 0x00000000c0600000|100%| E|CS|TAMS 0x00000000c0500000| PB 0x00000000c0500000| Complete 
|1030|0x00000000c0600000, 0x00000000c0700000, 0x00000000c0700000|100%| E|CS|TAMS 0x00000000c0600000| PB 0x00000000c0600000| Complete 
|1031|0x00000000c0700000, 0x00000000c0800000, 0x00000000c0800000|100%| E|CS|TAMS 0x00000000c0700000| PB 0x00000000c0700000| Complete 
|2043|0x00000000ffb00000, 0x00000000ffc00000, 0x00000000ffc00000|100%| E|CS|TAMS 0x00000000ffb00000| PB 0x00000000ffb00000| Complete 
|2044|0x00000000ffc00000, 0x00000000ffd00000, 0x00000000ffd00000|100%| E|CS|TAMS 0x00000000ffc00000| PB 0x00000000ffc00000| Complete 
|2045|0x00000000ffd00000, 0x00000000ffe00000, 0x00000000ffe00000|100%| E|CS|TAMS 0x00000000ffd00000| PB 0x00000000ffd00000| Complete 
|2046|0x00000000ffe00000, 0x00000000fff00000, 0x00000000fff00000|100%| E|CS|TAMS 0x00000000ffe00000| PB 0x00000000ffe00000| Complete 
|2047|0x00000000fff00000, 0x0000000100000000, 0x0000000100000000|100%| E|CS|TAMS 0x00000000fff00000| PB 0x00000000fff00000| Complete 

Card table byte_map: [0x000002111ad60000,0x000002111b160000] _byte_map_base: 0x000002111a960000

Marking Bits: (CMBitMap*) 0x0000021108304a00
 Bits: [0x000002111b160000, 0x000002111d160000)

Polling page: 0x00000211060a0000

Metaspace:

Usage:
  Non-class:    185.78 MB used.
      Class:     26.50 MB used.
       Both:    212.27 MB used.

Virtual space:
  Non-class space:      256.00 MB reserved,     186.69 MB ( 73%) committed,  4 nodes.
      Class space:        1.00 GB reserved,      27.44 MB (  3%) committed,  1 nodes.
             Both:        1.25 GB reserved,     214.12 MB ( 17%) committed. 

Chunk freelists:
   Non-Class:  20.56 MB
       Class:  4.41 MB
        Both:  24.97 MB

MaxMetaspaceSize: unlimited
CompressedClassSpaceSize: 1.00 GB
Initial GC threshold: 21.00 MB
Current GC threshold: 362.31 MB
CDS: off
 - commit_granule_bytes: 65536.
 - commit_granule_words: 8192.
 - virtual_space_node_default_size: 8388608.
 - enlarge_chunks_in_place: 1.
 - use_allocation_guard: 0.


Internal statistics:

num_allocs_failed_limit: 9.
num_arena_births: 9122.
num_arena_deaths: 5750.
num_vsnodes_births: 5.
num_vsnodes_deaths: 0.
num_space_committed: 4799.
num_space_uncommitted: 318.
num_chunks_returned_to_freelist: 13136.
num_chunks_taken_from_freelist: 26331.
num_chunk_merges: 3855.
num_chunk_splits: 14775.
num_chunks_enlarged: 10186.
num_inconsistent_stats: 0.

CodeHeap 'non-profiled nmethods': size=120000Kb used=39088Kb max_used=39088Kb free=80911Kb
 bounds [0x0000021112ed0000, 0x0000021115500000, 0x000002111a400000]
CodeHeap 'profiled nmethods': size=120000Kb used=42061Kb max_used=53537Kb free=77938Kb
 bounds [0x000002110b400000, 0x000002110e850000, 0x0000021112930000]
CodeHeap 'non-nmethods': size=5760Kb used=2380Kb max_used=2489Kb free=3379Kb
 bounds [0x0000021112930000, 0x0000021112bb0000, 0x0000021112ed0000]
 total_blobs=27224 nmethods=26173 adapters=953
 compilation: enabled
              stopped_count=0, restarted_count=0
 full_count=0

Compilation events (20 events):
Event: 20302.055 Thread 0x0000021124092ba0 nmethod 88704 0x000002110be86310 code [0x000002110be864a0, 0x000002110be86608]
Event: 20302.055 Thread 0x0000021124092ba0 88705       1       dagger.spi.shaded.androidx.room.jarjarred.kotlinx.metadata.internal.metadata.ProtoBuf$Property::getFlags (5 bytes)
Event: 20302.055 Thread 0x0000021124092ba0 nmethod 88705 0x00000211154f1f90 code [0x00000211154f2120, 0x00000211154f21e8]
Event: 20302.055 Thread 0x0000021124092ba0 88706       1       dagger.spi.shaded.androidx.room.jarjarred.kotlinx.metadata.KmProperty::getName (5 bytes)
Event: 20302.055 Thread 0x0000021124092ba0 nmethod 88706 0x00000211154f2290 code [0x00000211154f2420, 0x00000211154f24e8]
Event: 20302.056 Thread 0x0000021124092ba0 88707       3       kotlin.collections.builders.MapBuilder::hash (23 bytes)
Event: 20302.056 Thread 0x0000021124092ba0 nmethod 88707 0x000002110be85e10 code [0x000002110be85fc0, 0x000002110be861f0]
Event: 20302.057 Thread 0x0000021124092ba0 88708       3       dagger.spi.shaded.androidx.room.jarjarred.kotlinx.metadata.internal.protobuf.GeneratedMessageLite$ExtendableMessage::<init> (12 bytes)
Event: 20302.057 Thread 0x0000021124092ba0 nmethod 88708 0x000002110be85310 code [0x000002110be85520, 0x000002110be85b50]
Event: 20302.057 Thread 0x0000021124092ba0 88714       3       dagger.spi.shaded.androidx.room.jarjarred.kotlinx.metadata.internal.extensions.MetadataExtensions$Companion::getINSTANCES (14 bytes)
Event: 20302.057 Thread 0x0000021124092ba0 nmethod 88714 0x000002110be84e10 code [0x000002110be84fc0, 0x000002110be85200]
Event: 20302.057 Thread 0x0000021124092ba0 88712       3       dagger.spi.shaded.androidx.room.jarjarred.kotlinx.metadata.internal.protobuf.GeneratedMessageLite$ExtensionDescriptor::getLiteJavaType (8 bytes)
Event: 20302.057 Thread 0x0000021124092ba0 nmethod 88712 0x000002110be84a10 code [0x000002110be84ba0, 0x000002110be84d48]
Event: 20302.058 Thread 0x0000021124092ba0 88709       3       dagger.spi.shaded.androidx.room.jarjarred.kotlinx.metadata.internal.protobuf.FieldSet::newFieldSet (8 bytes)
Event: 20302.058 Thread 0x0000021124092ba0 nmethod 88709 0x000002110be84210 code [0x000002110be843e0, 0x000002110be84808]
Event: 20302.058 Thread 0x0000021124092ba0 88710       3       dagger.spi.shaded.androidx.room.jarjarred.kotlinx.metadata.internal.protobuf.FieldSet::<init> (19 bytes)
Event: 20302.058 Thread 0x0000021124092ba0 nmethod 88710 0x000002110be83810 code [0x000002110be83a00, 0x000002110be83ff0]
Event: 20302.058 Thread 0x0000021124092ba0 88716       3       dagger.spi.shaded.androidx.room.jarjarred.kotlinx.metadata.internal.protobuf.SmallSortedMap$1::makeImmutable (142 bytes)
Event: 20302.059 Thread 0x0000021124092ba0 nmethod 88716 0x000002110be81710 code [0x000002110be81a80, 0x000002110be83248]
Event: 20302.059 Thread 0x0000021124092ba0 88715       3       dagger.spi.shaded.androidx.room.jarjarred.kotlinx.metadata.internal.protobuf.FieldSet::makeImmutable (21 bytes)

GC Heap History (20 events):
Event: 19992.955 GC heap before
{Heap before GC invocations=177 (full 1):
 garbage-first heap   total 860160K, used 773454K [0x0000000080000000, 0x0000000100000000)
  region size 1024K, 474 young (485376K), 7 survivors (7168K)
 Metaspace       used 220202K, committed 222144K, reserved 1310720K
  class space    used 27626K, committed 28608K, reserved 1048576K
}
Event: 19993.022 GC heap after
{Heap after GC invocations=178 (full 1):
 garbage-first heap   total 860160K, used 336206K [0x0000000080000000, 0x0000000100000000)
  region size 1024K, 59 young (60416K), 59 survivors (60416K)
 Metaspace       used 220202K, committed 222144K, reserved 1310720K
  class space    used 27626K, committed 28608K, reserved 1048576K
}
Event: 19993.229 GC heap before
{Heap before GC invocations=178 (full 1):
 garbage-first heap   total 860160K, used 582990K [0x0000000080000000, 0x0000000100000000)
  region size 1024K, 301 young (308224K), 59 survivors (60416K)
 Metaspace       used 220202K, committed 222144K, reserved 1310720K
  class space    used 27626K, committed 28608K, reserved 1048576K
}
Event: 19993.289 GC heap after
{Heap after GC invocations=179 (full 1):
 garbage-first heap   total 860160K, used 344398K [0x0000000080000000, 0x0000000100000000)
  region size 1024K, 12 young (12288K), 12 survivors (12288K)
 Metaspace       used 220202K, committed 222144K, reserved 1310720K
  class space    used 27626K, committed 28608K, reserved 1048576K
}
Event: 19993.728 GC heap before
{Heap before GC invocations=180 (full 1):
 garbage-first heap   total 860160K, used 726474K [0x0000000080000000, 0x0000000100000000)
  region size 1024K, 423 young (433152K), 12 survivors (12288K)
 Metaspace       used 209372K, committed 214208K, reserved 1310720K
  class space    used 26379K, committed 28544K, reserved 1048576K
}
Event: 19993.742 GC heap after
{Heap after GC invocations=181 (full 1):
 garbage-first heap   total 860160K, used 309553K [0x0000000080000000, 0x0000000100000000)
  region size 1024K, 15 young (15360K), 15 survivors (15360K)
 Metaspace       used 209372K, committed 214208K, reserved 1310720K
  class space    used 26379K, committed 28544K, reserved 1048576K
}
Event: 19994.008 GC heap before
{Heap before GC invocations=181 (full 1):
 garbage-first heap   total 860160K, used 774449K [0x0000000080000000, 0x0000000100000000)
  region size 1024K, 470 young (481280K), 15 survivors (15360K)
 Metaspace       used 209377K, committed 214208K, reserved 1310720K
  class space    used 26379K, committed 28544K, reserved 1048576K
}
Event: 19994.026 GC heap after
{Heap after GC invocations=182 (full 1):
 garbage-first heap   total 860160K, used 297986K [0x0000000080000000, 0x0000000100000000)
  region size 1024K, 22 young (22528K), 22 survivors (22528K)
 Metaspace       used 209377K, committed 214208K, reserved 1310720K
  class space    used 26379K, committed 28544K, reserved 1048576K
}
Event: 19994.396 GC heap before
{Heap before GC invocations=182 (full 1):
 garbage-first heap   total 860160K, used 782338K [0x0000000080000000, 0x0000000100000000)
  region size 1024K, 496 young (507904K), 22 survivors (22528K)
 Metaspace       used 209403K, committed 214208K, reserved 1310720K
  class space    used 26379K, committed 28544K, reserved 1048576K
}
Event: 19994.413 GC heap after
{Heap after GC invocations=183 (full 1):
 garbage-first heap   total 860160K, used 299082K [0x0000000080000000, 0x0000000100000000)
  region size 1024K, 23 young (23552K), 23 survivors (23552K)
 Metaspace       used 209403K, committed 214208K, reserved 1310720K
  class space    used 26379K, committed 28544K, reserved 1048576K
}
Event: 19994.827 GC heap before
{Heap before GC invocations=184 (full 1):
 garbage-first heap   total 860160K, used 778314K [0x0000000080000000, 0x0000000100000000)
  region size 1024K, 503 young (515072K), 23 survivors (23552K)
 Metaspace       used 195108K, committed 200192K, reserved 1310720K
  class space    used 24546K, committed 26752K, reserved 1048576K
}
Event: 19994.847 GC heap after
{Heap after GC invocations=185 (full 1):
 garbage-first heap   total 860160K, used 288875K [0x0000000080000000, 0x0000000100000000)
  region size 1024K, 25 young (25600K), 25 survivors (25600K)
 Metaspace       used 195108K, committed 200192K, reserved 1310720K
  class space    used 24546K, committed 26752K, reserved 1048576K
}
Event: 19995.166 GC heap before
{Heap before GC invocations=185 (full 1):
 garbage-first heap   total 860160K, used 779371K [0x0000000080000000, 0x0000000100000000)
  region size 1024K, 504 young (516096K), 25 survivors (25600K)
 Metaspace       used 195108K, committed 200192K, reserved 1310720K
  class space    used 24546K, committed 26752K, reserved 1048576K
}
Event: 19995.195 GC heap after
{Heap after GC invocations=186 (full 1):
 garbage-first heap   total 860160K, used 277040K [0x0000000080000000, 0x0000000100000000)
  region size 1024K, 27 young (27648K), 27 survivors (27648K)
 Metaspace       used 195108K, committed 200192K, reserved 1310720K
  class space    used 24546K, committed 26752K, reserved 1048576K
}
Event: 19995.647 GC heap before
{Heap before GC invocations=186 (full 1):
 garbage-first heap   total 860160K, used 764464K [0x0000000080000000, 0x0000000100000000)
  region size 1024K, 504 young (516096K), 27 survivors (27648K)
 Metaspace       used 195111K, committed 200192K, reserved 1310720K
  class space    used 24546K, committed 26752K, reserved 1048576K
}
Event: 19995.674 GC heap after
{Heap after GC invocations=187 (full 1):
 garbage-first heap   total 1061888K, used 278100K [0x0000000080000000, 0x0000000100000000)
  region size 1024K, 28 young (28672K), 28 survivors (28672K)
 Metaspace       used 195111K, committed 200192K, reserved 1310720K
  class space    used 24546K, committed 26752K, reserved 1048576K
}
Event: 20235.528 GC heap before
{Heap before GC invocations=188 (full 1):
 garbage-first heap   total 939008K, used 881236K [0x0000000080000000, 0x0000000100000000)
  region size 1024K, 550 young (563200K), 28 survivors (28672K)
 Metaspace       used 195220K, committed 200192K, reserved 1310720K
  class space    used 24558K, committed 26752K, reserved 1048576K
}
Event: 20235.694 GC heap after
{Heap after GC invocations=189 (full 1):
 garbage-first heap   total 939008K, used 269928K [0x0000000080000000, 0x0000000100000000)
  region size 1024K, 24 young (24576K), 24 survivors (24576K)
 Metaspace       used 195220K, committed 200192K, reserved 1310720K
  class space    used 24558K, committed 26752K, reserved 1048576K
}
Event: 20298.728 GC heap before
{Heap before GC invocations=189 (full 1):
 garbage-first heap   total 939008K, used 853608K [0x0000000080000000, 0x0000000100000000)
  region size 1024K, 550 young (563200K), 24 survivors (24576K)
 Metaspace       used 209662K, committed 211584K, reserved 1310720K
  class space    used 26112K, committed 27072K, reserved 1048576K
}
Event: 20299.504 GC heap after
{Heap after GC invocations=190 (full 1):
 garbage-first heap   total 939008K, used 313756K [0x0000000080000000, 0x0000000100000000)
  region size 1024K, 64 young (65536K), 64 survivors (65536K)
 Metaspace       used 209662K, committed 211584K, reserved 1310720K
  class space    used 26112K, committed 27072K, reserved 1048576K
}

Dll operation events (3 events):
Event: 0.012 Loaded shared library C:\Program Files\Android\Android Studio1\jbr\bin\java.dll
Event: 0.018 Loaded shared library C:\Program Files\Android\Android Studio1\jbr\bin\zip.dll
Event: 0.648 Loaded shared library C:\Program Files\Android\Android Studio1\jbr\bin\verify.dll

Deoptimization events (20 events):
Event: 20295.774 Thread 0x0000021139287510 DEOPT PACKING pc=0x000002110d0e9ced sp=0x000000833d2f9c00
Event: 20295.775 Thread 0x0000021139287510 DEOPT UNPACKING pc=0x0000021112984e42 sp=0x000000833d2f91c0 mode 0
Event: 20296.065 Thread 0x0000021139287510 DEOPT PACKING pc=0x000002110d82f19f sp=0x000000833d2f7fb0
Event: 20296.065 Thread 0x0000021139287510 DEOPT UNPACKING pc=0x0000021112984e42 sp=0x000000833d2f7420 mode 0
Event: 20301.997 Thread 0x0000021139287510 Uncommon trap: trap_request=0xffffffde fr.pc=0x00000211154cfd50 relative=0x0000000000003330
Event: 20301.997 Thread 0x0000021139287510 Uncommon trap: reason=class_check action=maybe_recompile pc=0x00000211154cfd50 method=com.squareup.javapoet.TypeName.equals(Ljava/lang/Object;)Z @ 31 c2
Event: 20301.997 Thread 0x0000021139287510 DEOPT PACKING pc=0x00000211154cfd50 sp=0x000000833d2f91f0
Event: 20301.997 Thread 0x0000021139287510 DEOPT UNPACKING pc=0x00000211129846a2 sp=0x000000833d2f91f8 mode 2
Event: 20302.017 Thread 0x0000021139287510 Uncommon trap: trap_request=0xffffffde fr.pc=0x00000211154cfd50 relative=0x0000000000003330
Event: 20302.017 Thread 0x0000021139287510 Uncommon trap: reason=class_check action=maybe_recompile pc=0x00000211154cfd50 method=com.squareup.javapoet.TypeName.equals(Ljava/lang/Object;)Z @ 31 c2
Event: 20302.017 Thread 0x0000021139287510 DEOPT PACKING pc=0x00000211154cfd50 sp=0x000000833d2f9290
Event: 20302.017 Thread 0x0000021139287510 DEOPT UNPACKING pc=0x00000211129846a2 sp=0x000000833d2f9298 mode 2
Event: 20302.017 Thread 0x0000021139287510 Uncommon trap: trap_request=0xffffffde fr.pc=0x00000211154cfd50 relative=0x0000000000003330
Event: 20302.017 Thread 0x0000021139287510 Uncommon trap: reason=class_check action=maybe_recompile pc=0x00000211154cfd50 method=com.squareup.javapoet.TypeName.equals(Ljava/lang/Object;)Z @ 31 c2
Event: 20302.017 Thread 0x0000021139287510 DEOPT PACKING pc=0x00000211154cfd50 sp=0x000000833d2f9290
Event: 20302.017 Thread 0x0000021139287510 DEOPT UNPACKING pc=0x00000211129846a2 sp=0x000000833d2f9298 mode 2
Event: 20302.017 Thread 0x0000021139287510 Uncommon trap: trap_request=0xffffffde fr.pc=0x00000211154cfd50 relative=0x0000000000003330
Event: 20302.017 Thread 0x0000021139287510 Uncommon trap: reason=class_check action=maybe_recompile pc=0x00000211154cfd50 method=com.squareup.javapoet.TypeName.equals(Ljava/lang/Object;)Z @ 31 c2
Event: 20302.017 Thread 0x0000021139287510 DEOPT PACKING pc=0x00000211154cfd50 sp=0x000000833d2f9290
Event: 20302.017 Thread 0x0000021139287510 DEOPT UNPACKING pc=0x00000211129846a2 sp=0x000000833d2f9298 mode 2

Classes loaded (20 events):
Event: 17247.119 Loading class java/nio/file/Path$1
Event: 17247.125 Loading class java/nio/file/Path$1 done
Event: 17253.274 Loading class java/util/regex/Matcher$ImmutableMatchResult
Event: 17253.277 Loading class java/util/regex/Matcher$ImmutableMatchResult done
Event: 17255.267 Loading class java/util/ArrayDeque$DescendingIterator
Event: 17255.272 Loading class java/util/ArrayDeque$DescendingIterator done
Event: 17255.344 Loading class java/util/stream/Stream$1
Event: 17255.345 Loading class java/util/Spliterators$AbstractSpliterator
Event: 17255.346 Loading class java/util/Spliterators$AbstractSpliterator done
Event: 17255.346 Loading class java/util/stream/Stream$1 done
Event: 17256.071 Loading class java/text/FieldPosition$Delegate
Event: 17256.072 Loading class java/text/FieldPosition$Delegate done
Event: 17256.308 Loading class java/lang/invoke/WrongMethodTypeException
Event: 17256.309 Loading class java/lang/invoke/WrongMethodTypeException done
Event: 17692.909 Loading class sun/nio/cs/US_ASCII$Decoder
Event: 17692.911 Loading class sun/nio/cs/US_ASCII$Decoder done
Event: 19878.628 Loading class java/nio/file/CopyMoveHelper
Event: 19878.635 Loading class java/nio/file/CopyMoveHelper done
Event: 19878.636 Loading class java/nio/file/CopyMoveHelper$CopyOptions
Event: 19878.637 Loading class java/nio/file/CopyMoveHelper$CopyOptions done

Classes unloaded (20 events):
Event: 19994.619 Thread 0x000002111fe1d960 Unloading class 0x00000001018d51c0 'kotlin/jvm/functions/Function0'
Event: 19994.619 Thread 0x000002111fe1d960 Unloading class 0x00000001018d4f68 'dagger/spi/shaded/androidx/room/compiler/processing/javac/JavacBasicAnnotationProcessor$2'
Event: 19994.619 Thread 0x000002111fe1d960 Unloading class 0x00000001018d4d30 'kotlin/jvm/internal/Lambda'
Event: 19994.619 Thread 0x000002111fe1d960 Unloading class 0x00000001018d4b20 'kotlin/jvm/internal/FunctionBase'
Event: 19994.619 Thread 0x000002111fe1d960 Unloading class 0x00000001018d4910 'kotlin/jvm/functions/Function1'
Event: 19994.619 Thread 0x000002111fe1d960 Unloading class 0x00000001018d4700 'kotlin/Function'
Event: 19994.619 Thread 0x000002111fe1d960 Unloading class 0x00000001018d4490 'kotlin/UninitializedPropertyAccessException'
Event: 19994.619 Thread 0x000002111fe1d960 Unloading class 0x00000001018d4218 'kotlin/KotlinNullPointerException'
Event: 19994.619 Thread 0x000002111fe1d960 Unloading class 0x00000001018d4000 'kotlin/jvm/internal/Intrinsics'
Event: 19994.619 Thread 0x000002111fe1d960 Unloading class 0x00000001018d3d90 'dagger/spi/shaded/androidx/room/compiler/processing/XProcessingEnvConfig$Companion'
Event: 19994.619 Thread 0x000002111fe1d960 Unloading class 0x00000001018d3b78 'dagger/spi/shaded/androidx/room/compiler/processing/XProcessingEnvConfig'
Event: 19994.619 Thread 0x000002111fe1d960 Unloading class 0x00000001018d3958 'dagger/spi/shaded/androidx/room/compiler/processing/XProcessingEnvConfig$Builder'
Event: 19994.619 Thread 0x000002111fe1d960 Unloading class 0x00000001018d3740 'dagger/hilt/processor/internal/HiltProcessingEnvConfigs'
Event: 19994.619 Thread 0x000002111fe1d960 Unloading class 0x00000001018d34a8 'dagger/hilt/processor/internal/uninstallmodules/UninstallModulesProcessingStep'
Event: 19994.619 Thread 0x000002111fe1d960 Unloading class 0x00000001018d3210 'dagger/hilt/processor/internal/BaseProcessingStep'
Event: 19994.619 Thread 0x000002111fe1d960 Unloading class 0x00000001018d3000 'dagger/spi/shaded/androidx/room/compiler/processing/XProcessingStep'
Event: 19994.619 Thread 0x000002111fe1d960 Unloading class 0x00000001018d2400 'dagger/hilt/processor/internal/uninstallmodules/UninstallModulesProcessor'
Event: 19994.619 Thread 0x000002111fe1d960 Unloading class 0x00000001018d2d00 'dagger/hilt/processor/internal/JavacBaseProcessingStepProcessor'
Event: 19994.619 Thread 0x000002111fe1d960 Unloading class 0x00000001018d2a10 'dagger/spi/shaded/androidx/room/compiler/processing/javac/JavacBasicAnnotationProcessor'
Event: 19994.619 Thread 0x000002111fe1d960 Unloading class 0x00000001018d2800 'dagger/spi/shaded/androidx/room/compiler/processing/XBasicAnnotationProcessor'

Classes redefined (0 events):
No events

Internal exceptions (20 events):
Event: 20301.577 Thread 0x0000021139287510 Exception <a 'sun/nio/fs/WindowsException'{0x00000000bc451f00}> (0x00000000bc451f00) 
thrown [s\src\hotspot\share\prims\jni.cpp, line 535]
Event: 20301.579 Thread 0x0000021139287510 Exception <a 'sun/nio/fs/WindowsException'{0x00000000bc493388}> (0x00000000bc493388) 
thrown [s\src\hotspot\share\prims\jni.cpp, line 535]
Event: 20301.579 Thread 0x0000021139287510 Exception <a 'sun/nio/fs/WindowsException'{0x00000000bc494ed0}> (0x00000000bc494ed0) 
thrown [s\src\hotspot\share\prims\jni.cpp, line 535]
Event: 20301.580 Thread 0x0000021139287510 Exception <a 'sun/nio/fs/WindowsException'{0x00000000bc496a88}> (0x00000000bc496a88) 
thrown [s\src\hotspot\share\prims\jni.cpp, line 535]
Event: 20301.643 Thread 0x0000021139287510 Exception <a 'sun/nio/fs/WindowsException'{0x00000000bc01b2f8}> (0x00000000bc01b2f8) 
thrown [s\src\hotspot\share\prims\jni.cpp, line 535]
Event: 20301.643 Thread 0x0000021139287510 Exception <a 'sun/nio/fs/WindowsException'{0x00000000bc01df88}> (0x00000000bc01df88) 
thrown [s\src\hotspot\share\prims\jni.cpp, line 535]
Event: 20301.643 Thread 0x0000021139287510 Exception <a 'sun/nio/fs/WindowsException'{0x00000000bc01fac8}> (0x00000000bc01fac8) 
thrown [s\src\hotspot\share\prims\jni.cpp, line 535]
Event: 20301.644 Thread 0x0000021139287510 Exception <a 'sun/nio/fs/WindowsException'{0x00000000bc021670}> (0x00000000bc021670) 
thrown [s\src\hotspot\share\prims\jni.cpp, line 535]
Event: 20302.021 Thread 0x0000021139287510 Exception <a 'sun/nio/fs/WindowsException'{0x00000000bae94a90}> (0x00000000bae94a90) 
thrown [s\src\hotspot\share\prims\jni.cpp, line 535]
Event: 20302.022 Thread 0x0000021139287510 Exception <a 'sun/nio/fs/WindowsException'{0x00000000baeb9428}> (0x00000000baeb9428) 
thrown [s\src\hotspot\share\prims\jni.cpp, line 535]
Event: 20302.023 Thread 0x0000021139287510 Exception <a 'sun/nio/fs/WindowsException'{0x00000000baebacb8}> (0x00000000baebacb8) 
thrown [s\src\hotspot\share\prims\jni.cpp, line 535]
Event: 20302.023 Thread 0x0000021139287510 Exception <a 'sun/nio/fs/WindowsException'{0x00000000baebc5b0}> (0x00000000baebc5b0) 
thrown [s\src\hotspot\share\prims\jni.cpp, line 535]
Event: 20302.033 Thread 0x0000021139287510 Exception <a 'sun/nio/fs/WindowsException'{0x00000000bada6a90}> (0x00000000bada6a90) 
thrown [s\src\hotspot\share\prims\jni.cpp, line 535]
Event: 20302.036 Thread 0x0000021139287510 Exception <a 'sun/nio/fs/WindowsException'{0x00000000bac046f0}> (0x00000000bac046f0) 
thrown [s\src\hotspot\share\prims\jni.cpp, line 535]
Event: 20302.036 Thread 0x0000021139287510 Exception <a 'sun/nio/fs/WindowsException'{0x00000000bac05f80}> (0x00000000bac05f80) 
thrown [s\src\hotspot\share\prims\jni.cpp, line 535]
Event: 20302.037 Thread 0x0000021139287510 Exception <a 'sun/nio/fs/WindowsException'{0x00000000bac07878}> (0x00000000bac07878) 
thrown [s\src\hotspot\share\prims\jni.cpp, line 535]
Event: 20302.044 Thread 0x0000021139287510 Exception <a 'sun/nio/fs/WindowsException'{0x00000000bab00fa8}> (0x00000000bab00fa8) 
thrown [s\src\hotspot\share\prims\jni.cpp, line 535]
Event: 20302.045 Thread 0x0000021139287510 Exception <a 'sun/nio/fs/WindowsException'{0x00000000bab0c878}> (0x00000000bab0c878) 
thrown [s\src\hotspot\share\prims\jni.cpp, line 535]
Event: 20302.045 Thread 0x0000021139287510 Exception <a 'sun/nio/fs/WindowsException'{0x00000000bab0e390}> (0x00000000bab0e390) 
thrown [s\src\hotspot\share\prims\jni.cpp, line 535]
Event: 20302.045 Thread 0x0000021139287510 Exception <a 'sun/nio/fs/WindowsException'{0x00000000bab0ff18}> (0x00000000bab0ff18) 
thrown [s\src\hotspot\share\prims\jni.cpp, line 535]

ZGC Phase Switch (0 events):
No events

VM Operations (20 events):
Event: 20298.368 Executing VM operation: Cleanup done
Event: 20298.727 Executing VM operation: G1CollectForAllocation (G1 Evacuation Pause)
Event: 20299.504 Executing VM operation: G1CollectForAllocation (G1 Evacuation Pause) done
Event: 20300.515 Executing VM operation: Cleanup
Event: 20300.516 Executing VM operation: Cleanup done
Event: 20300.823 Executing VM operation: HandshakeAllThreads (Deoptimize)
Event: 20300.825 Executing VM operation: HandshakeAllThreads (Deoptimize) done
Event: 20300.846 Executing VM operation: HandshakeAllThreads (HandshakeForDeflation)
Event: 20300.861 Executing VM operation: HandshakeAllThreads (HandshakeForDeflation) done
Event: 20300.862 Executing VM operation: RendezvousGCThreads
Event: 20300.862 Executing VM operation: RendezvousGCThreads done
Event: 20301.398 Executing VM operation: HandshakeAllThreads (Deoptimize)
Event: 20301.399 Executing VM operation: HandshakeAllThreads (Deoptimize) done
Event: 20301.604 Executing VM operation: HandshakeAllThreads (Deoptimize)
Event: 20301.605 Executing VM operation: HandshakeAllThreads (Deoptimize) done
Event: 20301.605 Executing VM operation: Cleanup
Event: 20301.605 Executing VM operation: Cleanup done
Event: 20301.899 Executing VM operation: HandshakeAllThreads (Deoptimize)
Event: 20301.899 Executing VM operation: HandshakeAllThreads (Deoptimize) done
Event: 20302.905 Executing VM operation: Cleanup

Memory protections (0 events):
No events

Nmethod flushes (20 events):
Event: 19995.889 Thread 0x000002111fe1d960 flushing  nmethod 0x000002110cc62090
Event: 19995.889 Thread 0x000002111fe1d960 flushing  nmethod 0x000002110d021890
Event: 19995.889 Thread 0x000002111fe1d960 flushing  nmethod 0x000002110b905e90
Event: 19995.889 Thread 0x000002111fe1d960 flushing  nmethod 0x000002110c6b7b10
Event: 19995.889 Thread 0x000002111fe1d960 flushing  nmethod 0x000002110dbc5490
Event: 19995.889 Thread 0x000002111fe1d960 flushing  nmethod 0x000002110c52ca10
Event: 19995.889 Thread 0x000002111fe1d960 flushing  nmethod 0x00000211149b5e10
Event: 19995.890 Thread 0x000002111fe1d960 flushing  nmethod 0x000002110c4ba010
Event: 19995.890 Thread 0x000002111fe1d960 flushing  nmethod 0x000002110cac3410
Event: 19995.890 Thread 0x000002111fe1d960 flushing  nmethod 0x000002110b654d10
Event: 19995.890 Thread 0x000002111fe1d960 flushing  nmethod 0x000002110d695310
Event: 19995.890 Thread 0x000002111fe1d960 flushing  nmethod 0x000002110b427410
Event: 19995.890 Thread 0x000002111fe1d960 flushing  nmethod 0x000002110c556710
Event: 19995.890 Thread 0x000002111fe1d960 flushing  nmethod 0x000002110caad510
Event: 19995.890 Thread 0x000002111fe1d960 flushing  nmethod 0x000002110e22d010
Event: 19995.890 Thread 0x000002111fe1d960 flushing  nmethod 0x000002110b969e10
Event: 19995.890 Thread 0x000002111fe1d960 flushing  nmethod 0x000002110df91a10
Event: 19995.890 Thread 0x000002111fe1d960 flushing  nmethod 0x000002110b46ac10
Event: 19995.890 Thread 0x000002111fe1d960 flushing  nmethod 0x0000021113703c90
Event: 19995.890 Thread 0x000002111fe1d960 flushing  nmethod 0x000002110cec6b10

Events (20 events):
Event: 20269.571 Thread 0x0000021138acfed0 Thread added: 0x0000021138ca6370
Event: 20269.796 Thread 0x000002113162f8f0 Thread added: 0x000002113162ff80
Event: 20288.699 Thread 0x0000021139284720 Thread added: 0x00000211319e7030
Event: 20288.702 Thread 0x0000021139284720 Thread added: 0x00000211319e83e0
Event: 20288.708 Thread 0x0000021139284720 Thread added: 0x0000021131630ca0
Event: 20288.709 Thread 0x0000021139284720 Thread added: 0x0000021131630610
Event: 20288.712 Thread 0x0000021139284720 Thread added: 0x0000021139cff240
Event: 20288.713 Thread 0x0000021139284720 Thread added: 0x0000021139cfd170
Event: 20288.714 Thread 0x0000021139284720 Thread added: 0x0000021139cff8d0
Event: 20288.715 Thread 0x0000021139284720 Thread added: 0x0000021139cfff60
Event: 20288.716 Thread 0x0000021139284720 Thread added: 0x0000021139d005f0
Event: 20288.717 Thread 0x0000021139284720 Thread added: 0x0000021139cfd800
Event: 20288.717 Thread 0x0000021139284720 Thread added: 0x0000021139cfde90
Event: 20294.072 Thread 0x0000021139287510 Thread added: 0x00000211319e4f60
Event: 20294.805 Thread 0x0000021139287510 Thread added: 0x00000211319e55f0
Event: 20295.111 Thread 0x0000021139287510 Thread added: 0x000002113941d520
Event: 20299.679 Thread 0x000002113162ff80 Thread exited: 0x000002113162ff80
Event: 20299.679 Thread 0x00000211391a4fb0 Thread exited: 0x00000211391a4fb0
Event: 20301.138 Thread 0x0000021124092ba0 Thread added: 0x00000211394c3d80
Event: 20302.019 Thread 0x0000021124092ba0 Thread added: 0x00000211394c4b20


Dynamic libraries:
0x00007ff79c980000 - 0x00007ff79c98a000 	C:\Program Files\Android\Android Studio1\jbr\bin\java.exe
0x00007ff8a90c0000 - 0x00007ff8a9328000 	C:\WINDOWS\SYSTEM32\ntdll.dll
0x00007ff8a74d0000 - 0x00007ff8a7599000 	C:\WINDOWS\System32\KERNEL32.DLL
0x00007ff8a62d0000 - 0x00007ff8a66bd000 	C:\WINDOWS\System32\KERNELBASE.dll
0x00007ff8a68d0000 - 0x00007ff8a6a1b000 	C:\WINDOWS\System32\ucrtbase.dll
0x00007ff87c190000 - 0x00007ff87c1a8000 	C:\Program Files\Android\Android Studio1\jbr\bin\jli.dll
0x00007ff877bf0000 - 0x00007ff877c0b000 	C:\Program Files\Android\Android Studio1\jbr\bin\VCRUNTIME140.dll
0x00007ff8a8430000 - 0x00007ff8a85fc000 	C:\WINDOWS\System32\USER32.dll
0x00007ff8a5440000 - 0x00007ff8a56da000 	C:\WINDOWS\WinSxS\amd64_microsoft.windows.common-controls_6595b64144ccf1df_6.0.26100.4484_none_3e0e6d4ce32ef3b3\COMCTL32.dll
0x00007ff8a6ad0000 - 0x00007ff8a6af7000 	C:\WINDOWS\System32\win32u.dll
0x00007ff8a8680000 - 0x00007ff8a8729000 	C:\WINDOWS\System32\msvcrt.dll
0x00007ff8a8930000 - 0x00007ff8a895b000 	C:\WINDOWS\System32\GDI32.dll
0x00007ff8a6d20000 - 0x00007ff8a6e57000 	C:\WINDOWS\System32\gdi32full.dll
0x00007ff8a6a20000 - 0x00007ff8a6ac3000 	C:\WINDOWS\System32\msvcp_win.dll
0x00007ff8a8c80000 - 0x00007ff8a8caf000 	C:\WINDOWS\System32\IMM32.DLL
0x00007ff87a8d0000 - 0x00007ff87a8dc000 	C:\Program Files\Android\Android Studio1\jbr\bin\vcruntime140_1.dll
0x00007ff82ef20000 - 0x00007ff82efad000 	C:\Program Files\Android\Android Studio1\jbr\bin\msvcp140.dll
0x00007ff82af10000 - 0x00007ff82bb9b000 	C:\Program Files\Android\Android Studio1\jbr\bin\server\jvm.dll
0x00007ff8a6f50000 - 0x00007ff8a7004000 	C:\WINDOWS\System32\ADVAPI32.dll
0x00007ff8a6e70000 - 0x00007ff8a6f16000 	C:\WINDOWS\System32\sechost.dll
0x00007ff8a7cf0000 - 0x00007ff8a7e08000 	C:\WINDOWS\System32\RPCRT4.dll
0x00007ff8a8600000 - 0x00007ff8a8674000 	C:\WINDOWS\System32\WS2_32.dll
0x00007ff8a6060000 - 0x00007ff8a60be000 	C:\WINDOWS\SYSTEM32\POWRPROF.dll
0x00007ff89d830000 - 0x00007ff89d865000 	C:\WINDOWS\SYSTEM32\WINMM.dll
0x00007ff89d870000 - 0x00007ff89d87b000 	C:\WINDOWS\SYSTEM32\VERSION.dll
0x00007ff8a6040000 - 0x00007ff8a6054000 	C:\WINDOWS\SYSTEM32\UMPDC.dll
0x00007ff8a4670000 - 0x00007ff8a468b000 	C:\WINDOWS\SYSTEM32\kernel.appcore.dll
0x00007ff879130000 - 0x00007ff87913a000 	C:\Program Files\Android\Android Studio1\jbr\bin\jimage.dll
0x00007ff8a59c0000 - 0x00007ff8a5c01000 	C:\WINDOWS\SYSTEM32\DBGHELP.DLL
0x00007ff8a8ce0000 - 0x00007ff8a9066000 	C:\WINDOWS\System32\combase.dll
0x00007ff8a8960000 - 0x00007ff8a8a40000 	C:\WINDOWS\System32\OLEAUT32.dll
0x00007ff8a58a0000 - 0x00007ff8a58e3000 	C:\WINDOWS\SYSTEM32\dbgcore.DLL
0x00007ff8a6b00000 - 0x00007ff8a6b99000 	C:\WINDOWS\System32\bcryptPrimitives.dll
0x00007ff8a3050000 - 0x00007ff8a305e000 	C:\Program Files\Android\Android Studio1\jbr\bin\instrument.dll
0x00007ff877bd0000 - 0x00007ff877bf0000 	C:\Program Files\Android\Android Studio1\jbr\bin\java.dll
0x00007ff877bb0000 - 0x00007ff877bc8000 	C:\Program Files\Android\Android Studio1\jbr\bin\zip.dll
0x00007ff8a75a0000 - 0x00007ff8a7cea000 	C:\WINDOWS\System32\SHELL32.dll
0x00007ff8a6750000 - 0x00007ff8a68c4000 	C:\WINDOWS\System32\wintypes.dll
0x00007ff8a33b0000 - 0x00007ff8a3c0b000 	C:\WINDOWS\SYSTEM32\windows.storage.dll
0x00007ff8a7220000 - 0x00007ff8a7315000 	C:\WINDOWS\System32\SHCORE.dll
0x00007ff8a7090000 - 0x00007ff8a70fa000 	C:\WINDOWS\System32\shlwapi.dll
0x00007ff8a6120000 - 0x00007ff8a614f000 	C:\WINDOWS\SYSTEM32\profapi.dll
0x00007ff877ba0000 - 0x00007ff877bb0000 	C:\Program Files\Android\Android Studio1\jbr\bin\net.dll
0x00007ff89e1f0000 - 0x00007ff89e30e000 	C:\WINDOWS\SYSTEM32\WINHTTP.dll
0x00007ff8a4bb0000 - 0x00007ff8a4c1a000 	C:\WINDOWS\system32\mswsock.dll
0x00007ff877b80000 - 0x00007ff877b96000 	C:\Program Files\Android\Android Studio1\jbr\bin\nio.dll
0x00007ff82bff0000 - 0x00007ff82c000000 	C:\Program Files\Android\Android Studio1\jbr\bin\verify.dll
0x00007ff879830000 - 0x00007ff879857000 	C:\Users\harsh\.gradle\native\1def1411415f61bf3af743bc5b6707747c0891f09f0c88961ee8f79bc544acac\windows-amd64\native-platform.dll
0x00007ff82eea0000 - 0x00007ff82ef18000 	C:\Users\harsh\.gradle\native\0.2.7\x86_64-windows-gnu\gradle-fileevents.dll
0x00007ff8779c0000 - 0x00007ff8779c9000 	C:\Program Files\Android\Android Studio1\jbr\bin\management.dll
0x00007ff85de70000 - 0x00007ff85de7b000 	C:\Program Files\Android\Android Studio1\jbr\bin\management_ext.dll
0x00007ff8a6e60000 - 0x00007ff8a6e68000 	C:\WINDOWS\System32\PSAPI.DLL
0x00007ff8a4150000 - 0x00007ff8a4183000 	C:\WINDOWS\SYSTEM32\IPHLPAPI.DLL
0x00007ff8a9070000 - 0x00007ff8a907a000 	C:\WINDOWS\System32\NSI.dll
0x00007ff8779d0000 - 0x00007ff8779d9000 	C:\Program Files\Android\Android Studio1\jbr\bin\extnet.dll
0x00007ff8a5d30000 - 0x00007ff8a5d4b000 	C:\WINDOWS\SYSTEM32\CRYPTSP.dll
0x00007ff8a4cf0000 - 0x00007ff8a4d2b000 	C:\WINDOWS\system32\rsaenh.dll
0x00007ff8a4c20000 - 0x00007ff8a4c4b000 	C:\WINDOWS\SYSTEM32\USERENV.dll
0x00007ff8a60f0000 - 0x00007ff8a6116000 	C:\WINDOWS\SYSTEM32\bcrypt.dll
0x00007ff8a5230000 - 0x00007ff8a523c000 	C:\WINDOWS\SYSTEM32\CRYPTBASE.dll
0x00007ff87b960000 - 0x00007ff87b968000 	C:\WINDOWS\system32\wshunix.dll
0x00007ff88a240000 - 0x00007ff88a258000 	C:\WINDOWS\system32\napinsp.dll
0x00007ff8a4190000 - 0x00007ff8a42b6000 	C:\WINDOWS\SYSTEM32\DNSAPI.dll
0x00007ff889bb0000 - 0x00007ff889bc2000 	C:\WINDOWS\System32\winrnr.dll
0x00007ff889b30000 - 0x00007ff889b60000 	C:\WINDOWS\system32\nlansp_c.dll
0x00007ff889950000 - 0x00007ff889970000 	C:\WINDOWS\system32\wshbth.dll
0x00007ff89d590000 - 0x00007ff89d59b000 	C:\Windows\System32\rasadhlp.dll
0x00007ff89f460000 - 0x00007ff89f4e6000 	C:\WINDOWS\System32\fwpuclnt.dll
0x00007ff890030000 - 0x00007ff890037000 	C:\Program Files\Android\Android Studio1\jbr\bin\rmi.dll
0x00007ff8a5980000 - 0x00007ff8a59b6000 	C:\WINDOWS\SYSTEM32\ntmarta.dll

dbghelp: loaded successfully - version: 4.0.5 - missing functions: none
symbol engine: initialized successfully - sym options: 0x614 - pdb path: .;C:\Program Files\Android\Android Studio1\jbr\bin;C:\WINDOWS\SYSTEM32;C:\WINDOWS\WinSxS\amd64_microsoft.windows.common-controls_6595b64144ccf1df_6.0.26100.4484_none_3e0e6d4ce32ef3b3;C:\Program Files\Android\Android Studio1\jbr\bin\server;C:\Users\harsh\.gradle\native\1def1411415f61bf3af743bc5b6707747c0891f09f0c88961ee8f79bc544acac\windows-amd64;C:\Users\harsh\.gradle\native\0.2.7\x86_64-windows-gnu

VM Arguments:
jvm_args: --add-opens=java.base/java.lang=ALL-UNNAMED --add-opens=java.base/java.lang.invoke=ALL-UNNAMED --add-opens=java.base/java.util=ALL-UNNAMED --add-opens=java.prefs/java.util.prefs=ALL-UNNAMED --add-exports=jdk.compiler/com.sun.tools.javac.api=ALL-UNNAMED --add-exports=jdk.compiler/com.sun.tools.javac.util=ALL-UNNAMED --add-opens=java.base/java.util=ALL-UNNAMED --add-opens=java.prefs/java.util.prefs=ALL-UNNAMED --add-opens=java.base/java.nio.charset=ALL-UNNAMED --add-opens=java.base/java.net=ALL-UNNAMED --add-opens=java.base/java.util.concurrent.atomic=ALL-UNNAMED --add-opens=java.xml/javax.xml.namespace=ALL-UNNAMED -Xmx2048m -Dfile.encoding=UTF-8 -Duser.country=IN -Duser.language=en -Duser.variant -javaagent:C:\Users\harsh\.gradle\wrapper\dists\gradle-8.13-bin\5xuhj0ry160q40clulazy9h7d\gradle-8.13\lib\agents\gradle-instrumentation-agent-8.13.jar 
java_command: org.gradle.launcher.daemon.bootstrap.GradleDaemon 8.13
java_class_path (initial): C:\Users\harsh\.gradle\wrapper\dists\gradle-8.13-bin\5xuhj0ry160q40clulazy9h7d\gradle-8.13\lib\gradle-daemon-main-8.13.jar
Launcher Type: SUN_STANDARD

[Global flags]
     intx CICompilerCount                          = 4                                         {product} {ergonomic}
     uint ConcGCThreads                            = 3                                         {product} {ergonomic}
     uint G1ConcRefinementThreads                  = 10                                        {product} {ergonomic}
   size_t G1HeapRegionSize                         = 1048576                                   {product} {ergonomic}
    uintx GCDrainStackTargetSize                   = 64                                        {product} {ergonomic}
   size_t InitialHeapSize                          = 125829120                                 {product} {ergonomic}
   size_t MarkStackSize                            = 4194304                                   {product} {ergonomic}
   size_t MaxHeapSize                              = 2147483648                                {product} {command line}
   size_t MaxNewSize                               = 1287651328                                {product} {ergonomic}
   size_t MinHeapDeltaBytes                        = 1048576                                   {product} {ergonomic}
   size_t MinHeapSize                              = 8388608                                   {product} {ergonomic}
    uintx NonNMethodCodeHeapSize                   = 5839372                                {pd product} {ergonomic}
    uintx NonProfiledCodeHeapSize                  = 122909434                              {pd product} {ergonomic}
    uintx ProfiledCodeHeapSize                     = 122909434                              {pd product} {ergonomic}
    uintx ReservedCodeCacheSize                    = 251658240                              {pd product} {ergonomic}
     bool SegmentedCodeCache                       = true                                      {product} {ergonomic}
   size_t SoftMaxHeapSize                          = 2147483648                             {manageable} {ergonomic}
     bool UseCompressedOops                        = true                           {product lp64_product} {ergonomic}
     bool UseG1GC                                  = true                                      {product} {ergonomic}
     bool UseLargePagesIndividualAllocation        = false                                  {pd product} {ergonomic}

Logging:
Log output configuration:
 #0: stdout all=warning uptime,level,tags foldmultilines=false
 #1: stderr all=off uptime,level,tags foldmultilines=false

Environment Variables:
JAVA_HOME=C:\Program Files\Java\jdk-21
PATH=C:\Program Files\Python313\Scripts\;C:\Program Files\Python313\;C:\Program Files\Common Files\Oracle\Java\javapath;C:\WINDOWS\system32;C:\WINDOWS;C:\WINDOWS\System32\Wbem;C:\WINDOWS\System32\WindowsPowerShell\v1.0\;C:\WINDOWS\System32\OpenSSH\;C:\Program Files\Java\jdk-21\bin;C:\Program Files\nodejs\;C:\Program Files\Git\cmd;C:\Program Files\Docker\Docker\resources\bin;C:\Program Files\MySQL\MySQL Shell 8.0\bin\;C:\Users\harsh\AppData\Local\Microsoft\WindowsApps;C:\MinGW\bin;C:\Users\harsh\AppData\Roaming\npm;C:\Program Files\MongoDB\Server\7.0\bin;C:\Users\harsh\AppData\Local\GitHubDesktop\bin;C:\Users\harsh\AppData\Local\Programs\Microsoft VS Code\bin;C:\Users\harsh\AppData\Local\Microsoft\WindowsApps\python.exe;C:\users\harsh\appdata\roaming\python\python313\site-packages\git_filter_repo.py;C:\Users\harsh\AppData\Local\Programs\cursor\resources\app\bin;C:\Users\harsh\flutter_windows_3.32.6-stable\flutter\bin;
USERNAME=harsh
OS=Windows_NT
PROCESSOR_IDENTIFIER=AMD64 Family 25 Model 80 Stepping 0, AuthenticAMD
TMP=C:\Users\harsh\AppData\Local\Temp
TEMP=C:\Users\harsh\AppData\Local\Temp




Periodic native trim disabled

JNI global refs:
JNI global refs: 32, weak refs: 5

JNI global refs memory usage: 835, weak refs: 1281

Process memory usage:
Resident Set Size: 702984K (9% of 7763336K total physical memory with 1075112K free physical memory)

OOME stack traces (most recent first):
Classloader memory used:
Loader org.gradle.internal.classloader.VisitableURLClassLoader$InstrumentingVisitableURLClassLoader: 74814K
Loader org.gradle.internal.classloader.VisitableURLClassLoader                         : 51501K
Loader bootstrap                                                                       : 35930K
Loader java.net.URLClassLoader                                                         : 28330K
Loader org.gradle.initialization.MixInLegacyTypesClassLoader                           : 13849K
Loader jdk.internal.loader.ClassLoaders$AppClassLoader                                 : 9975K
Loader jdk.internal.loader.ClassLoaders$PlatformClassLoader                            : 1228K
Loader jdk.internal.reflect.DelegatingClassLoader                                      : 883K
Loader jdk.internal.jrtfs.JrtFileSystemProvider$JrtFsLoader                            : 577K
Loader org.gradle.internal.classloader.VisitableURLClassLoader                         : 279K
Loader sun.reflect.misc.MethodUtil                                                     : 2952B

Classes loaded by more than one classloader:
Class kotlin.SynchronizedLazyImpl                                                     : loaded 6 times (x 72B)
Class kotlin.LazyKt                                                                   : loaded 6 times (x 67B)
Class kotlin.KotlinNullPointerException                                               : loaded 6 times (x 79B)
Class kotlin.jvm.internal.Intrinsics                                                  : loaded 6 times (x 67B)
Class kotlin.UninitializedPropertyAccessException                                     : loaded 6 times (x 78B)
Class kotlin.LazyKt__LazyKt                                                           : loaded 6 times (x 67B)
Class kotlin.UNINITIALIZED_VALUE                                                      : loaded 6 times (x 67B)
Class kotlin.Lazy                                                                     : loaded 6 times (x 66B)
Class kotlin.NoWhenBranchMatchedException                                             : loaded 6 times (x 78B)
Class kotlin.jvm.internal.Lambda                                                      : loaded 6 times (x 71B)
Class kotlin.LazyKt__LazyJVMKt                                                        : loaded 6 times (x 67B)
Class kotlin.Function                                                                 : loaded 6 times (x 66B)
Class kotlin.jvm.internal.FunctionBase                                                : loaded 6 times (x 66B)
Class kotlin.jvm.functions.Function1                                                  : loaded 6 times (x 66B)
Class kotlin.jvm.functions.Function0                                                  : loaded 6 times (x 66B)
Class kotlin.collections.CollectionsKt                                                : loaded 5 times (x 67B)
Class kotlin.collections.CollectionsKt___CollectionsJvmKt                             : loaded 5 times (x 67B)
Class kotlin.text.StringsKt__StringNumberConversionsJVMKt                             : loaded 5 times (x 67B)
Class kotlin.sequences.Sequence                                                       : loaded 5 times (x 66B)
Class kotlin.TuplesKt                                                                 : loaded 5 times (x 67B)
Class kotlin.ranges.RangesKt                                                          : loaded 5 times (x 67B)
Class kotlin.collections.MapsKt__MapsJVMKt                                            : loaded 5 times (x 67B)
Class kotlin.collections.ArraysUtilJVM                                                : loaded 5 times (x 67B)
Class kotlin.collections.EmptyList                                                    : loaded 5 times (x 170B)
Class kotlin.enums.EnumEntries                                                        : loaded 5 times (x 66B)
Class kotlin.jvm.internal.CallableReference                                           : loaded 5 times (x 102B)
Class kotlin.collections.ArraysKt__ArraysKt                                           : loaded 5 times (x 67B)
Class kotlin.text.StringsKt__StringsKt                                                : loaded 5 times (x 67B)
Class kotlin.jvm.internal.FunctionReference                                           : loaded 5 times (x 118B)
Class kotlin.enums.EnumEntriesList                                                    : loaded 5 times (x 219B)
Class kotlin.jvm.functions.Function2                                                  : loaded 5 times (x 66B)
Class kotlin.NotImplementedError                                                      : loaded 5 times (x 78B)
Class kotlin.collections.SetsKt__SetsJVMKt                                            : loaded 5 times (x 67B)
Class kotlin.text.StringsKt__StringNumberConversionsKt                                : loaded 5 times (x 67B)
Class kotlin.collections.MapsKt___MapsJvmKt                                           : loaded 5 times (x 67B)
Class kotlin.ranges.RangesKt__RangesKt                                                : loaded 5 times (x 67B)
Class kotlin.collections.SetsKt___SetsKt                                              : loaded 5 times (x 67B)
Class kotlin.text.StringsKt__AppendableKt                                             : loaded 5 times (x 67B)
Class kotlin.collections.CollectionsKt__CollectionsKt                                 : loaded 5 times (x 67B)
Class kotlin.collections.CollectionsKt__ReversedViewsKt                               : loaded 5 times (x 67B)
Class kotlin.text.StringsKt                                                           : loaded 5 times (x 67B)
Class kotlin.collections.EmptySet                                                     : loaded 5 times (x 118B)
Class kotlin.jvm.internal.markers.KMappedMarker                                       : loaded 5 times (x 66B)
Class kotlin.collections.CollectionsKt___CollectionsKt                                : loaded 5 times (x 67B)
Class kotlin.reflect.KDeclarationContainer                                            : loaded 5 times (x 66B)
Class kotlin.collections.CollectionsKt__IteratorsKt                                   : loaded 5 times (x 67B)
Class kotlin.text.StringsKt___StringsJvmKt                                            : loaded 5 times (x 67B)
Class kotlin.collections.ArraysKt___ArraysKt                                          : loaded 5 times (x 67B)
Class kotlin.collections.MapsKt___MapsKt                                              : loaded 5 times (x 67B)
Class kotlin.Pair                                                                     : loaded 5 times (x 68B)
Class kotlin.collections.CollectionsKt__CollectionsJVMKt                              : loaded 5 times (x 67B)
Class kotlin.collections.ArraysKt___ArraysJvmKt                                       : loaded 5 times (x 67B)
Class kotlin.text.StringsKt__RegexExtensionsJVMKt                                     : loaded 5 times (x 67B)
Class kotlin.collections.MapsKt__MapWithDefaultKt                                     : loaded 5 times (x 67B)
Class kotlin.collections.AbstractList$Companion                                       : loaded 5 times (x 67B)
Class kotlin.enums.EnumEntriesKt                                                      : loaded 5 times (x 67B)
Class kotlin.text.StringsKt___StringsKt                                               : loaded 5 times (x 67B)
Class kotlin.collections.CollectionsKt__MutableCollectionsJVMKt                       : loaded 5 times (x 67B)
Class kotlin.text.StringsKt__StringBuilderKt                                          : loaded 5 times (x 67B)
Class kotlin.jvm.internal.CallableReference$NoReceiver                                : loaded 5 times (x 67B)
Class kotlin.collections.CollectionsKt__MutableCollectionsKt                          : loaded 5 times (x 67B)
Class kotlin.text.StringsKt__StringsJVMKt                                             : loaded 5 times (x 67B)
Class kotlin.collections.SetsKt                                                       : loaded 5 times (x 67B)
Class kotlin.reflect.KAnnotatedElement                                                : loaded 5 times (x 66B)
Class kotlin.text.StringsKt__StringBuilderJVMKt                                       : loaded 5 times (x 67B)
Class kotlin.collections.ArraysKt__ArraysJVMKt                                        : loaded 5 times (x 67B)
Class kotlin.collections.AbstractCollection                                           : loaded 5 times (x 113B)
Class kotlin.collections.MapsKt                                                       : loaded 5 times (x 67B)
Class kotlin.collections.CollectionsKt__IterablesKt                                   : loaded 5 times (x 67B)
Class kotlin.collections.AbstractList                                                 : loaded 5 times (x 193B)
Class kotlin.jvm.KotlinReflectionNotSupportedError                                    : loaded 5 times (x 78B)
Class kotlin.text.StringsKt__IndentKt                                                 : loaded 5 times (x 67B)
Class kotlin.ranges.RangesKt___RangesKt                                               : loaded 5 times (x 67B)
Class kotlin.collections.SetsKt__SetsKt                                               : loaded 5 times (x 67B)
Class Program                                                                         : loaded 5 times (x 68B)
Class kotlin.collections.CollectionsKt__IteratorsJVMKt                                : loaded 5 times (x 67B)
Class kotlin.collections.MapsKt__MapsKt                                               : loaded 5 times (x 67B)
Class kotlin.reflect.KCallable                                                        : loaded 5 times (x 66B)
Class kotlin.reflect.KFunction                                                        : loaded 5 times (x 66B)
Class kotlin.collections.ArraysKt                                                     : loaded 5 times (x 67B)
Class kotlin.text.StringsKt__RegexExtensionsKt                                        : loaded 5 times (x 67B)
Class com.google.common.collect.RegularImmutableMap                                   : loaded 4 times (x 117B)
Class kotlin.text.CharsKt__CharKt                                                     : loaded 4 times (x 67B)
Class com.google.common.collect.RegularImmutableAsList                                : loaded 4 times (x 212B)
Class com.google.common.base.CharMatcher                                              : loaded 4 times (x 107B)
Class com.google.common.collect.ImmutableMap$MapViewOfValuesAsSingletonSets           : loaded 4 times (x 121B)
Class com.google.common.base.Preconditions                                            : loaded 4 times (x 67B)
Class kotlin.ranges.IntProgression$Companion                                          : loaded 4 times (x 67B)
Class com.google.common.collect.Hashing                                               : loaded 4 times (x 67B)
Class com.google.common.base.Joiner$1                                                 : loaded 4 times (x 76B)
Class com.google.common.base.Equivalence$Equals                                       : loaded 4 times (x 78B)
Class com.google.common.collect.ImmutableSetMultimap                                  : loaded 4 times (x 176B)
Class com.google.common.collect.PeekingIterator                                       : loaded 4 times (x 66B)
Class com.google.common.collect.RegularImmutableBiMap                                 : loaded 4 times (x 144B)
Class com.google.common.collect.Iterators$1                                           : loaded 4 times (x 77B)
Class com.google.common.collect.ImmutableMultimap$2                                   : loaded 4 times (x 77B)
Class com.google.common.base.CharMatcher$Is                                           : loaded 4 times (x 107B)
Class com.google.common.base.CharMatcher$Negated                                      : loaded 4 times (x 109B)
Class com.google.common.collect.UnmodifiableListIterator                              : loaded 4 times (x 91B)
Class com.google.common.collect.Maps$IteratorBasedAbstractMap                         : loaded 4 times (x 121B)
Class kotlin.ranges.OpenEndRange                                                      : loaded 4 times (x 66B)
Class kotlin.Metadata                                                                 : loaded 4 times (x 66B)
Class com.google.common.collect.ImmutableMultimap$1                                   : loaded 4 times (x 78B)
Class com.google.common.base.CharMatcher$1                                            : loaded 4 times (x 109B)
Class com.google.common.base.CharMatcher$NamedFastMatcher                             : loaded 4 times (x 108B)
Class com.google.common.base.Suppliers$NonSerializableMemoizingSupplier               : loaded 4 times (x 75B)
Class com.google.common.collect.ImmutableMap$IteratorBasedImmutableMap                : loaded 4 times (x 121B)
Class com.google.common.base.Joiner$2                                                 : loaded 4 times (x 75B)
Class kotlin.ranges.IntRange$Companion                                                : loaded 4 times (x 67B)
Class kotlin.collections.EmptyMap                                                     : loaded 4 times (x 105B)
Class com.google.common.collect.SingletonImmutableSet                                 : loaded 4 times (x 142B)
Class com.google.common.collect.SingletonImmutableList                                : loaded 4 times (x 203B)
Class com.google.common.collect.ImmutableList$1                                       : loaded 4 times (x 93B)
Class com.google.common.base.Suppliers                                                : loaded 4 times (x 67B)
Class com.google.common.collect.Iterators                                             : loaded 4 times (x 67B)
Class com.google.common.collect.SortedIterable                                        : loaded 4 times (x 66B)
Class com.google.common.collect.AbstractListMultimap                                  : loaded 4 times (x 168B)
Class com.google.common.collect.ImmutableSet$RegularSetBuilderImpl                    : loaded 4 times (x 73B)
Class com.google.common.collect.ImmutableBiMap                                        : loaded 4 times (x 139B)
Class com.google.common.collect.Iterators$4                                           : loaded 4 times (x 78B)
Class kotlin.collections.CollectionsKt___CollectionsKt$withIndex$1                    : loaded 4 times (x 75B)
Class com.google.common.collect.Iterators$5                                           : loaded 4 times (x 78B)
Class com.google.common.collect.AbstractMultimap                                      : loaded 4 times (x 119B)
Class com.google.common.collect.ImmutableMapKeySet                                    : loaded 4 times (x 146B)
Class kotlin.sequences.SequencesKt___SequencesKt                                      : loaded 4 times (x 67B)
Class com.google.common.collect.Sets$ImprovedAbstractSet                              : loaded 4 times (x 131B)
Class com.google.common.collect.ImmutableList$Builder                                 : loaded 4 times (x 73B)
Class com.google.common.collect.ImmutableSet$JdkBackedSetBuilderImpl                  : loaded 4 times (x 72B)
Class com.google.common.base.CharMatcher$None                                         : loaded 4 times (x 108B)
Class kotlin.io.CloseableKt                                                           : loaded 4 times (x 67B)
Class com.google.common.collect.Multimaps                                             : loaded 4 times (x 67B)
Class kotlin.text.CharsKt                                                             : loaded 4 times (x 67B)
Class com.google.common.base.CharMatcher$ForPredicate                                 : loaded 4 times (x 108B)
Class com.google.common.collect.ImmutableMultimap$Values                              : loaded 4 times (x 122B)
Class com.google.common.collect.ImmutableEnumSet                                      : loaded 4 times (x 142B)
Class com.google.common.collect.ImmutableMapEntrySet$RegularEntrySet                  : loaded 4 times (x 147B)
Class com.google.common.collect.Iterators$6                                           : loaded 4 times (x 77B)
Class com.google.common.collect.AbstractSetMultimap                                   : loaded 4 times (x 170B)
Class com.google.common.base.CharMatcher$Whitespace                                   : loaded 4 times (x 108B)
Class com.google.common.base.CharMatcher$AnyOf                                        : loaded 4 times (x 108B)
Class com.google.common.collect.ImmutableCollection                                   : loaded 4 times (x 121B)
Class com.google.common.base.Ascii                                                    : loaded 4 times (x 67B)
Class com.google.common.collect.Maps$BiMapConverter                                   : loaded 4 times (x 86B)
Class com.google.common.base.CharMatcher$InRange                                      : loaded 4 times (x 107B)
Class com.google.common.collect.SetMultimap                                           : loaded 4 times (x 66B)
Class com.google.common.collect.SingletonImmutableBiMap                               : loaded 4 times (x 139B)
Class com.google.common.collect.AbstractMapEntry                                      : loaded 4 times (x 77B)
Class com.google.common.collect.Lists                                                 : loaded 4 times (x 67B)
Class com.google.common.collect.ImmutableSet$Builder                                  : loaded 4 times (x 81B)
Class kotlin.ranges.ClosedRange                                                       : loaded 4 times (x 66B)
Class com.google.common.collect.SortedMapDifference                                   : loaded 4 times (x 66B)
Class kotlin.sequences.SequencesKt                                                    : loaded 4 times (x 67B)
Class kotlin.collections.IndexedValue                                                 : loaded 4 times (x 68B)
Class com.google.common.collect.UnmodifiableIterator                                  : loaded 4 times (x 76B)
Class [Lcom.google.common.collect.ImmutableMapEntry;                                  : loaded 4 times (x 65B)
Class com.google.common.collect.Platform                                              : loaded 4 times (x 67B)
Class com.google.common.base.Converter                                                : loaded 4 times (x 86B)
Class com.google.common.collect.Multimap                                              : loaded 4 times (x 66B)
Class com.google.common.collect.ImmutableSet$CachingAsList                            : loaded 4 times (x 143B)
Class com.google.common.collect.Lists$StringAsImmutableList                           : loaded 4 times (x 203B)
Class com.google.common.base.Suppliers$MemoizingSupplier                              : loaded 4 times (x 75B)
Class com.google.common.collect.AbstractMapBasedMultimap                              : loaded 4 times (x 135B)
Class com.google.common.collect.CollectPreconditions                                  : loaded 4 times (x 67B)
Class com.google.common.collect.ImmutableMultimap$Keys                                : loaded 4 times (x 162B)
Class kotlin.annotation.Retention                                                     : loaded 4 times (x 66B)
Class com.google.common.base.FunctionalEquivalence                                    : loaded 4 times (x 79B)
Class com.google.common.collect.CollectSpliterators$1WithCharacteristics              : loaded 4 times (x 86B)
Class com.google.common.collect.Iterators$9                                           : loaded 4 times (x 77B)
Class [Lkotlin.reflect.KAnnotatedElement;                                             : loaded 4 times (x 65B)
Class com.google.common.collect.ListMultimap                                          : loaded 4 times (x 66B)
Class com.google.common.collect.ImmutableMap$Builder                                  : loaded 4 times (x 77B)
Class com.google.common.collect.ImmutableEntry                                        : loaded 4 times (x 78B)
Class com.google.common.collect.ImmutableAsList                                       : loaded 4 times (x 205B)
Class kotlin.annotation.Target                                                        : loaded 4 times (x 66B)
Class kotlin.collections.IndexingIterator                                             : loaded 4 times (x 75B)
Class com.google.common.collect.ImmutableEnumMap                                      : loaded 4 times (x 121B)
Class com.google.common.collect.ImmutableMultimap$Builder                             : loaded 4 times (x 79B)
Class com.google.common.base.NullnessCasts                                            : loaded 4 times (x 67B)
Class com.google.common.collect.ImmutableMultiset                                     : loaded 4 times (x 159B)
Class [Lcom.google.common.collect.AbstractMapEntry;                                   : loaded 4 times (x 65B)
Class kotlin.internal.ProgressionUtilKt                                               : loaded 4 times (x 67B)
Class com.google.common.collect.ArrayListMultimap                                     : loaded 4 times (x 168B)
Class com.google.common.collect.BaseImmutableMultimap                                 : loaded 4 times (x 119B)
Class com.google.common.base.Joiner                                                   : loaded 4 times (x 75B)
Class com.google.common.collect.Sets$1                                                : loaded 4 times (x 135B)
Class com.google.common.collect.EmptyImmutableListMultimap                            : loaded 4 times (x 172B)
Class com.google.common.collect.ImmutableSet$EmptySetBuilderImpl                      : loaded 4 times (x 72B)
Class com.google.common.collect.Maps$EntryTransformer                                 : loaded 4 times (x 66B)
Class com.google.common.collect.ImmutableList                                         : loaded 4 times (x 202B)
Class [Lkotlin.reflect.KCallable;                                                     : loaded 4 times (x 65B)
Class com.google.common.collect.ImmutableSortedSet                                    : loaded 4 times (x 295B)
Class com.google.common.collect.ImmutableMapEntrySet                                  : loaded 4 times (x 147B)
Class com.google.common.base.CharMatcher$NegatedFastMatcher                           : loaded 4 times (x 109B)
Class com.google.common.base.Predicate                                                : loaded 4 times (x 66B)
Class com.google.common.collect.ImmutableMap                                          : loaded 4 times (x 116B)
Class com.google.common.base.CharMatcher$And                                          : loaded 4 times (x 108B)
Class com.google.common.collect.ImmutableCollection$Builder                           : loaded 4 times (x 72B)
Class com.google.common.collect.Iterators$ArrayItr                                    : loaded 4 times (x 93B)
Class com.google.common.base.CharMatcher$IsEither                                     : loaded 4 times (x 107B)
Class com.google.common.collect.Maps$EntrySet                                         : loaded 4 times (x 132B)
Class com.google.common.base.CharMatcher$IsNot                                        : loaded 4 times (x 107B)
Class com.google.common.collect.RegularImmutableSortedSet                             : loaded 4 times (x 295B)
Class com.google.common.collect.ImmutableMultimap$EntryCollection                     : loaded 4 times (x 123B)
Class com.google.common.collect.Sets                                                  : loaded 4 times (x 67B)
Class com.google.common.math.MathPreconditions                                        : loaded 4 times (x 67B)
Class com.google.common.base.CharMatcher$FastMatcher                                  : loaded 4 times (x 107B)
Class com.google.common.math.IntMath                                                  : loaded 4 times (x 67B)
Class com.google.common.collect.Sets$2                                                : loaded 4 times (x 135B)
Class com.google.common.collect.ImmutableSet$SetBuilderImpl                           : loaded 4 times (x 72B)
Class com.google.common.collect.AbstractIndexedListIterator                           : loaded 4 times (x 92B)
Class com.google.common.collect.ImmutableListMultimap                                 : loaded 4 times (x 172B)
Class com.google.common.collect.Maps$IteratorBasedAbstractMap$1                       : loaded 4 times (x 134B)
Class com.google.common.collect.SortedSetMultimap                                     : loaded 4 times (x 66B)
Class com.google.common.base.Supplier                                                 : loaded 4 times (x 66B)
Class com.google.common.collect.ImmutableMapEntry                                     : loaded 4 times (x 81B)
Class kotlin.sequences.SequencesKt__SequenceBuilderKt                                 : loaded 4 times (x 67B)
Class com.google.common.collect.ObjectArrays                                          : loaded 4 times (x 67B)
Class com.google.common.collect.ImmutableMultisetGwtSerializationDependencies         : loaded 4 times (x 121B)
Class com.google.common.collect.ImmutableList$SubList                                 : loaded 4 times (x 204B)
Class kotlin.Unit                                                                     : loaded 4 times (x 67B)
Class com.google.common.base.CharMatcher$Or                                           : loaded 4 times (x 108B)
Class kotlin.sequences.SequencesKt___SequencesJvmKt                                   : loaded 4 times (x 67B)
Class kotlin.ranges.IntRange                                                          : loaded 4 times (x 89B)
Class com.google.common.collect.ImmutableMultimap                                     : loaded 4 times (x 143B)
Class kotlin._Assertions                                                              : loaded 4 times (x 67B)
Class com.google.common.collect.ImmutableMapEntry$NonTerminalImmutableMapEntry        : loaded 4 times (x 81B)
Class kotlin.collections.IndexingIterable                                             : loaded 4 times (x 75B)
Class com.google.common.collect.Sets$3                                                : loaded 4 times (x 135B)
Class com.google.common.collect.ArrayListMultimapGwtSerializationDependencies         : loaded 4 times (x 168B)
Class com.google.common.collect.ImmutableSet                                          : loaded 4 times (x 141B)
Class com.google.common.base.Equivalence                                              : loaded 4 times (x 78B)
Class com.google.common.collect.RegularImmutableMap$Values                            : loaded 4 times (x 203B)
Class com.google.common.base.Function                                                 : loaded 4 times (x 66B)
Class com.google.common.base.CharMatcher$Ascii                                        : loaded 4 times (x 108B)
Class com.google.common.base.CharMatcher$BitSetMatcher                                : loaded 4 times (x 108B)
Class com.google.common.collect.IndexedImmutableSet$1                                 : loaded 4 times (x 208B)
Class kotlin.text.CharsKt__CharJVMKt                                                  : loaded 4 times (x 67B)
Class com.google.common.collect.RegularImmutableList                                  : loaded 4 times (x 208B)
Class com.google.common.base.Equivalence$Identity                                     : loaded 4 times (x 78B)
Class com.google.common.math.IntMath$1                                                : loaded 4 times (x 67B)
Class com.google.common.base.PairwiseEquivalence                                      : loaded 4 times (x 79B)
Class com.google.common.collect.RegularImmutableMap$KeySet                            : loaded 4 times (x 146B)
Class com.google.common.collect.Multiset                                              : loaded 4 times (x 66B)
Class com.google.common.collect.AbstractIterator                                      : loaded 4 times (x 78B)
Class kotlin.sequences.SequencesKt__SequencesKt                                       : loaded 4 times (x 67B)
Class com.google.common.collect.MapDifference                                         : loaded 4 times (x 66B)
Class com.google.common.collect.Iterators$MergingIterator                             : loaded 4 times (x 77B)
Class com.google.common.collect.Sets$4                                                : loaded 4 times (x 135B)
Class com.google.common.collect.Maps                                                  : loaded 4 times (x 67B)
Class com.google.common.graph.SuccessorsFunction                                      : loaded 4 times (x 66B)
Class com.google.common.collect.TransformedIterator                                   : loaded 4 times (x 76B)
Class com.google.common.collect.RegularImmutableSet                                   : loaded 4 times (x 144B)
Class com.google.common.collect.IndexedImmutableSet                                   : loaded 4 times (x 146B)
Class [Lcom.google.common.collect.ImmutableEntry;                                     : loaded 4 times (x 65B)
Class com.google.common.collect.Sets$SetView                                          : loaded 4 times (x 134B)
Class com.google.common.collect.Sets$3$1                                              : loaded 4 times (x 78B)
Class kotlin.collections.MapWithDefault                                               : loaded 4 times (x 66B)
Class com.google.common.collect.CollectSpliterators                                   : loaded 4 times (x 67B)
Class kotlin.collections.EmptyIterator                                                : loaded 4 times (x 85B)
Class com.google.common.collect.Maps$8                                                : loaded 4 times (x 78B)
Class com.google.common.collect.Iterables                                             : loaded 4 times (x 67B)
Class com.google.common.collect.BiMap                                                 : loaded 4 times (x 66B)
Class com.google.common.collect.ImmutableList$ReverseImmutableList                    : loaded 4 times (x 204B)
Class kotlin.ranges.IntProgression                                                    : loaded 4 times (x 77B)
Class kotlin.sequences.SequencesKt__SequencesJVMKt                                    : loaded 4 times (x 67B)
Class com.google.common.collect.ImmutableMap$1                                        : loaded 4 times (x 77B)
Class jdk.internal.jimage.ImageReader$Directory                                       : loaded 3 times (x 80B)
Class Build_gradle$1                                                                  : loaded 3 times (x 70B)
Class com.google.common.base.CaseFormat$4                                             : loaded 3 times (x 79B)
Class com.google.common.collect.Collections2$FilteredCollection                       : loaded 3 times (x 115B)
Class com.google.common.collect.EmptyImmutableSetMultimap                             : loaded 3 times (x 176B)
Class com.google.common.collect.AbstractMapBasedMultimap$WrappedList                  : loaded 3 times (x 201B)
Class com.squareup.javapoet.ArrayTypeName                                             : loaded 3 times (x 77B)
Class com.google.common.base.Predicates$CompositionPredicate                          : loaded 3 times (x 84B)
Class kotlin.jvm.internal.SpreadBuilder                                               : loaded 3 times (x 72B)
Class com.google.common.collect.Maps$9                                                : loaded 3 times (x 72B)
Class com.google.common.collect.AbstractMapBasedMultimap$AsMap                        : loaded 3 times (x 124B)
Class dagger.spi.shaded.androidx.room.compiler.processing.XProcessingStep             : loaded 3 times (x 66B)
Class kotlin.annotation.AnnotationRetention                                           : loaded 3 times (x 75B)
Class com.google.common.base.CharMatcher$Invisible                                    : loaded 3 times (x 108B)
Class kotlin.reflect.full.IllegalPropertyDelegateAccessException                      : loaded 3 times (x 78B)
Class kotlin.LazyThreadSafetyMode                                                     : loaded 3 times (x 75B)
Class kotlin.collections.ArrayAsCollection                                            : loaded 3 times (x 101B)
Class kotlin.jvm.internal.MutablePropertyReference                                    : loaded 3 times (x 115B)
Class [Lcom.google.common.collect.Maps$EntryFunction;                                 : loaded 3 times (x 65B)
Class com.google.common.collect.AllEqualOrdering                                      : loaded 3 times (x 110B)
Class kotlin.jvm.internal.PropertyReference2                                          : loaded 3 times (x 123B)
Class kotlin.LazyKt__LazyJVMKt$WhenMappings                                           : loaded 3 times (x 67B)
Class kotlin.text.Regex                                                               : loaded 3 times (x 68B)
Class jdk.internal.jimage.ImageReader$SharedImageReader$LocationVisitor               : loaded 3 times (x 66B)
Class com.google.common.base.CaseFormat$5                                             : loaded 3 times (x 79B)
Class kotlin.reflect.jvm.internal.impl.name.ClassId                                   : loaded 3 times (x 68B)
Class dagger.spi.shaded.androidx.room.compiler.processing.javac.JavacBasicAnnotationProcessor: loaded 3 times (x 94B)
Class com.squareup.javapoet.TypeVariableName                                          : loaded 3 times (x 77B)
Class kotlin.jvm.internal.ReflectionFactory                                           : loaded 3 times (x 87B)
Class kotlin.jvm.internal.PropertyReference1                                          : loaded 3 times (x 123B)
Class kotlin.jvm.internal.DefaultConstructorMarker                                    : loaded 3 times (x 67B)
Class kotlin.reflect.full.IllegalCallableAccessException                              : loaded 3 times (x 78B)
Class com.google.common.base.CharMatcher$JavaUpperCase                                : loaded 3 times (x 107B)
Class com.google.common.collect.AbstractMapBasedMultimap$WrappedSet                   : loaded 3 times (x 138B)
Class kotlin.io.FileSystemException                                                   : loaded 3 times (x 78B)
Class kotlin.reflect.KTypeParameter                                                   : loaded 3 times (x 66B)
Class com.google.common.base.CaseFormat$3                                             : loaded 3 times (x 79B)
Class [Lkotlin.reflect.jvm.internal.impl.resolve.jvm.JvmPrimitiveType;                : loaded 3 times (x 65B)
Class kotlin.jvm.internal.ClassBasedDeclarationContainer                              : loaded 3 times (x 66B)
Class [Lcom.google.common.collect.LinkedHashMultimap$ValueEntry;                      : loaded 3 times (x 65B)
Class kotlin.jvm.internal.PropertyReference0                                          : loaded 3 times (x 123B)
Class com.google.common.collect.ImmutableBiMapFauxverideShim                          : loaded 3 times (x 116B)
Class kotlin.reflect.jvm.internal.KDeclarationContainerImpl$Companion                 : loaded 3 times (x 67B)
Class com.google.common.collect.Maps$EntryFunction                                    : loaded 3 times (x 87B)
Class jdk.internal.jrtfs.JrtPath                                                      : loaded 3 times (x 114B)
Class jdk.internal.jimage.ImageBufferCache                                            : loaded 3 times (x 67B)
Class com.squareup.javapoet.TypeSpec                                                  : loaded 3 times (x 68B)
Class com.google.common.collect.Sets$FilteredSet                                      : loaded 3 times (x 133B)
Class kotlin.jvm.internal.markers.KMutableListIterator                                : loaded 3 times (x 66B)
Class com.squareup.javapoet.JavaFile                                                  : loaded 3 times (x 68B)
Class kotlin.reflect.KType                                                            : loaded 3 times (x 66B)
Class kotlin.reflect.jvm.internal.ReflectProperties$Val$1                             : loaded 3 times (x 67B)
Class dagger.hilt.android.processor.internal.bindvalue.BindValueProcessingStep        : loaded 3 times (x 83B)
Class com.google.common.base.CaseFormat$2                                             : loaded 3 times (x 79B)
Class kotlin.text.Regex$Companion                                                     : loaded 3 times (x 67B)
Class kotlin.jvm.internal.markers.KMutableIterable                                    : loaded 3 times (x 66B)
Class com.google.common.base.Predicates                                               : loaded 3 times (x 67B)
Class dagger.hilt.processor.internal.definecomponent.DefineComponentProcessingStep    : loaded 3 times (x 83B)
Class jdk.internal.jrtfs.SystemImage                                                  : loaded 3 times (x 70B)
Class com.google.common.collect.Iterators$10                                          : loaded 3 times (x 77B)
Class dagger.hilt.android.processor.internal.bindvalue.BindValueProcessor             : loaded 3 times (x 96B)
Class jdk.internal.jrtfs.SystemImage$1                                                : loaded 3 times (x 74B)
Class com.google.common.collect.LinkedHashMultimap$ValueSet                           : loaded 3 times (x 138B)
Class kotlin.jvm.internal.markers.KMutableMap                                         : loaded 3 times (x 66B)
Class com.google.common.base.CharMatcher$JavaDigit                                    : loaded 3 times (x 107B)
Class [Lkotlin.DeprecationLevel;                                                      : loaded 3 times (x 65B)
Class dagger.hilt.processor.internal.root.RootProcessor                               : loaded 3 times (x 96B)
Class dagger.hilt.processor.internal.generatesrootinput.GeneratesRootInputProcessor   : loaded 3 times (x 96B)
Class kotlin.reflect.jvm.internal.KClassImpl                                          : loaded 3 times (x 111B)
Class kotlin.collections.AbstractMutableList                                          : loaded 3 times (x 202B)
Class com.google.common.base.CaseFormat$1                                             : loaded 3 times (x 79B)
Class com.google.common.collect.AbstractMapBasedMultimap$KeySet                       : loaded 3 times (x 133B)
Class kotlin.jvm.internal.markers.KMutableIterator                                    : loaded 3 times (x 66B)
Class com.google.common.collect.LinkedHashMultimap$ValueEntry                         : loaded 3 times (x 85B)
Class kotlin.reflect.jvm.internal.impl.builtins.PrimitiveType                         : loaded 3 times (x 75B)
Class com.google.common.collect.NaturalOrdering                                       : loaded 3 times (x 111B)
Class com.google.common.base.CommonPattern                                            : loaded 3 times (x 70B)
Class com.google.common.collect.LinkedHashMultimapGwtSerializationDependencies        : loaded 3 times (x 170B)
Class [Lkotlin.annotation.AnnotationTarget;                                           : loaded 3 times (x 65B)
Class com.google.common.collect.ImmutableSortedSet$Builder                            : loaded 3 times (x 82B)
Class com.squareup.javapoet.LineWrapper                                               : loaded 3 times (x 68B)
Class dagger.hilt.processor.internal.root.ir.InvalidRootsException                    : loaded 3 times (x 78B)
Class com.google.common.collect.Maps$ViewCachingAbstractMap                           : loaded 3 times (x 121B)
Class [Lcom.google.common.base.Function;                                              : loaded 3 times (x 65B)
Class kotlin.jvm.functions.Function3                                                  : loaded 3 times (x 66B)
Class kotlin.reflect.jvm.internal.KDeclarationContainerImpl$Data                      : loaded 3 times (x 68B)
Class com.google.common.base.CharMatcher$JavaLetter                                   : loaded 3 times (x 107B)
Class jdk.internal.jrtfs.JrtFileAttributes                                            : loaded 3 times (x 79B)
Class kotlin.io.FilesKt__FileReadWriteKt                                              : loaded 3 times (x 67B)
Class dagger.hilt.processor.internal.JavacBaseProcessingStepProcessor                 : loaded 3 times (x 96B)
Class jdk.internal.jrtfs.SystemImage$2                                                : loaded 3 times (x 72B)
Class kotlin.collections.builders.ListBuilder$Companion                               : loaded 3 times (x 67B)
Class kotlin.collections.builders.ListBuilder                                         : loaded 3 times (x 203B)
Class kotlin.reflect.KProperty$Accessor                                               : loaded 3 times (x 66B)
Class kotlin.reflect.jvm.internal.KCallableImpl                                       : loaded 3 times (x 101B)
Class dagger.internal.codegen.DelegateComponentProcessor                              : loaded 3 times (x 68B)
Class dagger.hilt.processor.internal.root.ComponentTreeDepsProcessor                  : loaded 3 times (x 96B)
Class com.google.common.collect.UsingToStringOrdering                                 : loaded 3 times (x 110B)
Class kotlin.jvm.internal.markers.KMutableList                                        : loaded 3 times (x 66B)
Class jdk.internal.jimage.ImageReader$Resource                                        : loaded 3 times (x 80B)
Class dagger.hilt.processor.internal.root.ComponentTreeDepsProcessingStep             : loaded 3 times (x 83B)
Class com.google.common.base.MoreObjects                                              : loaded 3 times (x 67B)
Class com.google.common.base.CharMatcher$Digit                                        : loaded 3 times (x 108B)
Class jdk.internal.jimage.decompressor.Decompressor                                   : loaded 3 times (x 68B)
Class com.squareup.javapoet.TypeSpec$Builder                                          : loaded 3 times (x 68B)
Class com.google.common.collect.ComparatorOrdering                                    : loaded 3 times (x 111B)
Class dagger.spi.shaded.androidx.room.compiler.processing.javac.JavacBasicAnnotationProcessor$commonDelegate$2: loaded 3 times (x 75B)
Class kotlin.reflect.jvm.internal.impl.builtins.PrimitiveType$Companion               : loaded 3 times (x 67B)
Class com.google.common.base.CaseFormat$StringConverter                               : loaded 3 times (x 86B)
Class kotlin.reflect.jvm.internal.KClassImpl$Data                                     : loaded 3 times (x 68B)
Class kotlin.reflect.jvm.internal.impl.name.FqNameUnsafe$1                            : loaded 3 times (x 70B)
Class jdk.internal.jimage.ImageStrings                                                : loaded 3 times (x 66B)
Class com.google.common.base.CharMatcher$JavaIsoControl                               : loaded 3 times (x 108B)
Class dagger.hilt.android.processor.internal.customtestapplication.CustomTestApplicationProcessor: loaded 3 times (x 96B)
Class com.google.common.collect.ImmutableMapValues                                    : loaded 3 times (x 122B)
Class [Ldagger.hilt.processor.internal.optionvalues.GradleProjectType;                : loaded 3 times (x 65B)
Class com.squareup.javapoet.LineWrapper$RecordingAppendable                           : loaded 3 times (x 73B)
Class com.squareup.javapoet.TypeName                                                  : loaded 3 times (x 77B)
Class kotlin.reflect.jvm.internal.KProperty1Impl                                      : loaded 3 times (x 124B)
Class kotlin.reflect.KProperty0                                                       : loaded 3 times (x 66B)
Class dagger.hilt.processor.internal.originatingelement.OriginatingElementProcessor   : loaded 3 times (x 96B)
Class com.google.common.collect.Maps$AbstractFilteredMap                              : loaded 3 times (x 123B)
Class dagger.hilt.android.processor.internal.androidentrypoint.AndroidEntryPointProcessingStep: loaded 3 times (x 83B)
Class com.google.common.base.CharMatcher$JavaLowerCase                                : loaded 3 times (x 107B)
Class com.google.common.collect.ImmutableSetMultimap$EntrySet                         : loaded 3 times (x 142B)
Class com.google.common.base.CharMatcher$Any                                          : loaded 3 times (x 108B)
Class com.google.common.collect.LinkedHashMultimap$ValueSetLink                       : loaded 3 times (x 66B)
Class jdk.internal.jrtfs.JrtFileSystemProvider                                        : loaded 3 times (x 97B)
Class kotlin.reflect.jvm.internal.KTypeParameterOwnerImpl                             : loaded 3 times (x 66B)
Class dagger.hilt.processor.internal.generatesrootinput.GeneratesRootInputProcessingStep: loaded 3 times (x 83B)
Class jdk.internal.jimage.BasicImageReader$1                                          : loaded 3 times (x 73B)
Class kotlin.io.FilesKt__UtilsKt                                                      : loaded 3 times (x 67B)
Class kotlin.reflect.KProperty1                                                       : loaded 3 times (x 66B)
Class kotlin.reflect.KClass                                                           : loaded 3 times (x 66B)
Class kotlin.io.FilesKt                                                               : loaded 3 times (x 67B)
Class kotlin.reflect.jvm.internal.impl.name.Name                                      : loaded 3 times (x 71B)
Class kotlin.reflect.jvm.internal.KPropertyImpl$Companion                             : loaded 3 times (x 67B)
Class dagger.internal.codegen.ComponentProcessor                                      : loaded 3 times (x 94B)
Class com.google.common.collect.Ordering                                              : loaded 3 times (x 110B)
Class dagger.hilt.processor.internal.earlyentrypoint.EarlyEntryPointProcessor         : loaded 3 times (x 96B)
Class com.google.common.collect.NullsLastOrdering                                     : loaded 3 times (x 111B)
Class com.google.common.collect.Maps$12                                               : loaded 3 times (x 78B)
Class jdk.internal.jimage.ImageReader$Node                                            : loaded 3 times (x 80B)
Class kotlin.reflect.jvm.internal.KDeclarationContainerImpl                           : loaded 3 times (x 80B)
Class kotlin.collections.builders.MapBuilder$Companion                                : loaded 3 times (x 67B)
Class com.squareup.javapoet.JavaFile$1                                                : loaded 3 times (x 75B)
Class kotlin.reflect.jvm.internal.impl.name.FqNameUnsafe                              : loaded 3 times (x 68B)
Class [Lkotlin.annotation.AnnotationRetention;                                        : loaded 3 times (x 65B)
Class com.squareup.javapoet.Util                                                      : loaded 3 times (x 67B)
Class com.google.common.collect.ImmutableSortedAsList                                 : loaded 3 times (x 216B)
Class dagger.hilt.processor.internal.aliasof.AliasOfProcessingStep                    : loaded 3 times (x 83B)
Class dagger.hilt.android.processor.internal.androidentrypoint.AndroidEntryPointProcessor: loaded 3 times (x 96B)
Class [Lcom.google.common.collect.AbstractIterator$State;                             : loaded 3 times (x 65B)
Class dagger.spi.shaded.androidx.room.compiler.processing.XProcessingEnvConfig$Companion: loaded 3 times (x 67B)
Class com.google.common.collect.Maps$13                                               : loaded 3 times (x 81B)
Class com.google.common.collect.ReverseNaturalOrdering                                : loaded 3 times (x 110B)
Class com.google.common.base.CharMatcher$SingleWidth                                  : loaded 3 times (x 108B)
Class [Lkotlin.LazyThreadSafetyMode;                                                  : loaded 3 times (x 65B)
Class [Lkotlin.reflect.KClassifier;                                                   : loaded 3 times (x 65B)
Class dagger.spi.shaded.androidx.room.compiler.processing.XBasicAnnotationProcessor   : loaded 3 times (x 66B)
Class kotlin.reflect.jvm.internal.EmptyContainerForLocal                              : loaded 3 times (x 80B)
Class kotlin.annotation.MustBeDocumented                                              : loaded 3 times (x 66B)
Class kotlin.reflect.jvm.internal.ReflectProperties                                   : loaded 3 times (x 67B)
Class kotlin.SafePublicationLazyImpl                                                  : loaded 3 times (x 72B)
Class com.google.common.collect.FluentIterable                                        : loaded 3 times (x 77B)
Class kotlin.reflect.KProperty2                                                       : loaded 3 times (x 66B)
Class com.squareup.javapoet.CodeWriter$Multiset                                       : loaded 3 times (x 68B)
Class kotlin.jvm.internal.markers.KMutableCollection                                  : loaded 3 times (x 66B)
Class jdk.internal.jimage.ImageReader$SharedImageReader                               : loaded 3 times (x 91B)
Class com.google.common.base.CaseFormat                                               : loaded 3 times (x 79B)
Class dagger.hilt.processor.internal.originatingelement.OriginatingElementProcessingStep: loaded 3 times (x 83B)
Class kotlin.reflect.KProperty$Getter                                                 : loaded 3 times (x 66B)
Class com.google.common.collect.AbstractMapBasedMultimap$AsMap$AsMapEntries           : loaded 3 times (x 134B)
Class jdk.internal.jimage.ImageReader                                                 : loaded 3 times (x 71B)
Class com.google.common.collect.SortedIterables                                       : loaded 3 times (x 67B)
Class [Lkotlin.reflect.KClass;                                                        : loaded 3 times (x 65B)
Class kotlin.reflect.jvm.internal.impl.name.FqName                                    : loaded 3 times (x 68B)
Class jdk.internal.jrtfs.JrtFileSystem                                                : loaded 3 times (x 98B)
Class com.google.common.collect.AbstractMapBasedMultimap$RandomAccessWrappedList      : loaded 3 times (x 201B)
Class dagger.spi.shaded.androidx.room.compiler.processing.javac.JavacBasicAnnotationProcessor$steps$2: loaded 3 times (x 75B)
Class com.google.common.collect.AbstractIterator$State                                : loaded 3 times (x 75B)
Class [Lcom.google.common.base.CaseFormat;                                            : loaded 3 times (x 65B)
Class jdk.internal.jimage.ImageStringsReader                                          : loaded 3 times (x 76B)
Class dagger.hilt.processor.internal.definecomponent.DefineComponentProcessor         : loaded 3 times (x 96B)
Class kotlin.collections.builders.ListBuilder$Itr                                     : loaded 3 times (x 90B)
Class kotlin.jvm.internal.MutablePropertyReference2                                   : loaded 3 times (x 133B)
Class [Lkotlin.reflect.KDeclarationContainer;                                         : loaded 3 times (x 65B)
Class com.squareup.javapoet.CodeWriter                                                : loaded 3 times (x 68B)
Class kotlin.reflect.jvm.internal.ReflectProperties$Val                               : loaded 3 times (x 70B)
Class kotlin.io.TerminateException                                                    : loaded 3 times (x 78B)
Class kotlin.io.FilesKt__FilePathComponentsKt                                         : loaded 3 times (x 67B)
Class com.google.common.collect.Sets$1$1                                              : loaded 3 times (x 78B)
Class dagger.hilt.android.processor.internal.viewmodel.ViewModelProcessor             : loaded 3 times (x 96B)
Class dagger.hilt.processor.internal.root.RootProcessingStep                          : loaded 3 times (x 83B)
Class com.google.common.collect.ByFunctionOrdering                                    : loaded 3 times (x 111B)
Class kotlin.collections.builders.MapBuilder                                          : loaded 3 times (x 108B)
Class [Lkotlin.reflect.jvm.internal.impl.name.FqName;                                 : loaded 3 times (x 65B)
Class com.google.common.base.Equivalence$Wrapper                                      : loaded 3 times (x 68B)
Class com.google.common.base.JdkPattern                                               : loaded 3 times (x 71B)
Class [Lcom.squareup.javapoet.TypeSpec$Kind;                                          : loaded 3 times (x 65B)
Class com.google.common.base.CharMatcher$RangesMatcher                                : loaded 3 times (x 108B)
Class com.google.common.base.Optional                                                 : loaded 3 times (x 76B)
Class com.squareup.javapoet.TypeSpec$Kind                                             : loaded 3 times (x 75B)
Class dagger.hilt.processor.internal.HiltProcessingEnvConfigs                         : loaded 3 times (x 67B)
Class dagger.spi.shaded.androidx.room.compiler.processing.javac.JavacBasicAnnotationProcessor$2: loaded 3 times (x 75B)
Class com.google.common.collect.ImmutableListMultimap$Builder                         : loaded 3 times (x 79B)
Class dagger.hilt.android.processor.internal.customtestapplication.CustomTestApplicationProcessingStep: loaded 3 times (x 83B)
Class kotlin.jvm.internal.MutablePropertyReference1                                   : loaded 3 times (x 133B)
Class dagger.internal.codegen.base.SourceFileGenerationException                      : loaded 3 times (x 78B)
Class kotlin.jvm.internal.PropertyReference1Impl                                      : loaded 3 times (x 123B)
Class kotlin.SafePublicationLazyImpl$Companion                                        : loaded 3 times (x 67B)
Class kotlin.reflect.jvm.internal.impl.resolve.jvm.JvmPrimitiveType                   : loaded 3 times (x 75B)
Class com.google.common.collect.AbstractMapBasedMultimap$WrappedCollection            : loaded 3 times (x 120B)
Class com.google.common.collect.NullnessCasts                                         : loaded 3 times (x 67B)
Class com.google.common.collect.ReverseOrdering                                       : loaded 3 times (x 111B)
Class com.squareup.javapoet.CodeBlock                                                 : loaded 3 times (x 68B)
Class jdk.internal.jrtfs.JrtDirectoryStream$1                                         : loaded 3 times (x 79B)
Class jdk.internal.jimage.ImageLocation                                               : loaded 3 times (x 86B)
Class com.squareup.javapoet.AnnotationSpec                                            : loaded 3 times (x 68B)
Class com.google.common.collect.ExplicitOrdering                                      : loaded 3 times (x 111B)
Class kotlin.annotation.AnnotationTarget                                              : loaded 3 times (x 75B)
Class kotlin.jvm.internal.Reflection                                                  : loaded 3 times (x 67B)
Class kotlin.reflect.KProperty                                                        : loaded 3 times (x 66B)
Class kotlin.jvm.JvmClassMappingKt                                                    : loaded 3 times (x 67B)
Class kotlin.reflect.jvm.internal.KPropertyImpl                                       : loaded 3 times (x 111B)
Class com.squareup.javapoet.CodeBlock$Builder                                         : loaded 3 times (x 68B)
Class com.google.common.primitives.IntsMethodsForWeb                                  : loaded 3 times (x 67B)
Class kotlin.sequences.ConstrainedOnceSequence                                        : loaded 3 times (x 71B)
Class com.google.common.collect.Maps$EntryFunction$2                                  : loaded 3 times (x 87B)
Class dagger.hilt.processor.internal.uninstallmodules.UninstallModulesProcessingStep  : loaded 3 times (x 83B)
Class [Lkotlin.reflect.KProperty;                                                     : loaded 3 times (x 65B)
Class kotlin.reflect.jvm.internal.ReflectProperties$LazySoftVal                       : loaded 3 times (x 74B)
Class [Lkotlin.reflect.jvm.internal.impl.builtins.PrimitiveType;                      : loaded 3 times (x 65B)
Class kotlin.reflect.jvm.internal.impl.builtins.StandardNames                         : loaded 3 times (x 67B)
Class com.google.common.base.Present                                                  : loaded 3 times (x 77B)
Class com.google.common.collect.ImmutableMap$IteratorBasedImmutableMap$1EntrySetImpl  : loaded 3 times (x 148B)
Class com.google.common.collect.Maps$TransformedEntriesMap                            : loaded 3 times (x 123B)
Class com.google.common.collect.LinkedHashMultimap                                    : loaded 3 times (x 171B)
Class com.google.common.collect.AbstractMapBasedMultimap$WrappedCollection$WrappedIterator: loaded 3 times (x 80B)
Class com.google.common.collect.Maps$EntryFunction$1                                  : loaded 3 times (x 87B)
Class Build_gradle                                                                    : loaded 3 times (x 126B)
Class kotlin.io.FilesKt__FileTreeWalkKt                                               : loaded 3 times (x 67B)
Class kotlin.jvm.internal.CollectionToArray                                           : loaded 3 times (x 67B)
Class dagger.hilt.processor.internal.earlyentrypoint.EarlyEntryPointProcessingStep    : loaded 3 times (x 83B)
Class com.google.common.base.CharMatcher$JavaLetterOrDigit                            : loaded 3 times (x 107B)
Class com.google.common.collect.ImmutableSortedSetFauxverideShim                      : loaded 3 times (x 143B)
Class kotlin.jvm.internal.PropertyReference                                           : loaded 3 times (x 111B)
Class jdk.internal.jimage.ImageHeader                                                 : loaded 3 times (x 67B)
Class kotlin.io.FileAlreadyExistsException                                            : loaded 3 times (x 78B)
Class com.google.common.collect.Maps$KeySet                                           : loaded 3 times (x 133B)
Class kotlin.reflect.KMutableProperty                                                 : loaded 3 times (x 66B)
Class kotlin.reflect.jvm.internal.KClassifierImpl                                     : loaded 3 times (x 66B)
Class com.squareup.javapoet.AnnotationSpec$Builder                                    : loaded 3 times (x 68B)
Class [Lcom.google.common.collect.LinkedHashMultimap$ValueSetLink;                    : loaded 3 times (x 65B)
Class kotlin.jvm.internal.MutablePropertyReference0                                   : loaded 3 times (x 133B)
Class jdk.internal.jimage.ImageBufferCache$1                                          : loaded 3 times (x 79B)
Class com.google.common.collect.ImmutableBiMap$Builder                                : loaded 3 times (x 77B)
Class dagger.hilt.processor.internal.optionvalues.GradleProjectType                   : loaded 3 times (x 75B)
Class com.squareup.javapoet.ParameterizedTypeName                                     : loaded 3 times (x 77B)
Class dagger.hilt.processor.internal.aggregateddeps.AggregatedDepsProcessingStep      : loaded 3 times (x 83B)
Class kotlin.reflect.jvm.internal.KotlinReflectionInternalError                       : loaded 3 times (x 78B)
Class dagger.spi.shaded.androidx.room.compiler.processing.javac.JavacBasicAnnotationProcessor$xEnv$2: loaded 3 times (x 75B)
Class jdk.internal.jrtfs.JrtDirectoryStream                                           : loaded 3 times (x 85B)
Class com.google.common.collect.ImmutableSetMultimap$Builder                          : loaded 3 times (x 79B)
Class com.google.common.collect.AbstractMapBasedMultimap$KeySet$1                     : loaded 3 times (x 78B)
Class dagger.hilt.processor.internal.BaseProcessingStep                               : loaded 3 times (x 83B)
Class kotlin.DeprecationLevel                                                         : loaded 3 times (x 75B)
Class dagger.hilt.processor.internal.aggregateddeps.AggregatedDepsProcessor           : loaded 3 times (x 96B)
Class kotlin.reflect.KMutableProperty0                                                : loaded 3 times (x 66B)
Class kotlin.reflect.KClassifier                                                      : loaded 3 times (x 66B)
Class kotlin.reflect.jvm.internal.ReflectionFactoryImpl                               : loaded 3 times (x 87B)
Class dagger.spi.shaded.androidx.room.compiler.processing.XProcessingEnvConfig$Builder: loaded 3 times (x 68B)
Class com.google.common.collect.ForwardingObject                                      : loaded 3 times (x 68B)
Class kotlin.reflect.KMutableProperty1                                                : loaded 3 times (x 66B)
Class jdk.internal.jimage.BasicImageReader                                            : loaded 3 times (x 91B)
Class kotlin.reflect.KMutableProperty2                                                : loaded 3 times (x 66B)
Class dagger.hilt.processor.internal.uninstallmodules.UninstallModulesProcessor       : loaded 3 times (x 96B)
Class jdk.internal.jimage.ImageBufferCache$2                                          : loaded 3 times (x 87B)
Class com.google.common.collect.FluentIterable$1                                      : loaded 3 times (x 77B)
Class kotlin.io.NoSuchFileException                                                   : loaded 3 times (x 78B)
Class com.google.common.collect.FluentIterable$3                                      : loaded 3 times (x 77B)
Class dagger.spi.shaded.androidx.room.compiler.processing.XProcessingEnvConfig        : loaded 3 times (x 67B)
Class kotlin.reflect.jvm.internal.RuntimeTypeMapper                                   : loaded 3 times (x 67B)
Class com.google.common.base.Absent                                                   : loaded 3 times (x 76B)
Class com.google.common.primitives.Ints                                               : loaded 3 times (x 67B)
Class com.squareup.javapoet.JavaFile$Builder                                          : loaded 3 times (x 68B)
Class com.google.common.collect.NullsFirstOrdering                                    : loaded 3 times (x 111B)
Class kotlin.collections.builders.ListBuilderKt                                       : loaded 3 times (x 67B)
Class com.google.common.collect.FluentIterable$2                                      : loaded 3 times (x 77B)
Class dagger.hilt.processor.internal.aliasof.AliasOfProcessor                         : loaded 3 times (x 96B)
Class com.google.common.collect.LexicographicalOrdering                               : loaded 3 times (x 111B)
Class com.squareup.javapoet.ClassName                                                 : loaded 3 times (x 80B)
Class com.google.common.collect.CompoundOrdering                                      : loaded 3 times (x 111B)
Class dagger.spi.shaded.auto.common.Overrides$NativeOverrides                         : loaded 2 times (x 70B)
Class dagger.spi.shaded.auto.common.MoreTypes$CastingTypeVisitor                      : loaded 2 times (x 98B)
Class dagger.spi.shaded.androidx.room.compiler.processing.javac.JavacTypeElement$Companion$WhenMappings: loaded 2 times (x 67B)
Class dagger.spi.shaded.androidx.room.jarjarred.kotlinx.metadata.internal.metadata.jvm.deserialization.JvmNameResolverBase$WhenMappings: loaded 2 times (x 67B)
Class com.google.common.base.Objects                                                  : loaded 2 times (x 67B)
Class org.objectweb.asm.FieldVisitor                                                  : loaded 2 times (x 73B)
Class org.gradle.api.internal.classpath.DefaultModuleRegistry$DefaultModule           : loaded 2 times (x 82B)
Class dagger.spi.shaded.androidx.room.jarjarred.kotlinx.metadata.internal.metadata.ProtoBuf$MemberKind$1: loaded 2 times (x 70B)
Class dagger.internal.codegen.binding.InjectionSiteFactory$InjectionSiteVisitor       : loaded 2 times (x 68B)
Class dagger.spi.shaded.androidx.room.compiler.processing.javac.JavacFieldElement$enclosingElement$2: loaded 2 times (x 75B)
Class kotlin.ResultKt                                                                 : loaded 2 times (x 67B)
Class dagger.spi.shaded.androidx.room.compiler.processing.compat.XConverters          : loaded 2 times (x 67B)
Class dagger.internal.codegen.model.BindingGraph$MaybeBinding                         : loaded 2 times (x 66B)
Class dagger.internal.codegen.validation.BindsOptionalOfMethodValidator$Validator     : loaded 2 times (x 76B)
Class dagger.internal.codegen.ServiceLoaders                                          : loaded 2 times (x 67B)
Class com.google.common.collect.AbstractMapBasedMultimap$Itr                          : loaded 2 times (x 79B)
Class kotlin.reflect.jvm.internal.impl.builtins.StandardNames$FqNames                 : loaded 2 times (x 67B)
Class dagger.spi.shaded.androidx.room.compiler.processing.XMethodElementKt            : loaded 2 times (x 67B)
Class dagger.spi.shaded.androidx.room.jarjarred.kotlinx.metadata.internal.protobuf.ByteString: loaded 2 times (x 104B)
Class dagger.internal.codegen.processingstep.BindingMethodProcessingStep              : loaded 2 times (x 82B)
Class [[Ldagger.internal.codegen.compileroption.ProcessingEnvironmentCompilerOptions$CommandLineOption;: loaded 2 times (x 65B)
Class org.jetbrains.kotlin.name.ClassId                                               : loaded 2 times (x 68B)
Class com.google.common.reflect.Reflection                                            : loaded 2 times (x 67B)
Class dagger.spi.shaded.androidx.room.compiler.processing.javac.JavacMethodType$NormalMethodType: loaded 2 times (x 87B)
Class kotlin.Result$Failure                                                           : loaded 2 times (x 68B)
Class dagger.spi.shaded.androidx.room.compiler.processing.javac.JavacMethodType$typeVariableNames$2: loaded 2 times (x 75B)
Class dagger.internal.codegen.validation.BindingMethodValidator$Abstractness          : loaded 2 times (x 75B)
Class dagger.internal.codegen.ProcessingEnvironmentModule_MessagerFactory             : loaded 2 times (x 73B)
Class com.squareup.javapoet.MethodSpec$Builder                                        : loaded 2 times (x 68B)
Class dagger.internal.codegen.model.AutoValue_DependencyRequest                       : loaded 2 times (x 72B)
Class org.gradle.internal.classloader.ClasspathUtil$1                                 : loaded 2 times (x 72B)
Class dagger.spi.shaded.androidx.room.jarjarred.kotlinx.metadata.internal.metadata.ProtoBuf$Effect$InvocationKind: loaded 2 times (x 78B)
Class dagger.spi.shaded.androidx.room.jarjarred.kotlinx.metadata.internal.ReadContext : loaded 2 times (x 68B)
Class com.google.common.cache.CacheLoader$UnsupportedLoadingOperationException        : loaded 2 times (x 78B)
Class kotlin.reflect.jvm.internal.KClassImpl$Data$inheritedStaticMembers$2            : loaded 2 times (x 75B)
Class org.objectweb.asm.ClassWriter                                                   : loaded 2 times (x 102B)
Class dagger.spi.shaded.auto.common.MoreTypes$TypeEquivalence                         : loaded 2 times (x 78B)
Class dagger.spi.shaded.androidx.room.jarjarred.kotlinx.metadata.jvm.KotlinClassMetadata$Class: loaded 2 times (x 68B)
Class dagger.spi.shaded.androidx.room.jarjarred.kotlinx.metadata.internal.metadata.jvm.JvmProtoBuf$JvmFieldSignature$1: loaded 2 times (x 140B)
Class dagger.spi.shaded.androidx.room.jarjarred.kotlinx.metadata.internal.metadata.jvm.deserialization.JvmNameResolverBase$Companion: loaded 2 times (x 67B)
Class dagger.spi.shaded.androidx.room.jarjarred.kotlinx.metadata.internal.metadata.ProtoBuf$Effect$InvocationKind$1: loaded 2 times (x 70B)
Class org.jetbrains.org.objectweb.asm.FieldVisitor                                    : loaded 2 times (x 72B)
Class dagger.internal.codegen.binding.$AutoValue_DelegateDeclaration                  : loaded 2 times (x 79B)
Class dagger.internal.codegen.bindinggraphvalidation.MapMultibindingValidator_Factory : loaded 2 times (x 73B)
Class kotlin.reflect.jvm.internal.impl.builtins.jvm.JavaToKotlinClassMap              : loaded 2 times (x 67B)
Class dagger.internal.Factory                                                         : loaded 2 times (x 66B)
Class dagger.internal.codegen.xprocessing.XTypes$1                                    : loaded 2 times (x 67B)
Class dagger.spi.shaded.androidx.room.compiler.processing.javac.JavacAnnotationValueKt$UNWRAP_VISITOR$1: loaded 2 times (x 99B)
Class dagger.spi.shaded.androidx.room.jarjarred.kotlinx.metadata.KmExtensionVisitor   : loaded 2 times (x 66B)
Class dagger.internal.codegen.binding.InjectionAnnotations_Factory                    : loaded 2 times (x 73B)
Class dagger.internal.codegen.validation.ComponentCreatorValidator_Factory            : loaded 2 times (x 73B)
Class com.squareup.kotlinpoet.Dynamic                                                 : loaded 2 times (x 78B)
Class dagger.spi.shaded.androidx.room.compiler.processing.javac.JavacType$superTypes$2: loaded 2 times (x 75B)
Class dagger.internal.codegen.processingstep.AssistedFactoryProcessingStep_Factory    : loaded 2 times (x 73B)
Class dagger.internal.codegen.writing.ModuleProxies_ModuleConstructorProxyGenerator_Factory: loaded 2 times (x 73B)
Class com.google.common.collect.HashMultimapGwtSerializationDependencies              : loaded 2 times (x 170B)
Class org.gradle.internal.InternalTransformer                                         : loaded 2 times (x 66B)
Class org.gradle.api.internal.classpath.Module                                        : loaded 2 times (x 66B)
Class org.jetbrains.org.objectweb.asm.ClassTooLargeException                          : loaded 2 times (x 79B)
Class dagger.internal.codegen.model.$AutoValue_Key$Builder                            : loaded 2 times (x 74B)
Class dagger.internal.codegen.binding.BindingDeclaration                              : loaded 2 times (x 70B)
Class dagger.internal.codegen.binding.BindingFactory                                  : loaded 2 times (x 68B)
Class dagger.internal.codegen.validation.ExternalBindingGraphPlugins_Factory          : loaded 2 times (x 73B)
Class dagger.internal.codegen.validation.DependencyRequestValidator_Factory           : loaded 2 times (x 73B)
Class javax.inject.Provider                                                           : loaded 2 times (x 66B)
Class dagger.internal.codegen.xprocessing.XAnnotationValues                           : loaded 2 times (x 67B)
Class dagger.spi.shaded.androidx.room.compiler.processing.XRoundEnv                   : loaded 2 times (x 66B)
Class dagger.spi.shaded.androidx.room.compiler.processing.javac.JavacArrayType$equalityItems$2: loaded 2 times (x 75B)
Class dagger.spi.shaded.androidx.room.compiler.codegen.XClassName                     : loaded 2 times (x 71B)
Class kotlin.reflect.jvm.internal.pcollections.ConsPStack                             : loaded 2 times (x 75B)
Class kotlin.reflect.jvm.internal.pcollections.IntTree                                : loaded 2 times (x 68B)
Class kotlin.reflect.jvm.internal.KClassImpl$Data$declaredMembers$2                   : loaded 2 times (x 75B)
Class dagger.spi.shaded.androidx.room.compiler.processing.javac.JavacMethodElement$returnType$2: loaded 2 times (x 75B)
Class dagger.spi.shaded.androidx.room.compiler.processing.javac.JavacTypeElement$_declaredMethods$2: loaded 2 times (x 75B)
Class dagger.spi.shaded.androidx.room.compiler.processing.XMemberContainer            : loaded 2 times (x 66B)
Class dagger.spi.shaded.androidx.room.jarjarred.kotlinx.metadata.KmDeclarationContainerExtensionVisitor: loaded 2 times (x 66B)
Class dagger.spi.shaded.androidx.room.jarjarred.kotlinx.metadata.internal.protobuf.GeneratedMessageLite$GeneratedExtension: loaded 2 times (x 75B)
Class com.google.common.cache.Weigher                                                 : loaded 2 times (x 66B)
Class org.gradle.api.internal.classpath.UnknownModuleException                        : loaded 2 times (x 78B)
Class dagger.spi.shaded.androidx.room.jarjarred.kotlinx.metadata.internal.metadata.ProtoBuf$Type$ArgumentOrBuilder: loaded 2 times (x 66B)
Class dagger.internal.codegen.binding.$AutoValue_ModuleDescriptor                     : loaded 2 times (x 81B)
Class dagger.internal.codegen.binding.DependencyRequestFactory                        : loaded 2 times (x 68B)
Class dagger.internal.codegen.bindinggraphvalidation.SetMultibindingValidator_Factory : loaded 2 times (x 72B)
Class dagger.internal.codegen.bindinggraphvalidation.DependsOnProductionExecutorValidator_Factory: loaded 2 times (x 73B)
Class dagger.spi.shaded.androidx.room.compiler.processing.XFieldElement               : loaded 2 times (x 66B)
Class dagger.spi.shaded.androidx.room.compiler.processing.javac.JavacAnnotationValueKt$UNWRAP_VISITOR$1$visitArray$1$1: loaded 2 times (x 75B)
Class dagger.spi.shaded.androidx.room.jarjarred.kotlinx.metadata.internal.metadata.ProtoBuf$VersionRequirement$VersionKind$1: loaded 2 times (x 70B)
Class dagger.spi.shaded.androidx.room.jarjarred.kotlinx.metadata.internal.extensions.KmConstructorExtension: loaded 2 times (x 66B)
Class dagger.spi.shaded.androidx.room.compiler.processing.javac.JavacAnnotation$annotationValues$2: loaded 2 times (x 75B)
Class dagger.internal.codegen.base.DaggerSuperficialValidation_Factory                : loaded 2 times (x 73B)
Class com.google.common.base.Stopwatch                                                : loaded 2 times (x 68B)
Class com.google.common.cache.LocalCache$Strength                                     : loaded 2 times (x 77B)
Class com.google.common.cache.Cache                                                   : loaded 2 times (x 66B)
Class [Ldagger.internal.codegen.validation.ModuleValidator$ModuleMethodKind;          : loaded 2 times (x 65B)
Class dagger.internal.codegen.xprocessing.XTypeElements$Visibility                    : loaded 2 times (x 75B)
Class dagger.internal.codegen.validation.BindingGraphValidator                        : loaded 2 times (x 68B)
Class dagger.internal.codegen.bindinggraphvalidation.SubcomponentFactoryMethodValidator: loaded 2 times (x 81B)
Class dagger.internal.codegen.binding.OptionalBindingDeclaration$Factory              : loaded 2 times (x 69B)
Class dagger.internal.codegen.binding.DelegateDeclaration                             : loaded 2 times (x 76B)
Class dagger.internal.codegen.processingstep.MultibindingAnnotationsProcessingStep    : loaded 2 times (x 82B)
Class dagger.internal.codegen.base.ClearableCache                                     : loaded 2 times (x 66B)
Class com.google.common.collect.AbstractMultimap$Entries                              : loaded 2 times (x 116B)
Class com.google.common.collect.ImmutableMap$MapViewOfValuesAsSingletonSets$1         : loaded 2 times (x 78B)
Class dagger.spi.shaded.androidx.room.jarjarred.kotlinx.metadata.internal.metadata.ProtoBuf$Package$1: loaded 2 times (x 140B)
Class kotlin.reflect.jvm.internal.KClassImpl$Data$nestedClasses$2                     : loaded 2 times (x 75B)
Class dagger.spi.shaded.androidx.room.compiler.processing.javac.JavacMethodElement$propertyName$2: loaded 2 times (x 75B)
Class dagger.spi.shaded.androidx.room.compiler.processing.javac.JavacExecutableElement$thrownTypes$2: loaded 2 times (x 75B)
Class dagger.internal.codegen.binding.ProvisionBinding$Builder                        : loaded 2 times (x 84B)
Class org.jetbrains.kotlin.build.report.metrics.BuildMetricsReporter                  : loaded 2 times (x 66B)
Class com.google.common.io.Files$2                                                    : loaded 2 times (x 72B)
Class com.google.common.io.AppendableWriter                                           : loaded 2 times (x 96B)
Class com.google.common.util.concurrent.AbstractFuture$Cancellation                   : loaded 2 times (x 68B)
Class dagger.internal.codegen.writing.MembersInjectorGenerator                        : loaded 2 times (x 73B)
Class com.google.common.collect.AbstractMapBasedMultimap$AsMap$AsMapIterator          : loaded 2 times (x 79B)
Class dagger.internal.codegen.binding.BindingGraphFactory                             : loaded 2 times (x 71B)
Class dagger.internal.codegen.validation.ComponentHierarchyValidator_Factory          : loaded 2 times (x 73B)
Class dagger.internal.codegen.base.ModuleKind                                         : loaded 2 times (x 75B)
Class org.gradle.kotlin.dsl.VersionCatalogAccessorsKt                                 : loaded 2 times (x 67B)
Class com.google.common.util.concurrent.UncheckedExecutionException                   : loaded 2 times (x 78B)
Class dagger.internal.codegen.binding.BindsTypeChecker_Factory                        : loaded 2 times (x 73B)
Class com.google.common.graph.Traverser                                               : loaded 2 times (x 69B)
Class com.google.common.io.ByteSink$AsCharSink                                        : loaded 2 times (x 76B)
Class dagger.spi.shaded.androidx.room.jarjarred.kotlinx.metadata.internal.metadata.ProtoBuf$Expression$ConstantValue$1: loaded 2 times (x 70B)
Class dagger.spi.shaded.androidx.room.jarjarred.kotlinx.metadata.internal.metadata.jvm.JvmProtoBuf: loaded 2 times (x 67B)
Class kotlin.text.DelimitedRangesSequence$iterator$1                                  : loaded 2 times (x 75B)
Class [Lorg.jetbrains.kotlin.build.report.metrics.BuildTime;                          : loaded 2 times (x 65B)
Class kotlin.reflect.jvm.internal.KClassImpl$Data$annotations$2                       : loaded 2 times (x 75B)
Class dagger.spi.shaded.androidx.room.compiler.processing.javac.JavacDeclaredType$typeArguments$2: loaded 2 times (x 75B)
Class kotlin.reflect.jvm.internal.pcollections.HashPMap                               : loaded 2 times (x 68B)
Class dagger.spi.shaded.androidx.room.jarjarred.kotlinx.metadata.internal.protobuf.CodedOutputStream$ByteBufferOutputStream: loaded 2 times (x 82B)
Class dagger.spi.shaded.androidx.room.compiler.processing.javac.JavacAnnotation$declaredAnnotationValues$2: loaded 2 times (x 75B)
Class dagger.hilt.processor.internal.generatesrootinput.GeneratesRootInputs           : loaded 2 times (x 68B)
Class dagger.spi.shaded.androidx.room.jarjarred.kotlinx.metadata.jvm.JvmFunctionExtensionVisitor: loaded 2 times (x 76B)
Class org.jetbrains.org.objectweb.asm.FieldWriter                                     : loaded 2 times (x 73B)
Class org.jetbrains.org.objectweb.asm.MethodVisitor                                   : loaded 2 times (x 100B)
Class kotlin.io.ByteStreamsKt                                                         : loaded 2 times (x 67B)
Class com.google.common.cache.RemovalListener                                         : loaded 2 times (x 66B)
Class org.gradle.api.internal.DefaultClassPathRegistry                                : loaded 2 times (x 72B)
Class com.google.common.collect.Maps$FilteredEntryMap$EntrySet$1                      : loaded 2 times (x 78B)
Class dagger.internal.codegen.binding.BindingGraphFactory_Factory                     : loaded 2 times (x 73B)
Class [Ldagger.internal.codegen.validation.BindingMethodValidator$Abstractness;       : loaded 2 times (x 65B)
Class dagger.internal.codegen.processingstep.AssistedInjectProcessingStep_Factory     : loaded 2 times (x 73B)
Class dagger.internal.codegen.model.RequestKind                                       : loaded 2 times (x 75B)
Class dagger.internal.codegen.validation.BindingGraphValidator_Factory                : loaded 2 times (x 73B)
Class dagger.internal.codegen.binding.ContributionBinding$Builder                     : loaded 2 times (x 79B)
Class dagger.internal.codegen.xprocessing.XTypes$XTypeEquivalence                     : loaded 2 times (x 80B)
Class dagger.internal.codegen.writing.FactoryGenerator                                : loaded 2 times (x 73B)
Class dagger.spi.shaded.androidx.room.jarjarred.kotlinx.metadata.internal.extensions.KmTypeExtension: loaded 2 times (x 66B)
Class dagger.internal.codegen.processingstep.InjectProcessingStep                     : loaded 2 times (x 82B)
Class dagger.internal.codegen.validation.BindsInstanceMethodValidator                 : loaded 2 times (x 74B)
Class dagger.internal.codegen.binding.MultibindingDeclaration$Factory                 : loaded 2 times (x 68B)
Class dagger.internal.codegen.writing.ProducerFactoryGenerator$NoArgFutureTransform   : loaded 2 times (x 74B)
Class dagger.internal.codegen.model.Scope                                             : loaded 2 times (x 68B)
Class com.google.common.util.concurrent.AbstractFuture$Trusted                        : loaded 2 times (x 66B)
Class com.google.common.collect.Range                                                 : loaded 2 times (x 83B)
Class com.google.common.reflect.Invokable$ConstructorInvokable                        : loaded 2 times (x 103B)
Class org.gradle.api.internal.ClassPathRegistry                                       : loaded 2 times (x 66B)
Class org.gradle.internal.classpath.DefaultClassPath$ImmutableUniqueList              : loaded 2 times (x 195B)
Class dagger.internal.codegen.model.DaggerProcessingEnv                               : loaded 2 times (x 70B)
Class dagger.internal.codegen.binding.AutoValue_OptionalBindingDeclaration            : loaded 2 times (x 71B)
Class [Ldagger.internal.codegen.compileroption.ProcessingEnvironmentCompilerOptions$CommandLineOption;: loaded 2 times (x 65B)
Class dagger.internal.codegen.ProcessingEnvironmentModule_FilerFactory                : loaded 2 times (x 73B)
Class dagger.internal.codegen.binding.MethodSignatureFormatter_Factory                : loaded 2 times (x 73B)
Class kotlin.collections.IntIterator                                                  : loaded 2 times (x 78B)
Class kotlin.io.LinesSequence$iterator$1                                              : loaded 2 times (x 75B)
Class dagger.spi.shaded.androidx.room.jarjarred.kotlinx.metadata.internal.metadata.jvm.JvmProtoBuf$StringTableTypes$Record$1: loaded 2 times (x 140B)
Class dagger.internal.codegen.extension.DaggerStreams                                 : loaded 2 times (x 67B)
Class kotlin.reflect.jvm.internal.KClassImpl$Data$declaredNonStaticMembers$2          : loaded 2 times (x 75B)
Class dagger.spi.shaded.androidx.room.compiler.codegen.XTypeNameKt                    : loaded 2 times (x 67B)
Class dagger.spi.shaded.androidx.room.compiler.processing.InternalXAnnotationValue$Kind: loaded 2 times (x 75B)
Class dagger.spi.shaded.androidx.room.jarjarred.kotlinx.metadata.internal.protobuf.ExtensionRegistryLite$ObjectIntPair: loaded 2 times (x 68B)
Class org.jetbrains.org.objectweb.asm.ByteVector                                      : loaded 2 times (x 74B)
Class kotlin.text.StringsKt__StringsKt$splitToSequence$1                              : loaded 2 times (x 75B)
Class kotlin.jvm.internal.TypeIntrinsics                                              : loaded 2 times (x 67B)
Class com.google.common.collect.MapMakerInternalMap$Segment                           : loaded 2 times (x 138B)
Class com.google.common.reflect.TypeToken                                             : loaded 2 times (x 69B)
Class com.google.common.base.ExtraObjectsMethodsForWeb                                : loaded 2 times (x 67B)
Class dagger.internal.codegen.componentgenerator.TopLevelImplementationComponent      : loaded 2 times (x 66B)
Class dagger.internal.codegen.bindinggraphvalidation.DependsOnProductionExecutorValidator: loaded 2 times (x 81B)
Class dagger.internal.codegen.bindinggraphvalidation.ProvisionDependencyOnProducerBindingValidator_Factory$InstanceHolder: loaded 2 times (x 67B)
Class dagger.spi.shaded.androidx.room.jarjarred.kotlinx.metadata.internal.protobuf.AbstractMessageLite$Builder: loaded 2 times (x 118B)
Class dagger.spi.shaded.androidx.room.jarjarred.kotlinx.metadata.internal.protobuf.AbstractMessageLite$Builder$LimitedInputStream: loaded 2 times (x 88B)
Class dagger.spi.shaded.androidx.room.jarjarred.kotlinx.metadata.Flag                 : loaded 2 times (x 67B)
Class dagger.spi.shaded.auto.common.AnnotationMirrors                                 : loaded 2 times (x 67B)
Class dagger.spi.shaded.androidx.room.jarjarred.kotlinx.metadata.internal.metadata.jvm.JvmProtoBuf$StringTableTypes$RecordOrBuilder: loaded 2 times (x 66B)
Class dagger.spi.shaded.androidx.room.jarjarred.kotlinx.metadata.internal.metadata.deserialization.VersionRequirementTable: loaded 2 times (x 68B)
Class dagger.spi.shaded.androidx.room.jarjarred.kotlinx.metadata.KmPropertyExtensionVisitor: loaded 2 times (x 66B)
Class dagger.spi.shaded.androidx.room.compiler.processing.javac.kotlin.KmClassContainer$primaryConstructorSignature$2: loaded 2 times (x 75B)
Class dagger.spi.shaded.androidx.room.compiler.processing.javac.DefaultJavacType      : loaded 2 times (x 183B)
Class dagger.internal.codegen.validation.AnyBindingMethodValidator_Factory            : loaded 2 times (x 73B)
Class com.google.common.cache.RemovalCause                                            : loaded 2 times (x 76B)
Class com.google.common.io.ByteSink                                                   : loaded 2 times (x 72B)
Class com.google.common.cache.CacheBuilder                                            : loaded 2 times (x 68B)
Class Settings_gradle$1                                                               : loaded 2 times (x 70B)
Class org.gradle.internal.classpath.ClassPath                                         : loaded 2 times (x 66B)
Class org.gradle.api.UncheckedIOException                                             : loaded 2 times (x 78B)
Class com.google.common.collect.LinkedHashMultimap$ValueSet$1                         : loaded 2 times (x 78B)
Class dagger.internal.codegen.validation.BindingMethodValidator$MethodValidator       : loaded 2 times (x 76B)
Class dagger.internal.codegen.DelegateComponentProcessor_SourceFileGeneratorsModule_ModuleConstructorProxyGeneratorFactory: loaded 2 times (x 73B)
Class [Ldagger.internal.codegen.base.ContributionType;                                : loaded 2 times (x 65B)
Class dagger.internal.codegen.validation.SpiModelBindingGraphConverter$DaggerProcessingEnvImpl: loaded 2 times (x 72B)
Class dagger.internal.codegen.validation.BindsOptionalOfMethodValidator               : loaded 2 times (x 74B)
Class dagger.internal.codegen.DelegateComponentProcessor$SourceFileGeneratorsModule   : loaded 2 times (x 66B)
Class dagger.internal.codegen.validation.ProvidesMethodValidator_Factory              : loaded 2 times (x 73B)
Class dagger.internal.codegen.DaggerDelegateComponentProcessor_Injector$Factory       : loaded 2 times (x 70B)
Class [Ldagger.spi.shaded.androidx.room.jarjarred.kotlinx.metadata.internal.metadata.ProtoBuf$Effect$EffectType;: loaded 2 times (x 65B)
Class dagger.spi.shaded.androidx.room.jarjarred.kotlinx.metadata.internal.metadata.ProtoBuf$Type$Argument$1: loaded 2 times (x 140B)
Class dagger.internal.codegen.componentgenerator.ComponentGenerator                   : loaded 2 times (x 73B)
Class dagger.internal.codegen.validation.ValidationReport                             : loaded 2 times (x 68B)
Class dagger.internal.codegen.model.DependencyRequest$Builder                         : loaded 2 times (x 72B)
Class dagger.internal.codegen.model.Key                                               : loaded 2 times (x 74B)
Class com.google.common.util.concurrent.AbstractFuture$UnsafeAtomicHelper$1           : loaded 2 times (x 72B)
Class com.google.common.collect.Interners$InternerBuilder                             : loaded 2 times (x 72B)
Class com.google.common.io.Files$FileByteSource                                       : loaded 2 times (x 81B)
Class [Lcom.google.common.reflect.Types$JavaVersion;                                  : loaded 2 times (x 65B)
Class com.google.common.collect.ImmutableRangeSet$1                                   : loaded 2 times (x 206B)
Class dagger.internal.codegen.base.AutoValue_ComponentAnnotation                      : loaded 2 times (x 72B)
Class com.squareup.javapoet.ParameterSpec$Builder                                     : loaded 2 times (x 68B)
Class dagger.spi.shaded.androidx.room.jarjarred.kotlinx.metadata.internal.metadata.ProtoBuf$Visibility$1: loaded 2 times (x 70B)
Class kotlin.reflect.jvm.internal.KClassImpl$Data$declaredStaticMembers$2             : loaded 2 times (x 75B)
Class kotlin.reflect.jvm.internal.KProperty1Impl$delegateSource$1                     : loaded 2 times (x 75B)
Class dagger.spi.shaded.androidx.room.compiler.processing.CommonProcessorDelegate     : loaded 2 times (x 68B)
Class dagger.spi.shaded.androidx.room.compiler.processing.javac.JavacType$xTypeName$2 : loaded 2 times (x 75B)
Class dagger.spi.shaded.androidx.room.compiler.processing.javac.JavacProcessingEnv$WhenMappings: loaded 2 times (x 67B)
Class dagger.hilt.android.processor.internal.AndroidClassNames                        : loaded 2 times (x 67B)
Class [Ldagger.hilt.processor.internal.optionvalues.BooleanValue;                     : loaded 2 times (x 65B)
Class dagger.spi.shaded.androidx.room.jarjarred.kotlinx.metadata.internal.metadata.ProtoBuf$Contract: loaded 2 times (x 103B)
Class dagger.spi.shaded.auto.common.MoreTypes$AsElementVisitor                        : loaded 2 times (x 97B)
Class com.google.common.io.CharStreams$NullWriter                                     : loaded 2 times (x 95B)
Class org.objectweb.asm.SymbolTable$Entry                                             : loaded 2 times (x 70B)
Class com.google.common.util.concurrent.AbstractFuture$AtomicHelper                   : loaded 2 times (x 74B)
Class kotlin.reflect.jvm.internal.impl.utils.CollectionsKt                            : loaded 2 times (x 67B)
Class dagger.spi.shaded.androidx.room.compiler.processing.ksp.KSTypeJavaPoetExtKt     : loaded 2 times (x 67B)
Class dagger.internal.codegen.binding.AutoValue_DelegateDeclaration                   : loaded 2 times (x 79B)
Class dagger.internal.codegen.validation.DependencyRequestValidator                   : loaded 2 times (x 68B)
Class dagger.internal.SingleCheck                                                     : loaded 2 times (x 71B)
Class dagger.internal.codegen.kotlin.KotlinMetadataFactory_Factory$InstanceHolder     : loaded 2 times (x 67B)
Class dagger.spi.shaded.androidx.room.compiler.processing.javac.JavacMethodParameter  : loaded 2 times (x 221B)
Class dagger.internal.codegen.xprocessing.XAnnotations                                : loaded 2 times (x 67B)
Class dagger.spi.shaded.androidx.room.jarjarred.kotlinx.metadata.internal.metadata.jvm.JvmProtoBuf$StringTableTypes: loaded 2 times (x 106B)
Class com.squareup.kotlinpoet.TypeName$Companion                                      : loaded 2 times (x 67B)
Class dagger.spi.shaded.androidx.room.compiler.processing.javac.JavacType             : loaded 2 times (x 183B)
Class dagger.internal.codegen.bindinggraphvalidation.CompositeBindingGraphPlugin_Factory_Impl: loaded 2 times (x 71B)
Class dagger.internal.codegen.model.DiagnosticReporter                                : loaded 2 times (x 71B)
Class org.jetbrains.org.objectweb.asm.ClassWriter                                     : loaded 2 times (x 100B)
Class org.objectweb.asm.Edge                                                          : loaded 2 times (x 68B)
Class com.google.common.base.Suppliers$SupplierOfInstance                             : loaded 2 times (x 75B)
Class dagger.internal.codegen.xprocessing.XTypes$TypeResolutionVisitor                : loaded 2 times (x 97B)
Class [Ldagger.internal.codegen.base.ComponentCreatorKind;                            : loaded 2 times (x 65B)
Class dagger.internal.codegen.processingstep.ProcessingStepsModule_ProcessingStepsFactory: loaded 2 times (x 73B)
Class dagger.internal.codegen.DelegateComponentProcessor_MembersInjector              : loaded 2 times (x 71B)
Class dagger.internal.codegen.compileroption.ProcessingEnvironmentCompilerOptions_Factory: loaded 2 times (x 73B)
Class dagger.spi.shaded.androidx.room.compiler.processing.javac.kotlin.KmTypeContainer: loaded 2 times (x 78B)
Class dagger.spi.shaded.androidx.room.jarjarred.kotlinx.metadata.internal.metadata.ProtoBuf$VersionRequirementTableOrBuilder: loaded 2 times (x 66B)
Class dagger.spi.shaded.androidx.room.jarjarred.kotlinx.metadata.internal.metadata.ProtoBuf$TypeParameterOrBuilder: loaded 2 times (x 66B)
Class [Ldagger.internal.codegen.base.ComponentCreatorAnnotation;                      : loaded 2 times (x 65B)
Class dagger.spi.shaded.androidx.room.compiler.processing.javac.JavacExecutableType$parameterTypes$2: loaded 2 times (x 75B)
Class dagger.hilt.android.processor.internal.viewmodel.ViewModelProcessingStep        : loaded 2 times (x 83B)
Class dagger.internal.codegen.validation.ValidationReport$Builder                     : loaded 2 times (x 68B)
Class kotlin.streams.jdk8.StreamsKt                                                   : loaded 2 times (x 67B)
Class com.google.common.reflect.TypeToken$1                                           : loaded 2 times (x 106B)
Class com.google.common.cache.LocalCache$ComputingValueReference                      : loaded 2 times (x 92B)
Class com.google.common.cache.LocalCache$2                                            : loaded 2 times (x 138B)
Class com.google.common.reflect.TypeToken$SimpleTypeToken                             : loaded 2 times (x 69B)
Class dagger.internal.codegen.binding.AutoValue_Nullability                           : loaded 2 times (x 70B)
Class dagger.internal.codegen.writing.InaccessibleMapKeyProxyGenerator                : loaded 2 times (x 73B)
Class dagger.internal.codegen.base.DaggerSuperficialValidation$ValidationException$UnexpectedException: loaded 2 times (x 79B)
Class dagger.internal.codegen.binding.ProvisionBinding                                : loaded 2 times (x 91B)
Class dagger.internal.codegen.binding.InjectionSiteFactory                            : loaded 2 times (x 68B)
Class [Ldagger.spi.shaded.androidx.room.jarjarred.kotlinx.metadata.internal.metadata.ProtoBuf$MemberKind;: loaded 2 times (x 65B)
Class dagger.spi.shaded.androidx.room.jarjarred.kotlinx.metadata.internal.metadata.ProtoBuf$Visibility: loaded 2 times (x 78B)
Class dagger.spi.shaded.androidx.room.jarjarred.kotlinx.metadata.internal.metadata.jvm.JvmProtoBuf$JvmMethodSignature: loaded 2 times (x 104B)
Class kotlin.reflect.jvm.internal.KClassImpl$Data$supertypes$2                        : loaded 2 times (x 75B)
Class com.google.common.collect.MapMakerInternalMap$AbstractStrongKeyEntry            : loaded 2 times (x 76B)
Class com.squareup.kotlinpoet.WildcardTypeName                                        : loaded 2 times (x 78B)
Class com.squareup.kotlinpoet.ClassName                                               : loaded 2 times (x 81B)
Class dagger.spi.shaded.androidx.room.compiler.processing.javac.JavacTypeElement$allMethods$1: loaded 2 times (x 75B)
Class com.google.common.io.ByteSource$ByteArrayByteSource                             : loaded 2 times (x 81B)
Class com.google.common.collect.MultimapBuilder                                       : loaded 2 times (x 69B)
Class com.google.common.reflect.TypeToken$2                                           : loaded 2 times (x 106B)
Class com.google.common.cache.LocalCache$Segment                                      : loaded 2 times (x 150B)
Class dagger.spi.shaded.androidx.room.compiler.processing.javac.JavacProcessingEnv$messager$2: loaded 2 times (x 75B)
Class dagger.internal.codegen.writing.ModuleProxies                                   : loaded 2 times (x 67B)
Class dagger.internal.codegen.componentgenerator.ComponentHjarGenerator_Factory       : loaded 2 times (x 73B)
Class dagger.internal.codegen.validation.ValidationBindingGraphPlugin                 : loaded 2 times (x 81B)
Class dagger.internal.codegen.processingstep.MonitoringModuleProcessingStep           : loaded 2 times (x 82B)
Class dagger.internal.codegen.processingstep.InjectProcessingStep_Factory             : loaded 2 times (x 73B)
Class dagger.internal.codegen.bindinggraphvalidation.SubcomponentFactoryMethodValidator_Factory$InstanceHolder: loaded 2 times (x 67B)
Class dagger.hilt.processor.internal.HiltCompilerOptions$EnumOption                   : loaded 2 times (x 68B)
Class kotlin.reflect.jvm.internal.KClassImpl$Data$qualifiedName$2                     : loaded 2 times (x 75B)
Class dagger.spi.shaded.androidx.room.jarjarred.kotlinx.metadata.internal.protobuf.GeneratedMessageLite$ExtensionDescriptor: loaded 2 times (x 80B)
Class dagger.spi.shaded.androidx.room.jarjarred.kotlinx.metadata.KmClass              : loaded 2 times (x 94B)
Class dagger.spi.shaded.androidx.room.jarjarred.kotlinx.metadata.InconsistentKotlinMetadataException: loaded 2 times (x 78B)
Class dagger.spi.shaded.androidx.room.jarjarred.kotlinx.metadata.internal.protobuf.ExtensionRegistryLite: loaded 2 times (x 70B)
Class dagger.spi.shaded.androidx.room.jarjarred.kotlinx.metadata.internal.metadata.ProtoBuf$Function$1: loaded 2 times (x 140B)
Class dagger.spi.shaded.androidx.room.compiler.processing.javac.JavacElement$docComment$2: loaded 2 times (x 75B)
Class dagger.spi.shaded.androidx.room.jarjarred.kotlinx.metadata.internal.metadata.jvm.JvmProtoBuf$JvmFieldSignatureOrBuilder: loaded 2 times (x 66B)
Class dagger.spi.shaded.androidx.room.jarjarred.kotlinx.metadata.internal.protobuf.Internal$EnumLiteMap: loaded 2 times (x 66B)
Class [Lcom.google.common.base.Supplier;                                              : loaded 2 times (x 65B)
Class [Lorg.objectweb.asm.SymbolTable$Entry;                                          : loaded 2 times (x 65B)
Class com.google.common.cache.CacheLoader                                             : loaded 2 times (x 70B)
Class org.gradle.internal.installation.GradleInstallation$1                           : loaded 2 times (x 71B)
Class org.gradle.api.internal.classpath.ModuleRegistry                                : loaded 2 times (x 66B)
Class dagger.internal.codegen.binding.MapKeys                                         : loaded 2 times (x 67B)
Class dagger.internal.codegen.binding.DependencyRequestFormatter                      : loaded 2 times (x 82B)
Class dagger.internal.codegen.validation.MultibindsMethodValidator                    : loaded 2 times (x 75B)
Class dagger.spi.shaded.androidx.room.compiler.processing.javac.JavacConstructorElement$kotlinMetadata$2: loaded 2 times (x 75B)
Class dagger.spi.shaded.androidx.room.jarjarred.kotlinx.metadata.internal.metadata.ProtoBuf$ClassOrBuilder: loaded 2 times (x 66B)
Class dagger.spi.shaded.androidx.room.jarjarred.kotlinx.metadata.internal.metadata.ProtoBuf$ValueParameter: loaded 2 times (x 124B)
Class dagger.spi.shaded.androidx.room.jarjarred.kotlinx.metadata.internal.protobuf.SmallSortedMap$EmptySet: loaded 2 times (x 67B)
Class dagger.spi.shaded.androidx.room.jarjarred.kotlinx.metadata.internal.protobuf.MessageLite: loaded 2 times (x 66B)
Class dagger.spi.shaded.androidx.room.compiler.processing.javac.VisitorData           : loaded 2 times (x 68B)
Class dagger.spi.shaded.androidx.room.jarjarred.kotlinx.metadata.internal.metadata.jvm.JvmProtoBuf$JvmMethodSignature$Builder: loaded 2 times (x 130B)
Class dagger.Lazy                                                                     : loaded 2 times (x 66B)
Class dagger.internal.codegen.binding.MethodSignatureFormatter                        : loaded 2 times (x 82B)
Class org.jetbrains.org.objectweb.asm.AnnotationVisitor                               : loaded 2 times (x 73B)
Class com.google.common.util.concurrent.internal.InternalFutureFailureAccess          : loaded 2 times (x 68B)
Class com.google.common.base.Splitter$SplittingIterator                               : loaded 2 times (x 80B)
Class kotlin.coroutines.intrinsics.IntrinsicsKt__IntrinsicsKt                         : loaded 2 times (x 67B)
Class dagger.internal.codegen.writing.AnnotationCreatorGenerator                      : loaded 2 times (x 76B)
Class dagger.internal.codegen.extension.Optionals                                     : loaded 2 times (x 67B)
Class dagger.internal.codegen.processingstep.ComponentHjarProcessingStep              : loaded 2 times (x 82B)
Class dagger.internal.codegen.processingstep.MapKeyProcessingStep_Factory             : loaded 2 times (x 73B)
Class dagger.hilt.android.processor.internal.bindvalue.BindValueMetadata              : loaded 2 times (x 69B)
Class dagger.internal.codegen.validation.ProvidesMethodValidator$Validator            : loaded 2 times (x 76B)
Class dagger.spi.shaded.androidx.room.jarjarred.kotlinx.metadata.internal.extensions.KmFunctionExtension: loaded 2 times (x 66B)
Class dagger.internal.codegen.binding.ModuleDescriptor                                : loaded 2 times (x 76B)
Class dagger.spi.shaded.androidx.room.compiler.processing.javac.JavacMethodType$returnType$2: loaded 2 times (x 75B)
Class [Ldagger.internal.codegen.model.BindingKind;                                    : loaded 2 times (x 65B)
Class [Ldagger.spi.shaded.androidx.room.jarjarred.kotlinx.metadata.internal.metadata.ProtoBuf$VersionRequirement$VersionKind;: loaded 2 times (x 65B)
Class dagger.spi.shaded.androidx.room.jarjarred.kotlinx.metadata.KmConstructor        : loaded 2 times (x 73B)
Class dagger.spi.shaded.androidx.room.jarjarred.kotlinx.metadata.jvm.internal.JvmTypeExtension: loaded 2 times (x 82B)
Class com.google.common.cache.LocalCache$1                                            : loaded 2 times (x 85B)
Class dagger.spi.shaded.androidx.room.compiler.processing.javac.JavacMethodElement$kotlinMetadata$2: loaded 2 times (x 75B)
Class dagger.spi.shaded.androidx.room.compiler.processing.javac.JavacTypeElement$superInterfaces$2: loaded 2 times (x 75B)
Class dagger.spi.shaded.androidx.room.compiler.processing.CommonProcessorDelegate$processRound$currentElementsDeferredByStep$1$stepDeferredElementsByAnnotation$1: loaded 2 times (x 74B)
Class dagger.spi.shaded.androidx.room.compiler.processing.XMessager                   : loaded 2 times (x 69B)
Class com.google.common.collect.MultimapBuilder$ArrayListSupplier                     : loaded 2 times (x 73B)
Class org.jetbrains.kotlin.name.FqNameUnsafe                                          : loaded 2 times (x 68B)
Class com.google.common.collect.HashBiMap$Inverse                                     : loaded 2 times (x 138B)
Class com.google.common.util.concurrent.AbstractFuture$UnsafeAtomicHelper             : loaded 2 times (x 74B)
Class com.google.common.cache.LocalCache$LocalManualCache$1                           : loaded 2 times (x 71B)
Class com.google.common.collect.HashBiMap$BiEntry                                     : loaded 2 times (x 79B)
Class dagger.internal.codegen.processingstep.BindingMethodProcessingStep_Factory      : loaded 2 times (x 73B)
Class [Ldagger.internal.codegen.model.BindingGraphPlugin;                             : loaded 2 times (x 65B)
Class dagger.internal.codegen.validation.BindingElementValidator$AllowsScoping        : loaded 2 times (x 75B)
Class dagger.internal.codegen.base.Formatter                                          : loaded 2 times (x 81B)
Class kotlin.sequences.TransformingSequence$iterator$1                                : loaded 2 times (x 75B)
Class dagger.spi.shaded.androidx.room.compiler.processing.javac.JavacMethodParameter$jvmName$2: loaded 2 times (x 75B)
Class dagger.spi.shaded.androidx.room.compiler.processing.XEnumTypeElementKt          : loaded 2 times (x 67B)
Class dagger.spi.shaded.androidx.room.jarjarred.kotlinx.metadata.KmDeclarationContainerVisitor: loaded 2 times (x 73B)
Class dagger.spi.shaded.auto.common.MoreTypes$DeclaredTypeVisitor                     : loaded 2 times (x 98B)
Class dagger.spi.shaded.androidx.room.compiler.processing.XTypeElement                : loaded 2 times (x 66B)
Class [Lkotlin.Function;                                                              : loaded 2 times (x 65B)
Class dagger.spi.shaded.androidx.room.compiler.processing.javac.JavacRoundEnv$rootElements$2: loaded 2 times (x 75B)
Class dagger.spi.shaded.androidx.room.compiler.processing.javac.JavacElement          : loaded 2 times (x 175B)
Class com.google.common.collect.Multimaps$CustomListMultimap                          : loaded 2 times (x 170B)
Class dagger.spi.shaded.androidx.room.jarjarred.kotlinx.metadata.KmClassifier$Class   : loaded 2 times (x 68B)
Class com.google.common.collect.Multimaps$CustomSetMultimap                           : loaded 2 times (x 174B)
Class org.gradle.api.internal.classpath.DefaultModuleRegistry                         : loaded 2 times (x 82B)
Class com.google.common.collect.Iterators$ConcatenatedIterator                        : loaded 2 times (x 78B)
Class dagger.spi.shaded.androidx.room.jarjarred.kotlinx.metadata.jvm.JvmFunctionExtensionVisitor$Companion: loaded 2 times (x 67B)
Class [Ldagger.internal.codegen.binding.BindingType;                                  : loaded 2 times (x 65B)
Class dagger.internal.codegen.validation.DiagnosticReporterFactory$DiagnosticReporterImpl: loaded 2 times (x 72B)
Class org.gradle.internal.service.ServiceLocator                                      : loaded 2 times (x 66B)
Class dagger.internal.codegen.validation.BindingMethodValidator$1                     : loaded 2 times (x 67B)
Class dagger.internal.codegen.bindinggraphvalidation.BindingGraphValidationModule     : loaded 2 times (x 66B)
Class dagger.internal.codegen.bindinggraphvalidation.MapMultibindingValidator         : loaded 2 times (x 81B)
Class dagger.internal.codegen.validation.BindsInstanceParameterValidator_Factory      : loaded 2 times (x 73B)
Class dagger.internal.codegen.compileroption.ProcessingEnvironmentCompilerOptions$KeyOnlyOption$1: loaded 2 times (x 82B)
Class dagger.spi.BindingGraphPlugin                                                   : loaded 2 times (x 66B)
Class [Lorg.objectweb.asm.Type;                                                       : loaded 2 times (x 65B)
Class kotlin.reflect.jvm.internal.impl.name.SpecialNames                              : loaded 2 times (x 67B)
Class [Lorg.objectweb.asm.Attribute;                                                  : loaded 2 times (x 65B)
Class dagger.spi.shaded.androidx.room.compiler.processing.javac.JavacArrayType        : loaded 2 times (x 207B)
Class org.jetbrains.kotlin.build.report.metrics.GradleBuildTime                       : loaded 2 times (x 82B)
Class dagger.spi.shaded.androidx.room.jarjarred.kotlinx.metadata.internal.metadata.ProtoBuf$Annotation: loaded 2 times (x 105B)
Class dagger.spi.shaded.androidx.room.jarjarred.kotlinx.metadata.internal.protobuf.ByteString$Output: loaded 2 times (x 82B)
Class dagger.spi.shaded.androidx.room.jarjarred.kotlinx.metadata.internal.metadata.ProtoBuf$Contract$1: loaded 2 times (x 140B)
Class dagger.hilt.processor.internal.BadInputException                                : loaded 2 times (x 78B)
Class dagger.spi.shaded.androidx.room.jarjarred.kotlinx.metadata.internal.metadata.ProtoBuf$AnnotationOrBuilder: loaded 2 times (x 66B)
Class dagger.internal.codegen.validation.MultibindsMethodValidator_Factory            : loaded 2 times (x 73B)
Class dagger.internal.codegen.binding.BindingGraphConverter                           : loaded 2 times (x 68B)
Class org.jetbrains.org.objectweb.asm.AnnotationWriter                                : loaded 2 times (x 74B)
Class org.jetbrains.kotlin.build.report.metrics.GradleBuildTime$Companion             : loaded 2 times (x 67B)
Class com.google.common.util.concurrent.ListenableFuture                              : loaded 2 times (x 66B)
Class com.google.common.cache.ReferenceEntry                                          : loaded 2 times (x 66B)
Class jdk.internal.jimage.BasicImageReader$2                                          : loaded 2 times (x 73B)
Class dagger.internal.codegen.compileroption.ProcessingEnvironmentCompilerOptions$KeyOnlyOption$2: loaded 2 times (x 82B)
Class dagger.internal.codegen.validation.DiagnosticMessageGenerator$Factory           : loaded 2 times (x 68B)
Class com.squareup.javapoet.FieldSpec$Builder                                         : loaded 2 times (x 68B)
Class com.squareup.javapoet.ParameterSpec                                             : loaded 2 times (x 68B)
Class com.google.common.base.Functions$ConstantFunction                               : loaded 2 times (x 80B)
Class dagger.internal.codegen.binding.BindingGraph$TopLevelBindingGraph               : loaded 2 times (x 95B)
Class dagger.spi.shaded.androidx.room.compiler.processing.XVariableElement            : loaded 2 times (x 66B)
Class dagger.spi.shaded.androidx.room.jarjarred.kotlinx.metadata.KmClassifier         : loaded 2 times (x 67B)
Class dagger.spi.shaded.androidx.room.jarjarred.kotlinx.metadata.internal.metadata.jvm.JvmProtoBuf$JvmPropertySignatureOrBuilder: loaded 2 times (x 66B)
Class kotlin.reflect.jvm.internal.KClassImpl$Data$allMembers$2                        : loaded 2 times (x 75B)
Class dagger.spi.shaded.androidx.room.compiler.processing.javac.JavacExecutableElement$jvmDescriptor$2: loaded 2 times (x 75B)
Class dagger.internal.codegen.binding.AssistedInjectionAnnotations                    : loaded 2 times (x 67B)
Class kotlin.Result                                                                   : loaded 2 times (x 68B)
Class dagger.internal.codegen.binding.BindingType                                     : loaded 2 times (x 75B)
Class com.google.common.reflect.TypeResolver$TypeVariableKey                          : loaded 2 times (x 68B)
Class com.google.common.util.concurrent.AbstractFuture                                : loaded 2 times (x 102B)
Class kotlin.coroutines.jvm.internal.RestrictedContinuationImpl                       : loaded 2 times (x 83B)
Class dagger.internal.codegen.DelegateComponentProcessor_SourceFileGeneratorsModule_ProducerFactoryGeneratorFactory: loaded 2 times (x 73B)
Class dagger.internal.codegen.validation.BindsInstanceElementValidator                : loaded 2 times (x 74B)
Class dagger.internal.codegen.validation.BindsMethodValidator                         : loaded 2 times (x 74B)
Class dagger.internal.codegen.processingstep.TypeCheckingProcessingStep_MembersInjector: loaded 2 times (x 71B)
Class dagger.internal.codegen.bindinggraphvalidation.DuplicateBindingsValidator_Factory: loaded 2 times (x 73B)
Class kotlin.comparisons.ComparisonsKt___ComparisonsJvmKt                             : loaded 2 times (x 67B)
Class com.squareup.kotlinpoet.ClassName$Companion                                     : loaded 2 times (x 67B)
Class dagger.spi.shaded.androidx.room.jarjarred.kotlinx.metadata.internal.metadata.ProtoBuf$Expression$ConstantValue: loaded 2 times (x 78B)
Class dagger.spi.shaded.androidx.room.compiler.processing.javac.kotlin.KmClassContainer$Companion: loaded 2 times (x 67B)
Class dagger.spi.shaded.androidx.room.jarjarred.kotlinx.metadata.jvm.JvmTypeExtensionVisitor$Companion: loaded 2 times (x 67B)
Class com.google.common.io.CharStreams                                                : loaded 2 times (x 67B)
Class com.google.common.reflect.TypeResolver$TypeTable                                : loaded 2 times (x 69B)
Class org.objectweb.asm.RecordComponentVisitor                                        : loaded 2 times (x 73B)
Class com.google.common.cache.CacheLoader$SupplierToCacheLoader                       : loaded 2 times (x 71B)
Class dagger.hilt.processor.internal.ProcessorErrors                                  : loaded 2 times (x 67B)
Class com.squareup.javapoet.MethodSpec                                                : loaded 2 times (x 68B)
Class kotlin.reflect.jvm.internal.impl.name.FqNamesUtilKt                             : loaded 2 times (x 67B)
Class dagger.internal.codegen.bindinggraphvalidation.CompositeBindingGraphPlugin$Factory: loaded 2 times (x 66B)
Class dagger.internal.codegen.base.RequestKinds                                       : loaded 2 times (x 67B)
Class dagger.hilt.processor.internal.aggregateddeps.AggregatedDepsGenerator           : loaded 2 times (x 68B)
Class dagger.internal.codegen.validation.SpiModelBindingGraphConverter                : loaded 2 times (x 67B)
Class dagger.internal.codegen.binding.MethodSignatureFormatter$1                      : loaded 2 times (x 83B)
Class dagger.internal.codegen.compileroption.ValidationType                           : loaded 2 times (x 75B)
Class dagger.spi.shaded.androidx.room.compiler.processing.javac.JavacTypeElement$JavacEnumTypeElement$entries$2: loaded 2 times (x 75B)
Class dagger.spi.shaded.androidx.room.compiler.processing.javac.kotlin.JvmDescriptorTypeVisitor: loaded 2 times (x 95B)
Class [Ldagger.spi.shaded.androidx.room.jarjarred.kotlinx.metadata.internal.metadata.ProtoBuf$Visibility;: loaded 2 times (x 65B)
Class dagger.spi.shaded.androidx.room.jarjarred.kotlinx.metadata.internal.protobuf.Parser: loaded 2 times (x 66B)
Class dagger.spi.shaded.androidx.room.jarjarred.kotlinx.metadata.internal.metadata.ProtoBuf$ConstructorOrBuilder: loaded 2 times (x 66B)
Class dagger.spi.shaded.androidx.room.jarjarred.kotlinx.metadata.KmClassExtensionVisitor: loaded 2 times (x 66B)
Class com.squareup.kotlinpoet.UtilKt                                                  : loaded 2 times (x 67B)
Class dagger.internal.codegen.binding.KeyFactory$1                                    : loaded 2 times (x 67B)
Class com.google.common.collect.ImmutableMapEntry$NonTerminalImmutableBiMapEntry      : loaded 2 times (x 81B)
Class dagger.spi.shaded.androidx.room.compiler.processing.javac.JavacProcessingEnv$Companion: loaded 2 times (x 67B)
Class com.google.common.cache.CacheLoader$FunctionToCacheLoader                       : loaded 2 times (x 71B)
Class com.google.common.collect.ImmutableRangeSet$AsSet                               : loaded 2 times (x 296B)
Class [Lkotlin.Pair;                                                                  : loaded 2 times (x 65B)
Class com.google.common.reflect.TypeResolver$TypeTable$1                              : loaded 2 times (x 69B)
Class org.gradle.internal.service.ServiceLookupException                              : loaded 2 times (x 78B)
Class com.google.common.reflect.Types$ParameterizedTypeImpl                           : loaded 2 times (x 77B)
Class dagger.internal.codegen.writing.FactoryGenerator_Factory                        : loaded 2 times (x 73B)
Class dagger.internal.codegen.binding.InjectionAnnotations                            : loaded 2 times (x 68B)
Class dagger.internal.codegen.binding.DependencyRequestFormatter_Factory              : loaded 2 times (x 73B)
Class kotlin.text.StringsKt__StringsKt$rangesDelimitedBy$2                            : loaded 2 times (x 75B)
Class dagger.hilt.processor.internal.Components                                       : loaded 2 times (x 67B)
Class dagger.spi.shaded.androidx.room.compiler.processing.XTypeParameterElement       : loaded 2 times (x 66B)
Class [Lorg.jetbrains.org.objectweb.asm.SymbolTable$Entry;                            : loaded 2 times (x 65B)
Class dagger.spi.shaded.androidx.room.compiler.processing.javac.JavacAnnotationValueKt: loaded 2 times (x 67B)
Class dagger.spi.shaded.androidx.room.jarjarred.kotlinx.metadata.internal.metadata.jvm.JvmProtoBuf$JvmPropertySignature$1: loaded 2 times (x 140B)
Class com.squareup.kotlinpoet.TypeName$cachedString$2                                 : loaded 2 times (x 75B)
Class dagger.spi.shaded.androidx.room.compiler.processing.javac.JavacMethodElement    : loaded 2 times (x 265B)
Class dagger.spi.shaded.androidx.room.compiler.processing.XMethodElement              : loaded 2 times (x 66B)
Class dagger.internal.codegen.xprocessing.XElements                                   : loaded 2 times (x 67B)
Class com.google.common.collect.Lists$ReverseList                                     : loaded 2 times (x 196B)
Class [Lcom.google.common.cache.LocalCache$EntryFactory;                              : loaded 2 times (x 65B)
Class org.gradle.internal.classloader.ClassLoaderFactory                              : loaded 2 times (x 66B)
Class kotlin.reflect.jvm.internal.KClassImpl$data$1                                   : loaded 2 times (x 75B)
Class dagger.internal.codegen.model.DependencyRequest                                 : loaded 2 times (x 71B)
Class dagger.internal.codegen.validation.ProducesMethodValidator$Validator            : loaded 2 times (x 76B)
Class dagger.internal.codegen.processingstep.MonitoringModuleGenerator_Factory        : loaded 2 times (x 73B)
Class dagger.internal.codegen.validation.InjectValidator_Factory                      : loaded 2 times (x 73B)
Class dagger.spi.model.BindingGraphPlugin                                             : loaded 2 times (x 66B)
Class kotlin.reflect.jvm.internal.KPropertyImpl$_javaField$1                          : loaded 2 times (x 75B)
Class dagger.spi.shaded.androidx.room.jarjarred.kotlinx.metadata.internal.metadata.ProtoBuf$Constructor: loaded 2 times (x 120B)
Class dagger.spi.shaded.androidx.room.jarjarred.kotlinx.metadata.FlagsKt              : loaded 2 times (x 67B)
Class dagger.spi.shaded.androidx.room.compiler.processing.javac.JavacTypeElement$type$2: loaded 2 times (x 75B)
Class dagger.spi.shaded.androidx.room.compiler.processing.XEquality                   : loaded 2 times (x 66B)
Class com.google.common.collect.ImmutableMap$SerializedForm                           : loaded 2 times (x 69B)
Class com.google.common.cache.LocalCache$LocalManualCache                             : loaded 2 times (x 95B)
Class org.gradle.internal.service.CachingServiceLocator                               : loaded 2 times (x 78B)
Class dagger.internal.codegen.binding.MembersInjectionBinding$InjectionSite$Kind      : loaded 2 times (x 75B)
Class dagger.internal.codegen.binding.AutoValue_MembersInjectionBinding_InjectionSite : loaded 2 times (x 73B)
Class dagger.internal.codegen.binding.MembersInjectionBinding$InjectionSite           : loaded 2 times (x 72B)
Class dagger.spi.shaded.androidx.room.jarjarred.kotlinx.metadata.internal.extensions.MetadataExtensions: loaded 2 times (x 66B)
Class dagger.internal.codegen.validation.DiagnosticReporterFactory_Factory            : loaded 2 times (x 73B)
Class dagger.spi.shaded.androidx.room.jarjarred.kotlinx.metadata.internal.metadata.jvm.deserialization.JvmProtoBufUtil: loaded 2 times (x 67B)
Class dagger.spi.shaded.androidx.room.jarjarred.kotlinx.metadata.internal.protobuf.GeneratedMessageLite: loaded 2 times (x 97B)
Class dagger.spi.shaded.androidx.room.compiler.processing.javac.kotlin.JvmAbi         : loaded 2 times (x 67B)
Class dagger.spi.shaded.androidx.room.jarjarred.kotlinx.metadata.internal.metadata.ProtoBuf$Modality: loaded 2 times (x 78B)
Class dagger.spi.shaded.androidx.room.jarjarred.kotlinx.metadata.internal.metadata.ProtoBuf$Type$Argument: loaded 2 times (x 106B)
Class dagger.spi.shaded.androidx.room.jarjarred.kotlinx.metadata.internal.extensions.MetadataExtensions$Companion: loaded 2 times (x 67B)
Class com.squareup.javapoet.WildcardTypeName                                          : loaded 2 times (x 77B)
Class dagger.spi.shaded.androidx.room.jarjarred.kotlinx.metadata.internal.protobuf.Internal$EnumLite: loaded 2 times (x 66B)
Class dagger.spi.shaded.androidx.room.compiler.processing.javac.JavacAnnotation       : loaded 2 times (x 135B)
Class dagger.spi.shaded.androidx.room.compiler.processing.javac.JavacTypeElement$xClassName$2: loaded 2 times (x 75B)
Class dagger.spi.shaded.androidx.room.jarjarred.kotlinx.metadata.internal.metadata.deserialization.Flags$FlagField: loaded 2 times (x 69B)
Class dagger.spi.shaded.androidx.room.jarjarred.kotlinx.metadata.KmFunctionVisitor    : loaded 2 times (x 77B)
Class dagger.internal.codegen.binding.KeyFactory                                      : loaded 2 times (x 68B)
Class dagger.internal.codegen.model.AutoValue_Key                                     : loaded 2 times (x 76B)
Class dagger.internal.codegen.writing.ProducerFactoryGenerator                        : loaded 2 times (x 73B)
Class dagger.internal.codegen.compileroption.ProcessingEnvironmentCompilerOptions$KeyOnlyOption: loaded 2 times (x 82B)
Class dagger.spi.shaded.androidx.room.compiler.processing.javac.JavacMethodType       : loaded 2 times (x 87B)
Class kotlin.reflect.jvm.internal.impl.descriptors.runtime.structure.ReflectClassUtilKt: loaded 2 times (x 67B)
Class dagger.spi.shaded.androidx.room.compiler.processing.javac.JavacConstructorElement$parameters$2: loaded 2 times (x 75B)
Class [Lkotlin.coroutines.intrinsics.CoroutineSingletons;                             : loaded 2 times (x 65B)
Class dagger.spi.shaded.androidx.room.jarjarred.kotlinx.metadata.jvm.JvmConstructorExtensionVisitor$Companion: loaded 2 times (x 67B)
Class dagger.spi.shaded.androidx.room.jarjarred.kotlinx.metadata.internal.protobuf.RopeByteString$RopeInputStream: loaded 2 times (x 88B)
Class dagger.spi.shaded.androidx.room.jarjarred.kotlinx.metadata.internal.protobuf.CodedInputStream: loaded 2 times (x 68B)
Class dagger.spi.shaded.androidx.room.jarjarred.kotlinx.metadata.internal.metadata.jvm.deserialization.UtfEncodingKt: loaded 2 times (x 67B)
Class dagger.spi.shaded.androidx.room.jarjarred.kotlinx.metadata.internal.metadata.ProtoBuf$ValueParameterOrBuilder: loaded 2 times (x 66B)
Class dagger.spi.shaded.androidx.room.jarjarred.kotlinx.metadata.internal.protobuf.MessageLiteOrBuilder: loaded 2 times (x 66B)
Class org.gradle.internal.classloader.InstrumentingClassLoader                        : loaded 2 times (x 66B)
Class org.gradle.internal.classpath.TransformedClassPath                              : loaded 2 times (x 92B)
Class com.google.common.cache.CacheBuilder$NullListener                               : loaded 2 times (x 78B)
Class org.objectweb.asm.FieldWriter                                                   : loaded 2 times (x 74B)
Class org.jetbrains.kotlin.build.report.metrics.BuildTime                             : loaded 2 times (x 66B)
Class com.google.common.collect.MapMakerInternalMap$InternalEntry                     : loaded 2 times (x 66B)
Class com.google.common.reflect.Types$TypeVariableInvocationHandler                   : loaded 2 times (x 71B)
Class [Lcom.google.common.collect.HashBiMap$BiEntry;                                  : loaded 2 times (x 65B)
Class com.google.common.reflect.Invokable                                             : loaded 2 times (x 99B)
Class dagger.internal.codegen.bindinggraphvalidation.NullableBindingValidator         : loaded 2 times (x 81B)
Class com.google.common.graph.Traverser$1                                             : loaded 2 times (x 70B)
Class com.google.common.collect.MapMaker$Dummy                                        : loaded 2 times (x 75B)
Class dagger.spi.shaded.androidx.room.compiler.processing.javac.kotlin.JvmDescriptorTypeVisitor$WhenMappings: loaded 2 times (x 67B)
Class [Ldagger.spi.shaded.androidx.room.jarjarred.kotlinx.metadata.internal.metadata.ProtoBuf$Expression$ConstantValue;: loaded 2 times (x 65B)
Class dagger.spi.shaded.androidx.room.jarjarred.kotlinx.metadata.internal.metadata.ProtoBuf$TypeTable$1: loaded 2 times (x 140B)
Class dagger.spi.shaded.androidx.room.jarjarred.kotlinx.metadata.internal.protobuf.WireFormat$FieldType: loaded 2 times (x 79B)
Class dagger.spi.shaded.androidx.room.jarjarred.kotlinx.metadata.internal.protobuf.LazyFieldLite: loaded 2 times (x 78B)
Class dagger.spi.shaded.androidx.room.jarjarred.kotlinx.metadata.internal.metadata.deserialization.BinaryVersion$Companion: loaded 2 times (x 67B)
Class dagger.spi.shaded.androidx.room.jarjarred.kotlinx.metadata.internal.metadata.jvm.deserialization.JvmMemberSignature: loaded 2 times (x 70B)
Class dagger.spi.shaded.androidx.room.compiler.codegen.XTypeName$Companion            : loaded 2 times (x 67B)
Class dagger.spi.shaded.androidx.room.compiler.processing.XNullability                : loaded 2 times (x 75B)
Class dagger.spi.shaded.androidx.room.jarjarred.kotlinx.metadata.internal.metadata.ProtoBuf$Class$Kind: loaded 2 times (x 78B)
Class dagger.internal.codegen.validation.InjectBindingRegistryImpl_Factory            : loaded 2 times (x 73B)
Class dagger.internal.codegen.validation.BindingElementValidator$AllowsMultibindings  : loaded 2 times (x 75B)
Class org.jetbrains.org.objectweb.asm.Type                                            : loaded 2 times (x 68B)
Class org.jetbrains.kotlin.name.FqName                                                : loaded 2 times (x 68B)
Class org.jetbrains.kotlin.build.report.metrics.DoNothingBuildMetricsReporter         : loaded 2 times (x 82B)
Class dagger.internal.codegen.processingstep.BindsInstanceProcessingStep              : loaded 2 times (x 82B)
Class dagger.internal.codegen.model.$AutoValue_Key                                    : loaded 2 times (x 76B)
Class dagger.internal.codegen.processingstep.ComponentHjarProcessingStep_Factory      : loaded 2 times (x 73B)
Class dagger.internal.codegen.DaggerDelegateComponentProcessor_Injector$TopLevelImplementationComponentFactory: loaded 2 times (x 71B)
Class dagger.internal.codegen.base.ElementFormatter                                   : loaded 2 times (x 81B)
Class [Ldagger.internal.codegen.compileroption.ProcessingEnvironmentCompilerOptions$KeyOnlyOption;: loaded 2 times (x 65B)
Class dagger.spi.model.DiagnosticReporter                                             : loaded 2 times (x 71B)
Class com.google.common.graph.Traverser$2                                             : loaded 2 times (x 70B)
Class dagger.spi.shaded.androidx.room.jarjarred.kotlinx.metadata.KmTypeProjection$Companion: loaded 2 times (x 67B)
Class dagger.spi.shaded.androidx.room.jarjarred.kotlinx.metadata.KmVariance           : loaded 2 times (x 75B)
Class [Ldagger.spi.shaded.androidx.room.jarjarred.kotlinx.metadata.internal.metadata.ProtoBuf$Type$Argument$Projection;: loaded 2 times (x 65B)
Class dagger.spi.shaded.androidx.room.jarjarred.kotlinx.metadata.internal.metadata.ProtoBuf$Annotation$1: loaded 2 times (x 140B)
Class kotlin.reflect.jvm.internal.KCallableImpl$_returnType$1                         : loaded 2 times (x 75B)
Class dagger.spi.shaded.androidx.room.compiler.processing.javac.JavacType$rawType$2   : loaded 2 times (x 75B)
Class dagger.spi.shaded.androidx.room.compiler.processing.javac.JavacMethodElement$name$2: loaded 2 times (x 75B)
Class dagger.spi.shaded.androidx.room.compiler.processing.XHasModifiers               : loaded 2 times (x 66B)
Class dagger.internal.codegen.binding.$AutoValue_ProvisionBinding$Builder             : loaded 2 times (x 99B)
Class org.jetbrains.kotlin.name.ClassId$Companion                                     : loaded 2 times (x 67B)
Class com.google.common.cache.CacheBuilder$OneWeigher                                 : loaded 2 times (x 78B)
Class jdk.internal.jimage.ImageReader$LinkNode                                        : loaded 2 times (x 80B)
Class com.google.common.base.Splitter$1                                               : loaded 2 times (x 73B)
Class com.google.common.cache.LocalCache$Strength$3                                   : loaded 2 times (x 77B)
Class dagger.internal.codegen.binding.$AutoValue_ProvisionBinding                     : loaded 2 times (x 91B)
Class dagger.internal.codegen.model.BindingKind                                       : loaded 2 times (x 75B)
Class dagger.internal.codegen.base.$AutoValue_ComponentAnnotation                     : loaded 2 times (x 72B)
Class dagger.internal.codegen.compileroption.ProcessingEnvironmentCompilerOptions$Validation: loaded 2 times (x 89B)
Class dagger.internal.codegen.ProcessingEnvironmentModule                             : loaded 2 times (x 66B)
Class dagger.internal.codegen.ServiceLoaders$1                                        : loaded 2 times (x 67B)
Class dagger.internal.codegen.xprocessing.XTypes                                      : loaded 2 times (x 67B)
Class dagger.internal.codegen.xprocessing.XAnnotations$1                              : loaded 2 times (x 80B)
Class dagger.spi.shaded.androidx.room.jarjarred.kotlinx.metadata.internal.extensions.KmExtension: loaded 2 times (x 66B)
Class com.google.common.io.ByteStreams                                                : loaded 2 times (x 67B)
Class dagger.spi.shaded.androidx.room.compiler.processing.javac.JavacMethodElement$kotlinDefaultImplClass$2: loaded 2 times (x 75B)
Class com.google.common.collect.Interner                                              : loaded 2 times (x 66B)
Class dagger.hilt.processor.internal.optionvalues.BooleanValue                        : loaded 2 times (x 75B)
Class com.google.common.reflect.Types$ClassOwnership$1LocalClass                      : loaded 2 times (x 67B)
Class org.gradle.internal.classloader.ClasspathUtil                                   : loaded 2 times (x 67B)
Class dagger.internal.codegen.model.BindingGraphPlugin                                : loaded 2 times (x 66B)
Class dagger.internal.codegen.validation.MultibindsMethodValidator$Validator          : loaded 2 times (x 76B)
Class dagger.internal.codegen.processingstep.AssistedProcessingStep_Factory           : loaded 2 times (x 73B)
Class dagger.hilt.android.processor.internal.viewmodel.ViewModelValidationPlugin      : loaded 2 times (x 78B)
Class dagger.spi.shaded.androidx.room.jarjarred.kotlinx.metadata.internal.metadata.ProtoBuf$Modality$1: loaded 2 times (x 70B)
Class dagger.spi.shaded.androidx.room.jarjarred.kotlinx.metadata.jvm.KotlinClassMetadata$Companion: loaded 2 times (x 67B)
Class com.google.common.collect.Interners$InternerImpl                                : loaded 2 times (x 71B)
Class dagger.spi.shaded.androidx.room.compiler.processing.javac.JavacFiler            : loaded 2 times (x 74B)
Class kotlin.reflect.jvm.internal.KClassImpl$Data$descriptor$2                        : loaded 2 times (x 75B)
Class com.google.common.base.Charsets                                                 : loaded 2 times (x 67B)
Class com.google.common.util.concurrent.Uninterruptibles                              : loaded 2 times (x 67B)
Class dagger.spi.shaded.androidx.room.jarjarred.kotlinx.metadata.internal.extensions.KmClassExtension: loaded 2 times (x 66B)
Class dagger.internal.codegen.base.ModuleKind$1                                       : loaded 2 times (x 67B)
Class [Ldagger.internal.codegen.xprocessing.XTypeElements$Visibility;                 : loaded 2 times (x 65B)
Class dagger.internal.codegen.validation.ComponentDescriptorValidator_Factory         : loaded 2 times (x 73B)
Class dagger.internal.codegen.bindinggraphvalidation.ProvisionDependencyOnProducerBindingValidator: loaded 2 times (x 81B)
Class dagger.internal.codegen.processingstep.TypeCheckingProcessingStep               : loaded 2 times (x 82B)
Class dagger.internal.codegen.binding.SourceFiles_Factory                             : loaded 2 times (x 72B)
Class dagger.spi.shaded.androidx.room.jarjarred.kotlinx.metadata.internal.protobuf.FieldSet: loaded 2 times (x 68B)
Class [Ldagger.spi.shaded.androidx.room.compiler.processing.XFiler$Mode;              : loaded 2 times (x 65B)
Class dagger.spi.shaded.androidx.room.jarjarred.kotlinx.metadata.internal.metadata.jvm.deserialization.JvmMemberSignature$Method: loaded 2 times (x 71B)
Class dagger.spi.shaded.androidx.room.jarjarred.kotlinx.metadata.internal.metadata.deserialization.BinaryVersion: loaded 2 times (x 69B)
Class dagger.spi.shaded.androidx.room.jarjarred.kotlinx.metadata.internal.metadata.jvm.JvmProtoBuf$JvmMethodSignature$1: loaded 2 times (x 140B)
Class dagger.spi.shaded.androidx.room.jarjarred.kotlinx.metadata.internal.protobuf.WireFormat$FieldType$4: loaded 2 times (x 79B)
Class dagger.spi.shaded.androidx.room.jarjarred.kotlinx.metadata.internal.metadata.ProtoBuf$Class$1: loaded 2 times (x 140B)
Class dagger.spi.shaded.androidx.room.compiler.codegen.XTypeName                      : loaded 2 times (x 71B)
Class dagger.spi.shaded.androidx.room.jarjarred.kotlinx.metadata.internal.protobuf.CodedOutputStream: loaded 2 times (x 68B)
Class dagger.spi.shaded.androidx.room.jarjarred.kotlinx.metadata.internal.metadata.ProtoBuf$VersionRequirement$VersionKind: loaded 2 times (x 78B)
Class dagger.spi.shaded.androidx.room.compiler.processing.javac.kotlin.KmClassContainer$constructorList$2: loaded 2 times (x 75B)
Class org.jetbrains.org.objectweb.asm.ModuleVisitor                                   : loaded 2 times (x 76B)
Class com.google.common.io.CharSource                                                 : loaded 2 times (x 81B)
Class org.gradle.api.specs.Spec                                                       : loaded 2 times (x 66B)
Class dagger.internal.codegen.bindinggraphvalidation.IncompatiblyScopedBindingsValidator_Factory: loaded 2 times (x 73B)
Class dagger.spi.shaded.androidx.room.compiler.processing.javac.JavacFieldElement     : loaded 2 times (x 223B)
Class dagger.internal.codegen.validation.BindingElementValidator$1                    : loaded 2 times (x 67B)
Class dagger.internal.codegen.binding.ProductionBinding                               : loaded 2 times (x 91B)
Class dagger.internal.codegen.validation.ExternalBindingGraphPlugins                  : loaded 2 times (x 68B)
Class dagger.internal.codegen.binding.MultibindingDeclaration_Factory_Factory         : loaded 2 times (x 73B)
Class dagger.spi.shaded.androidx.room.compiler.processing.javac.kotlin.KmClassContainer$superType$2: loaded 2 times (x 75B)
Class dagger.spi.shaded.androidx.room.jarjarred.kotlinx.metadata.internal.extensions.KmPropertyExtension: loaded 2 times (x 66B)
Class dagger.spi.shaded.androidx.room.jarjarred.kotlinx.metadata.internal.metadata.ProtoBuf$ContractOrBuilder: loaded 2 times (x 66B)
Class dagger.internal.codegen.bindinggraphvalidation.BindingGraphValidationModule_ProvidePluginsFactory: loaded 2 times (x 73B)
Class dagger.internal.codegen.validation.BindingMethodValidatorsModule                : loaded 2 times (x 66B)
Class dagger.internal.codegen.binding.SubcomponentDeclaration$Factory                 : loaded 2 times (x 69B)
Class jdk.internal.jrtfs.JrtFileStore                                                 : loaded 2 times (x 79B)
Class dagger.spi.shaded.androidx.room.compiler.processing.InternalXAnnotation         : loaded 2 times (x 135B)
Class com.google.common.collect.MultimapBuilder$ListMultimapBuilder                   : loaded 2 times (x 71B)
Class org.jetbrains.kotlin.name.Name                                                  : loaded 2 times (x 71B)
Class com.google.common.collect.MapMaker                                              : loaded 2 times (x 68B)
Class com.google.common.reflect.Types$JavaVersion                                     : loaded 2 times (x 79B)
Class com.google.common.cache.LocalCache$Strength$2                                   : loaded 2 times (x 77B)
Class dagger.internal.codegen.validation.ProducesMethodValidator_Factory              : loaded 2 times (x 73B)
Class [Lkotlin.reflect.jvm.internal.impl.builtins.jvm.JavaToKotlinClassMap$PlatformMutabilityMapping;: loaded 2 times (x 65B)
Class dagger.spi.shaded.auto.common.MoreTypes$ArrayTypeVisitor                        : loaded 2 times (x 98B)
Class dagger.spi.shaded.androidx.room.jarjarred.kotlinx.metadata.KmValueParameterVisitor: loaded 2 times (x 72B)
Class [Ldagger.spi.shaded.androidx.room.jarjarred.kotlinx.metadata.internal.protobuf.WireFormat$JavaType;: loaded 2 times (x 65B)
Class kotlin.reflect.jvm.internal.KClassImpl$Data$constructors$2                      : loaded 2 times (x 75B)
Class com.google.common.util.concurrent.SettableFuture                                : loaded 2 times (x 110B)
Class com.google.common.reflect.Types$ClassOwnership$3                                : loaded 2 times (x 67B)
Class kotlin.reflect.jvm.internal.KClassCacheKt                                       : loaded 2 times (x 67B)
Class dagger.spi.shaded.androidx.room.compiler.processing.javac.JavacProcessingEnvMessager$Companion: loaded 2 times (x 67B)
Class dagger.spi.shaded.androidx.room.jarjarred.kotlinx.metadata.internal.protobuf.WireFormat$FieldType$3: loaded 2 times (x 79B)
Class org.jetbrains.org.objectweb.asm.Symbol                                          : loaded 2 times (x 69B)
Class com.google.common.cache.LocalCache$LoadingValueReference                        : loaded 2 times (x 92B)
Class dagger.spi.shaded.androidx.room.jarjarred.kotlinx.metadata.internal.metadata.ProtoBuf$Property$1: loaded 2 times (x 140B)
Class dagger.internal.codegen.binding.MultibindingDeclaration                         : loaded 2 times (x 74B)
Class dagger.internal.codegen.writing.UnwrappedMapKeyGenerator_Factory                : loaded 2 times (x 73B)
Class dagger.internal.codegen.writing.ModuleProxies$ModuleConstructorProxyGenerator   : loaded 2 times (x 73B)
Class dagger.internal.codegen.compileroption.ProcessingEnvironmentCompilerOptions$CommandLineOption: loaded 2 times (x 66B)
Class dagger.internal.codegen.validation.ComponentValidator_Factory                   : loaded 2 times (x 73B)
Class dagger.spi.shaded.androidx.room.jarjarred.kotlinx.metadata.internal.metadata.ProtoBuf$TypeParameter$Variance: loaded 2 times (x 78B)
Class com.google.common.collect.Multimaps$Entries                                     : loaded 2 times (x 114B)
Class dagger.spi.shaded.androidx.room.jarjarred.kotlinx.metadata.internal.metadata.ProtoBuf$Type: loaded 2 times (x 141B)
Class dagger.spi.shaded.androidx.room.jarjarred.kotlinx.metadata.internal.metadata.ProtoBuf$FunctionOrBuilder: loaded 2 times (x 66B)
Class dagger.spi.shaded.androidx.room.jarjarred.kotlinx.metadata.internal.protobuf.FieldSet$FieldDescriptorLite: loaded 2 times (x 66B)
Class dagger.spi.shaded.androidx.room.jarjarred.kotlinx.metadata.internal.protobuf.GeneratedMessageLite$ExtendableMessageOrBuilder: loaded 2 times (x 66B)
Class dagger.spi.shaded.androidx.room.jarjarred.kotlinx.metadata.KmDeclarationContainer: loaded 2 times (x 66B)
Class dagger.spi.shaded.androidx.room.jarjarred.kotlinx.metadata.internal.metadata.jvm.JvmProtoBuf$StringTableTypes$Record$Operation: loaded 2 times (x 78B)
Class dagger.spi.shaded.androidx.room.compiler.processing.javac.JavacDeclaredType     : loaded 2 times (x 183B)
Class dagger.spi.shaded.androidx.room.jarjarred.kotlinx.metadata.internal.protobuf.RopeByteString: loaded 2 times (x 106B)
Class dagger.spi.shaded.androidx.room.compiler.processing.javac.JavacTypeElement$enclosingElement$2: loaded 2 times (x 75B)
Class dagger.spi.shaded.androidx.room.compiler.processing.javac.JavacTypeElement$kotlinMetadata$2: loaded 2 times (x 75B)
Class kotlin.collections.MapWithDefaultImpl                                           : loaded 2 times (x 122B)
Class dagger.spi.shaded.androidx.room.compiler.processing.javac.kotlin.KotlinClassMetadataUtilsKt: loaded 2 times (x 67B)
Class dagger.spi.shaded.androidx.room.compiler.processing.javac.kotlin.KmPropertyContainer: loaded 2 times (x 71B)
Class kotlin.jvm.functions.Function22                                                 : loaded 2 times (x 66B)
Class dagger.internal.codegen.validation.ProducesMethodValidator                      : loaded 2 times (x 74B)
Class com.google.common.collect.MapMakerInternalMap$StrongKeyDummyValueEntry          : loaded 2 times (x 78B)
Class com.google.common.io.LineReader$1                                               : loaded 2 times (x 71B)
Class com.google.common.reflect.Invokable$MethodInvokable                             : loaded 2 times (x 103B)
Class com.google.common.base.Platform                                                 : loaded 2 times (x 67B)
Class dagger.internal.codegen.componentgenerator.ComponentGenerator_Factory           : loaded 2 times (x 73B)
Class dagger.internal.codegen.model.Key$Builder                                       : loaded 2 times (x 72B)
Class kotlin.coroutines.jvm.internal.RestrictedSuspendLambda                          : loaded 2 times (x 87B)
Class dagger.internal.codegen.model.DaggerElement                                     : loaded 2 times (x 69B)
Class dagger.internal.codegen.validation.ProvidesMethodValidator                      : loaded 2 times (x 74B)
Class dagger.internal.codegen.DelegateComponentProcessor_SourceFileGeneratorsModule_FactoryGeneratorFactory: loaded 2 times (x 73B)
Class com.google.common.primitives.Ints$IntConverter                                  : loaded 2 times (x 86B)
Class com.google.common.cache.LocalCache$Strength$1                                   : loaded 2 times (x 77B)
Class dagger.spi.shaded.androidx.room.compiler.processing.javac.DefaultJavacType$equalityItems$2: loaded 2 times (x 75B)
Class [Ldagger.spi.shaded.androidx.room.jarjarred.kotlinx.metadata.internal.metadata.ProtoBuf$Modality;: loaded 2 times (x 65B)
Class dagger.spi.shaded.androidx.room.jarjarred.kotlinx.metadata.KmConstructorVisitor : loaded 2 times (x 72B)
Class [Ldagger.spi.shaded.androidx.room.jarjarred.kotlinx.metadata.internal.protobuf.WireFormat$FieldType;: loaded 2 times (x 65B)
Class dagger.spi.shaded.androidx.room.compiler.codegen.XClassName$Companion           : loaded 2 times (x 67B)
Class org.objectweb.asm.ModuleVisitor                                                 : loaded 2 times (x 77B)
Class com.google.common.reflect.TypeResolver                                          : loaded 2 times (x 68B)
Class com.google.common.reflect.Types$ClassOwnership$2                                : loaded 2 times (x 76B)
Class com.google.devtools.ksp.symbol.KSNode                                           : loaded 2 times (x 66B)
Class dagger.spi.shaded.androidx.room.compiler.processing.javac.JavacTypeElement$qualifiedName$2: loaded 2 times (x 75B)
Class kotlin.io.FilePathComponents                                                    : loaded 2 times (x 68B)
Class [Lorg.objectweb.asm.AnnotationWriter;                                           : loaded 2 times (x 65B)
Class com.google.common.io.ByteArrayDataInput                                         : loaded 2 times (x 66B)
Class kotlin.sequences.SequencesKt__SequenceBuilderKt$sequence$$inlined$Sequence$1    : loaded 2 times (x 71B)
Class com.google.common.collect.MapMakerInternalMap$StrongValueEntry                  : loaded 2 times (x 66B)
Class dagger.internal.codegen.base.SourceFileGenerator                                : loaded 2 times (x 73B)
Class dagger.internal.codegen.binding.SourceFiles                                     : loaded 2 times (x 67B)
Class dagger.internal.codegen.DaggerDelegateComponentProcessor_Injector               : loaded 2 times (x 71B)
Class [Lorg.jetbrains.org.objectweb.asm.Attribute;                                    : loaded 2 times (x 65B)
Class dagger.spi.shaded.androidx.room.compiler.processing.javac.JavacProcessingEnvMessager: loaded 2 times (x 69B)
Class dagger.spi.shaded.androidx.room.compiler.processing.XAnnotation                 : loaded 2 times (x 66B)
Class [Lcom.google.common.collect.Iterators$EmptyModifiableIterator;                  : loaded 2 times (x 65B)
Class dagger.spi.shaded.androidx.room.jarjarred.kotlinx.metadata.internal.metadata.ProtoBuf$Effect$EffectType: loaded 2 times (x 78B)
Class dagger.spi.shaded.androidx.room.jarjarred.kotlinx.metadata.KmConstructorExtensionVisitor: loaded 2 times (x 66B)
Class dagger.spi.shaded.androidx.room.jarjarred.kotlinx.metadata.internal.metadata.ProtoBuf$Package: loaded 2 times (x 125B)
Class dagger.spi.shaded.androidx.room.compiler.processing.InternalXAnnotationKt       : loaded 2 times (x 67B)
Class dagger.spi.shaded.androidx.room.compiler.processing.javac.kotlin.KmClassContainer: loaded 2 times (x 71B)
Class [Ldagger.spi.shaded.androidx.room.compiler.processing.XNullability;             : loaded 2 times (x 65B)
Class com.google.common.collect.Lists$ReverseList$1                                   : loaded 2 times (x 95B)
Class com.google.common.collect.ImmutableRangeSet$Builder                             : loaded 2 times (x 73B)
Class com.google.common.cache.LocalCache$StrongValueReference                         : loaded 2 times (x 86B)
Class com.google.common.util.concurrent.AbstractFuture$SynchronizedHelper             : loaded 2 times (x 74B)
Class com.google.common.collect.RegularImmutableBiMap$Inverse                         : loaded 2 times (x 139B)
Class dagger.internal.codegen.base.ComponentCreatorKind                               : loaded 2 times (x 75B)
Class dagger.internal.codegen.javapoet.TypeNames                                      : loaded 2 times (x 67B)
Class dagger.internal.codegen.validation.ModuleValidator_Factory                      : loaded 2 times (x 73B)
Class dagger.internal.codegen.validation.BindsOptionalOfMethodValidator_Factory       : loaded 2 times (x 73B)
Class [Lcom.squareup.javapoet.LineWrapper$FlushType;                                  : loaded 2 times (x 65B)
Class dagger.spi.shaded.androidx.room.jarjarred.kotlinx.metadata.internal.protobuf.WireFormat$FieldType$2: loaded 2 times (x 79B)
Class dagger.spi.shaded.androidx.room.jarjarred.kotlinx.metadata.internal.protobuf.SmallSortedMap$EmptySet$1: loaded 2 times (x 74B)
Class dagger.spi.shaded.androidx.room.jarjarred.kotlinx.metadata.internal.protobuf.LazyField: loaded 2 times (x 79B)
Class dagger.spi.shaded.androidx.room.jarjarred.kotlinx.metadata.jvm.internal.JvmClassExtension: loaded 2 times (x 89B)
Class dagger.spi.shaded.androidx.room.jarjarred.kotlinx.metadata.internal.extensions.MetadataExtensions$Companion$INSTANCES$2: loaded 2 times (x 74B)
Class dagger.spi.shaded.androidx.room.jarjarred.kotlinx.metadata.internal.metadata.ProtoBuf$TypeParameter: loaded 2 times (x 126B)
Class kotlin.jvm.functions.Function21                                                 : loaded 2 times (x 66B)
Class org.objectweb.asm.Type                                                          : loaded 2 times (x 68B)
Class org.gradle.internal.classloader.VisitableURLClassLoader$InstrumentingVisitableURLClassLoader: loaded 2 times (x 119B)
Class com.google.common.collect.Maps$FilteredEntryMap$EntrySet                        : loaded 2 times (x 148B)
Class dagger.internal.codegen.binding.InjectionSiteFactory_Factory                    : loaded 2 times (x 73B)
Class kotlin.coroutines.Continuation                                                  : loaded 2 times (x 66B)
Class [Ldagger.internal.codegen.validation.BindingElementValidator$AllowsScoping;     : loaded 2 times (x 65B)
Class dagger.internal.codegen.validation.BindingMethodValidator                       : loaded 2 times (x 74B)
Class dagger.internal.codegen.processingstep.MonitoringModuleProcessingStep_Factory   : loaded 2 times (x 73B)
Class dagger.internal.codegen.base.DaggerSuperficialValidation$ValidationException$UnknownErrorType: loaded 2 times (x 79B)
Class [Ldagger.internal.codegen.compileroption.ProcessingEnvironmentCompilerOptions$EnumOption;: loaded 2 times (x 65B)
Class dagger.internal.codegen.bindinggraphvalidation.InjectBindingValidator_Factory   : loaded 2 times (x 73B)
Class dagger.spi.shaded.androidx.room.jarjarred.kotlinx.metadata.internal.metadata.jvm.deserialization.JvmMemberSignature$Field: loaded 2 times (x 71B)
Class dagger.hilt.processor.internal.Processors                                       : loaded 2 times (x 67B)
Class dagger.spi.shaded.androidx.room.jarjarred.kotlinx.metadata.internal.metadata.jvm.deserialization.JvmNameResolverBase: loaded 2 times (x 76B)
Class dagger.spi.shaded.androidx.room.jarjarred.kotlinx.metadata.internal.metadata.ProtoBuf$PackageOrBuilder: loaded 2 times (x 66B)
Class dagger.spi.shaded.androidx.room.jarjarred.kotlinx.metadata.internal.metadata.ProtoBuf$VersionRequirementTable$1: loaded 2 times (x 140B)
Class dagger.spi.shaded.androidx.room.jarjarred.kotlinx.metadata.internal.protobuf.SmallSortedMap$EmptySet$2: loaded 2 times (x 74B)
Class dagger.internal.codegen.validation.ModuleValidator$ModuleMethodKind             : loaded 2 times (x 75B)
Class dagger.internal.codegen.processingstep.ComponentProcessingStep_Factory          : loaded 2 times (x 73B)
Class dagger.spi.shaded.androidx.room.compiler.processing.javac.JavacTypeElement$Companion: loaded 2 times (x 67B)
Class org.gradle.internal.service.UnknownServiceException                             : loaded 2 times (x 79B)
Class com.google.common.base.AbstractIterator$State                                   : loaded 2 times (x 75B)
Class com.google.common.cache.LocalCache$LocalLoadingCache                            : loaded 2 times (x 130B)
Class kotlin.comparisons.ComparisonsKt__ComparisonsKt                                 : loaded 2 times (x 67B)
Class com.google.common.collect.MapMakerInternalMap$StrongKeyDummyValueEntry$Helper   : loaded 2 times (x 75B)
Class com.google.common.io.Files$FileByteSink                                         : loaded 2 times (x 73B)
Class org.objectweb.asm.ByteVector                                                    : loaded 2 times (x 75B)
Class [Lcom.google.common.cache.CacheBuilder$NullListener;                            : loaded 2 times (x 65B)
Class org.gradle.internal.classloader.VisitableURLClassLoader$Spec                    : loaded 2 times (x 70B)
Class org.gradle.internal.classpath.DefaultClassPath                                  : loaded 2 times (x 86B)
Class kotlin.Result$Companion                                                         : loaded 2 times (x 67B)
Class kotlin.coroutines.jvm.internal.BaseContinuationImpl                             : loaded 2 times (x 83B)
Class dagger.internal.codegen.base.RequestKinds$1                                     : loaded 2 times (x 67B)
Class dagger.internal.codegen.base.DaggerSuperficialValidation$1                      : loaded 2 times (x 67B)
Class [Ldagger.internal.codegen.validation.ValidationBindingGraphPlugin;              : loaded 2 times (x 65B)
Class dagger.internal.codegen.binding.ModuleDescriptor$Factory                        : loaded 2 times (x 71B)
Class dagger.internal.codegen.processingstep.BindsInstanceProcessingStep_Factory      : loaded 2 times (x 73B)
Class dagger.internal.codegen.validation.BindingMethodValidator$ExceptionSuperclass$1 : loaded 2 times (x 77B)
Class dagger.internal.codegen.writing.UnwrappedMapKeyGenerator                        : loaded 2 times (x 76B)
Class dagger.internal.codegen.bindinggraphvalidation.SetMultibindingValidator_Factory$InstanceHolder: loaded 2 times (x 67B)
Class dagger.internal.codegen.bindinggraphvalidation.MissingBindingValidator_Factory  : loaded 2 times (x 73B)
Class dagger.internal.codegen.binding.ModuleDescriptor_Factory_Factory                : loaded 2 times (x 73B)
Class dagger.internal.codegen.binding.DelegateDeclaration_Factory_Factory             : loaded 2 times (x 73B)
Class dagger.spi.shaded.androidx.room.jarjarred.kotlinx.metadata.jvm.internal.JvmFunctionExtension: loaded 2 times (x 81B)
Class dagger.spi.shaded.auto.common.GeneratedAnnotations                              : loaded 2 times (x 67B)
Class com.google.common.util.concurrent.AbstractFuture$SafeAtomicHelper               : loaded 2 times (x 75B)
Class dagger.spi.shaded.androidx.room.jarjarred.kotlinx.metadata.internal.protobuf.WireFormat: loaded 2 times (x 67B)
Class dagger.spi.shaded.androidx.room.jarjarred.kotlinx.metadata.internal.protobuf.MessageLite$Builder: loaded 2 times (x 66B)
Class dagger.spi.shaded.androidx.room.jarjarred.kotlinx.metadata.internal.metadata.jvm.deserialization.JvmMetadataVersion: loaded 2 times (x 69B)
Class dagger.spi.shaded.auto.common.MoreElements$CastingElementVisitor                : loaded 2 times (x 89B)
Class dagger.spi.shaded.androidx.room.compiler.processing.javac.ElementExtKt          : loaded 2 times (x 67B)
Class [Lorg.objectweb.asm.AnnotationVisitor;                                          : loaded 2 times (x 65B)
Class kotlin.comparisons.ComparisonsKt                                                : loaded 2 times (x 67B)
Class kotlin.comparisons.ComparisonsKt___ComparisonsKt                                : loaded 2 times (x 67B)
Class kotlin.sequences.FilteringSequence                                              : loaded 2 times (x 71B)
Class [Lorg.jetbrains.kotlin.build.report.metrics.GradleBuildTime;                    : loaded 2 times (x 65B)
Class com.google.common.reflect.Types$ClassOwnership                                  : loaded 2 times (x 76B)
Class org.objectweb.asm.Symbol                                                        : loaded 2 times (x 69B)
Class com.google.common.base.AbstractIterator                                         : loaded 2 times (x 76B)
Class com.google.common.reflect.Types$ClassOwnership$1                                : loaded 2 times (x 76B)
Class dagger.internal.codegen.binding.ComponentDescriptorFactory                      : loaded 2 times (x 68B)
Class dagger.internal.codegen.validation.BindingMethodValidator$ExceptionSuperclass$2 : loaded 2 times (x 77B)
Class dagger.internal.codegen.base.ContributionType$HasContributionType               : loaded 2 times (x 66B)
Class dagger.internal.codegen.kotlin.KotlinMetadataUtil                               : loaded 2 times (x 68B)
Class dagger.internal.codegen.binding.BindingDeclarationFormatter_Factory             : loaded 2 times (x 73B)
Class dagger.hilt.android.processor.internal.bindvalue.AutoValue_BindValueMetadata    : loaded 2 times (x 70B)
Class com.google.common.collect.MapMakerInternalMap$Strength$2                        : loaded 2 times (x 76B)
Class net.ltgt.gradle.incap.IncrementalAnnotationProcessorType                        : loaded 2 times (x 75B)
Class dagger.internal.codegen.xprocessing.XAnnotationValues$1                         : loaded 2 times (x 80B)
Class dagger.spi.shaded.androidx.room.compiler.processing.javac.JavacTypeElement$DefaultJavacTypeElement: loaded 2 times (x 285B)
Class dagger.spi.shaded.androidx.room.jarjarred.kotlinx.metadata.internal.metadata.deserialization.TypeTable: loaded 2 times (x 68B)
Class dagger.spi.shaded.androidx.room.jarjarred.kotlinx.metadata.internal.metadata.ProtoBuf$TypeOrBuilder: loaded 2 times (x 66B)
Class dagger.spi.shaded.auto.common.MoreTypes                                         : loaded 2 times (x 67B)
Class com.squareup.javapoet.ClassName$1                                               : loaded 2 times (x 93B)
Class dagger.spi.shaded.androidx.room.jarjarred.kotlinx.metadata.internal.protobuf.WireFormat$FieldType$1: loaded 2 times (x 79B)
Class dagger.spi.shaded.androidx.room.compiler.processing.javac.JavacType$typeElement$2: loaded 2 times (x 75B)
Class dagger.spi.shaded.androidx.room.jarjarred.kotlinx.metadata.internal.metadata.ProtoBuf$TypeTableOrBuilder: loaded 2 times (x 66B)
Class com.google.common.io.Java8Compatibility                                         : loaded 2 times (x 67B)
Class com.google.common.io.Closer                                                     : loaded 2 times (x 74B)
Class org.gradle.internal.classloader.ClassLoaderSpec                                 : loaded 2 times (x 67B)
Class dagger.internal.codegen.binding.BindingDeclarationFormatter                     : loaded 2 times (x 82B)
Class dagger.internal.codegen.binding.AutoValue_MultibindingDeclaration               : loaded 2 times (x 75B)
Class dagger.internal.codegen.validation.BindingMethodValidator$ExceptionSuperclass$3 : loaded 2 times (x 77B)
Class dagger.spi.shaded.androidx.room.jarjarred.kotlinx.metadata.internal.metadata.deserialization.ProtoTypeTableUtilKt: loaded 2 times (x 67B)
Class dagger.spi.shaded.androidx.room.jarjarred.kotlinx.metadata.KmTypeExtensionVisitor: loaded 2 times (x 66B)
Class dagger.spi.shaded.androidx.room.compiler.processing.javac.JavacAnnotationValue$value$2: loaded 2 times (x 75B)
Class dagger.spi.shaded.androidx.room.compiler.processing.javac.kotlin.KmFlags        : loaded 2 times (x 66B)
Class dagger.spi.shaded.androidx.room.compiler.processing.javac.JavacMethodElement$typeParameters$2: loaded 2 times (x 75B)
Class dagger.spi.shaded.androidx.room.compiler.processing.javac.JavacAnnotation$type$2: loaded 2 times (x 75B)
Class com.squareup.javapoet.LineWrapper$1                                             : loaded 2 times (x 67B)
Class kotlin.jvm.functions.Function20                                                 : loaded 2 times (x 66B)
Class kotlin.text.DelimitedRangesSequence                                             : loaded 2 times (x 71B)
Class com.google.common.io.ByteSource$EmptyByteSource                                 : loaded 2 times (x 81B)
Class org.objectweb.asm.AnnotationWriter                                              : loaded 2 times (x 75B)
Class com.google.common.cache.CacheStats                                              : loaded 2 times (x 67B)
Class dagger.spi.shaded.androidx.room.compiler.processing.javac.JavacMethodType$typeVariables$2: loaded 2 times (x 75B)
Class org.gradle.api.internal.ClassPathProvider                                       : loaded 2 times (x 66B)
Class dagger.internal.codegen.base.AutoValue_ModuleAnnotation                         : loaded 2 times (x 72B)
Class dagger.MembersInjector                                                          : loaded 2 times (x 66B)
Class dagger.internal.codegen.processingstep.SuperficialValidator_Factory             : loaded 2 times (x 73B)
Class [Lorg.gradle.api.internal.ClassPathProvider;                                    : loaded 2 times (x 65B)
Class com.google.common.collect.MapMakerInternalMap$Strength$1                        : loaded 2 times (x 76B)
Class [Ldagger.hilt.processor.internal.root.RootType;                                 : loaded 2 times (x 65B)
Class com.google.common.collect.AbstractMapBasedMultimap$2                            : loaded 2 times (x 81B)
Class dagger.spi.shaded.androidx.room.jarjarred.kotlinx.metadata.internal.protobuf.AbstractMessageLite: loaded 2 times (x 94B)
Class dagger.spi.shaded.androidx.room.compiler.processing.javac.JavacExecutableElement$enclosingElement$2: loaded 2 times (x 75B)
Class dagger.spi.shaded.androidx.room.compiler.processing.javac.JavacExecutableElement: loaded 2 times (x 219B)
Class dagger.spi.shaded.androidx.room.compiler.processing.javac.JavacTypeElement$allFieldsIncludingPrivateSupers$1: loaded 2 times (x 75B)
Class dagger.spi.shaded.androidx.room.compiler.processing.javac.JavacTypeElement$superClass$2: loaded 2 times (x 75B)
Class com.google.common.collect.Interners                                             : loaded 2 times (x 67B)
Class com.google.common.io.LineProcessor                                              : loaded 2 times (x 66B)
Class com.google.common.io.Closer$Suppressor                                          : loaded 2 times (x 66B)
Class org.objectweb.asm.RecordComponentWriter                                         : loaded 2 times (x 74B)
Class com.google.common.util.concurrent.AbstractFuture$Listener                       : loaded 2 times (x 68B)
Class Settings_gradle$1$1                                                             : loaded 2 times (x 70B)
Class dagger.spi.shaded.androidx.room.compiler.processing.javac.JavacFieldElement$getter$2: loaded 2 times (x 75B)
Class com.google.common.collect.ForwardingSet                                         : loaded 2 times (x 147B)
Class dagger.internal.codegen.binding.AutoValue_ProvisionBinding                      : loaded 2 times (x 92B)
Class dagger.internal.codegen.validation.ComponentValidator                           : loaded 2 times (x 71B)
Class dagger.internal.codegen.writing.ProducerFactoryGenerator$FutureTransform        : loaded 2 times (x 74B)
Class dagger.internal.codegen.validation.BindsInstanceMethodValidator_Factory         : loaded 2 times (x 73B)
Class dagger.internal.codegen.validation.DiagnosticMessageGenerator_Factory_Factory   : loaded 2 times (x 73B)
Class dagger.spi.shaded.androidx.room.compiler.processing.javac.JavacMethodParameter$name$2: loaded 2 times (x 75B)
Class dagger.spi.shaded.androidx.room.jarjarred.kotlinx.metadata.internal.metadata.deserialization.Flags: loaded 2 times (x 67B)
Class dagger.spi.shaded.androidx.room.jarjarred.kotlinx.metadata.jvm.JvmMemberSignature: loaded 2 times (x 70B)
Class dagger.spi.shaded.androidx.room.jarjarred.kotlinx.metadata.jvm.internal.JvmConstructorExtension: loaded 2 times (x 79B)
Class dagger.spi.shaded.androidx.room.jarjarred.kotlinx.metadata.internal.metadata.jvm.deserialization.BitEncoding: loaded 2 times (x 67B)
Class dagger.spi.shaded.androidx.room.compiler.processing.javac.JavacMethodElement$parameters$2: loaded 2 times (x 75B)
Class kotlin.reflect.jvm.internal.impl.builtins.PrimitiveType$arrayTypeFqName$2       : loaded 2 times (x 75B)
Class dagger.spi.shaded.androidx.room.jarjarred.kotlinx.metadata.internal.metadata.ProtoBuf$Type$1: loaded 2 times (x 140B)
Class com.google.common.collect.MultimapBuilder$SortedSetMultimapBuilder              : loaded 2 times (x 73B)
Class [Lorg.objectweb.asm.Label;                                                      : loaded 2 times (x 65B)
Class org.objectweb.asm.Attribute                                                     : loaded 2 times (x 73B)
Class org.gradle.internal.classloader.VisitableURLClassLoader                         : loaded 2 times (x 113B)
Class com.google.common.base.Verify                                                   : loaded 2 times (x 67B)
Class dagger.internal.codegen.model.AutoValue_DaggerAnnotation                        : loaded 2 times (x 73B)
Class dagger.internal.codegen.bindinggraphvalidation.DependencyCycleValidator         : loaded 2 times (x 81B)
Class dagger.internal.codegen.bindinggraphvalidation.SubcomponentFactoryMethodValidator_Factory: loaded 2 times (x 72B)
Class dagger.spi.shaded.androidx.room.compiler.processing.javac.JavacConstructorElement$typeParameters$2: loaded 2 times (x 75B)
Class dagger.spi.shaded.androidx.room.compiler.processing.javac.JavacVariableElement  : loaded 2 times (x 196B)
Class dagger.spi.shaded.androidx.room.jarjarred.kotlinx.metadata.Flag$Common          : loaded 2 times (x 67B)
Class [Ldagger.spi.shaded.androidx.room.jarjarred.kotlinx.metadata.internal.protobuf.Internal$EnumLite;: loaded 2 times (x 65B)
Class dagger.spi.shaded.androidx.room.jarjarred.kotlinx.metadata.internal.metadata.jvm.JvmProtoBuf$JvmMethodSignatureOrBuilder: loaded 2 times (x 66B)
Class dagger.spi.shaded.androidx.room.jarjarred.kotlinx.metadata.internal.metadata.jvm.JvmProtoBuf$StringTableTypes$Record$Operation$1: loaded 2 times (x 70B)
Class [Lnet.ltgt.gradle.incap.IncrementalAnnotationProcessorType;                     : loaded 2 times (x 65B)
Class dagger.spi.shaded.androidx.room.compiler.processing.javac.JavacProcessingEnv$typeElementStore$1: loaded 2 times (x 75B)
Class dagger.spi.shaded.androidx.room.jarjarred.kotlinx.metadata.KmTypeVisitor        : loaded 2 times (x 78B)
Class dagger.spi.shaded.androidx.room.jarjarred.kotlinx.metadata.KmValueParameter     : loaded 2 times (x 73B)
Class com.google.common.collect.ImmutableList$SerializedForm                          : loaded 2 times (x 69B)
Class com.google.common.util.concurrent.AbstractFuture$Waiter                         : loaded 2 times (x 68B)
Class Settings_gradle                                                                 : loaded 2 times (x 124B)
Class org.gradle.internal.Cast                                                        : loaded 2 times (x 67B)
Class org.gradle.api.Action                                                           : loaded 2 times (x 66B)
Class dagger.spi.shaded.androidx.room.jarjarred.kotlinx.metadata.jvm.JvmFieldSignature: loaded 2 times (x 71B)
Class dagger.internal.codegen.base.FrameworkTypes                                     : loaded 2 times (x 67B)
Class dagger.internal.codegen.validation.BindingElementValidator$ElementValidator     : loaded 2 times (x 73B)
Class kotlin.reflect.jvm.internal.impl.builtins.jvm.JavaToKotlinClassMap$PlatformMutabilityMapping: loaded 2 times (x 68B)
Class com.squareup.javapoet.FieldSpec                                                 : loaded 2 times (x 68B)
Class com.squareup.javapoet.LineWrapper$FlushType                                     : loaded 2 times (x 75B)
Class dagger.internal.codegen.processingstep.SuperficialValidator                     : loaded 2 times (x 71B)
Class dagger.spi.shaded.androidx.room.jarjarred.kotlinx.metadata.jvm.JvmPropertyExtensionVisitor: loaded 2 times (x 78B)
Class dagger.spi.shaded.androidx.room.jarjarred.kotlinx.metadata.KmType               : loaded 2 times (x 79B)
Class dagger.spi.shaded.androidx.room.jarjarred.kotlinx.metadata.internal.protobuf.BoundedByteString: loaded 2 times (x 108B)
Class [Ldagger.spi.shaded.androidx.room.jarjarred.kotlinx.metadata.Flag;              : loaded 2 times (x 65B)
Class dagger.hilt.processor.internal.root.RootType                                    : loaded 2 times (x 75B)
Class dagger.spi.shaded.androidx.room.compiler.processing.javac.JavacProcessingEnv$typeElementStore$2: loaded 2 times (x 74B)
Class dagger.internal.codegen.processingstep.AssistedFactoryProcessingStep            : loaded 2 times (x 82B)
Class com.google.common.collect.MapMakerInternalMap                                   : loaded 2 times (x 157B)
Class com.google.common.collect.HashBiMap                                             : loaded 2 times (x 139B)
Class com.google.common.base.Strings                                                  : loaded 2 times (x 67B)
Class org.objectweb.asm.Handler                                                       : loaded 2 times (x 68B)
Class com.google.common.base.Ticker                                                   : loaded 2 times (x 68B)
Class dagger.internal.codegen.model.DaggerAnnotation                                  : loaded 2 times (x 72B)
Class dagger.internal.codegen.extension.DaggerCollectors$ToOptionalState              : loaded 2 times (x 68B)
Class dagger.internal.codegen.validation.DependencyRequestValidator$Validator         : loaded 2 times (x 68B)
Class dagger.spi.shaded.androidx.room.compiler.processing.javac.JavacExecutableType   : loaded 2 times (x 77B)
Class dagger.internal.codegen.processingstep.MapKeyProcessingStep                     : loaded 2 times (x 82B)
Class dagger.spi.shaded.androidx.room.jarjarred.kotlinx.metadata.KmFunctionExtensionVisitor: loaded 2 times (x 66B)
Class kotlin.sequences.SequenceScope                                                  : loaded 2 times (x 69B)
Class com.google.common.base.Functions                                                : loaded 2 times (x 67B)
Class dagger.spi.shaded.androidx.room.jarjarred.kotlinx.metadata.internal.protobuf.GeneratedMessageLite$1: loaded 2 times (x 67B)
Class kotlin.reflect.jvm.internal.KCallableImpl$_typeParameters$1                     : loaded 2 times (x 75B)
Class kotlin.reflect.jvm.internal.pcollections.MapEntry                               : loaded 2 times (x 68B)
Class dagger.spi.shaded.androidx.room.compiler.processing.javac.JavacFieldElement$setter$2: loaded 2 times (x 75B)
Class org.gradle.api.internal.DefaultClassPathProvider                                : loaded 2 times (x 72B)
Class com.google.common.base.Splitter                                                 : loaded 2 times (x 68B)
Class dagger.spi.shaded.androidx.room.compiler.processing.javac.JavacAnnotation$defaultValues$2: loaded 2 times (x 75B)
Class dagger.spi.shaded.androidx.room.compiler.processing.javac.JavacTypeElement$_declaredFields$2: loaded 2 times (x 75B)
Class dagger.spi.shaded.androidx.room.compiler.processing.javac.JavacProcessingEnv$typeElementStore$3: loaded 2 times (x 75B)
Class dagger.spi.shaded.androidx.room.compiler.processing.XProcessingEnv$Backend      : loaded 2 times (x 75B)
Class dagger.spi.shaded.androidx.room.compiler.processing.XProcessingEnv$Companion    : loaded 2 times (x 67B)
Class com.google.common.collect.MultimapBuilder$SetMultimapBuilder                    : loaded 2 times (x 71B)
Class com.google.common.cache.RemovalCause$1                                          : loaded 2 times (x 76B)
Class [Lcom.google.common.cache.LocalCache$Segment;                                   : loaded 2 times (x 65B)
Class [Lcom.google.common.cache.LocalCache$Strength;                                  : loaded 2 times (x 65B)
Class com.google.common.cache.CacheBuilder$1                                          : loaded 2 times (x 81B)
Class org.gradle.internal.classpath.DefaultClassPath$ImmutableUniqueList$Builder      : loaded 2 times (x 71B)
Class dagger.spi.shaded.androidx.room.compiler.processing.javac.kotlin.KmValueParameterContainer: loaded 2 times (x 71B)
Class dagger.internal.codegen.model.BindingGraph                                      : loaded 2 times (x 89B)
Class dagger.internal.codegen.binding.MembersInjectionBinding                         : loaded 2 times (x 81B)
Class org.objectweb.asm.AnnotationVisitor                                             : loaded 2 times (x 74B)
Class com.google.common.collect.ImmutableSet$SerializedForm                           : loaded 2 times (x 69B)
Class dagger.spi.shaded.androidx.room.jarjarred.kotlinx.metadata.Flag$Type            : loaded 2 times (x 67B)
Class dagger.spi.shaded.androidx.room.jarjarred.kotlinx.metadata.internal.protobuf.LiteralByteString: loaded 2 times (x 108B)
Class kotlin.reflect.jvm.internal.KProperty1Impl$_getter$1                            : loaded 2 times (x 75B)
Class dagger.spi.shaded.androidx.room.compiler.processing.javac.JavacProcessingEnv    : loaded 2 times (x 111B)
Class [Ldagger.spi.shaded.androidx.room.compiler.processing.InternalXAnnotationValue$Kind;: loaded 2 times (x 65B)
Class dagger.spi.shaded.androidx.room.compiler.processing.javac.JavacAnnotationValue$1: loaded 2 times (x 75B)
Class dagger.spi.shaded.androidx.room.jarjarred.kotlinx.metadata.internal.protobuf.UninitializedMessageException: loaded 2 times (x 80B)
Class com.google.common.collect.Iterators$EmptyModifiableIterator                     : loaded 2 times (x 82B)
Class com.google.common.collect.ImmutableMap$MapViewOfValuesAsSingletonSets$1$1       : loaded 2 times (x 79B)
Class com.google.common.cache.RemovalCause$2                                          : loaded 2 times (x 76B)
Class com.google.common.collect.MapMakerInternalMap$WeakValueReference                : loaded 2 times (x 66B)
Class com.google.common.collect.AbstractRangeSet                                      : loaded 2 times (x 110B)
Class com.google.common.cache.LocalCache                                              : loaded 2 times (x 183B)
Class com.google.common.cache.CacheBuilder$2                                          : loaded 2 times (x 75B)
Class dagger.internal.codegen.processingstep.MultibindingAnnotationsProcessingStep_Factory: loaded 2 times (x 73B)
Class dagger.internal.codegen.writing.AnnotationCreatorGenerator_Factory              : loaded 2 times (x 73B)
Class [Ldagger.internal.codegen.compileroption.ValidationType;                        : loaded 2 times (x 65B)
Class dagger.internal.codegen.base.ElementFormatter_Factory$InstanceHolder            : loaded 2 times (x 67B)
Class dagger.spi.shaded.androidx.room.compiler.processing.XExecutableType             : loaded 2 times (x 66B)
Class kotlin.jvm.functions.Function4                                                  : loaded 2 times (x 66B)
Class dagger.spi.model.BindingGraph$Edge                                              : loaded 2 times (x 66B)
Class dagger.spi.shaded.androidx.room.jarjarred.kotlinx.metadata.KmProperty           : loaded 2 times (x 77B)
Class [Ldagger.spi.shaded.androidx.room.jarjarred.kotlinx.metadata.internal.metadata.ProtoBuf$Class$Kind;: loaded 2 times (x 65B)
Class dagger.spi.shaded.androidx.room.jarjarred.kotlinx.metadata.internal.metadata.ProtoBuf$Type$Argument$Projection: loaded 2 times (x 78B)
Class dagger.spi.shaded.androidx.room.jarjarred.kotlinx.metadata.internal.protobuf.GeneratedMessageLite$ExtendableMessage: loaded 2 times (x 109B)
Class com.google.common.collect.ImmutableRangeSet                                     : loaded 2 times (x 111B)
Class com.squareup.javapoet.TypeName$1                                                : loaded 2 times (x 105B)
Class dagger.spi.shaded.androidx.room.compiler.processing.util.MemoizedSequence       : loaded 2 times (x 71B)
Class kotlin.reflect.jvm.internal.KClassImpl$Data$typeParameters$2                    : loaded 2 times (x 75B)
Class dagger.spi.shaded.androidx.room.compiler.processing.javac.JavacMethodElement$executableType$2: loaded 2 times (x 75B)
Class kotlin.reflect.jvm.internal.ReflectProperties$LazyVal                           : loaded 2 times (x 71B)
Class dagger.spi.shaded.androidx.room.compiler.processing.XTypeKt                     : loaded 2 times (x 67B)
Class dagger.spi.shaded.androidx.room.jarjarred.kotlinx.metadata.internal.metadata.jvm.JvmProtoBuf$JvmFieldSignature: loaded 2 times (x 104B)
Class dagger.spi.shaded.androidx.room.jarjarred.kotlinx.metadata.internal.metadata.deserialization.Flags$BooleanFlagField: loaded 2 times (x 72B)
Class dagger.spi.shaded.androidx.room.compiler.processing.XAnnotated                  : loaded 2 times (x 66B)
Class dagger.spi.shaded.androidx.room.compiler.processing.XEnumEntry                  : loaded 2 times (x 66B)
Class com.google.common.cache.RemovalCause$3                                          : loaded 2 times (x 76B)
Class com.google.common.cache.CacheBuilder$3                                          : loaded 2 times (x 68B)
Class org.gradle.api.GradleException                                                  : loaded 2 times (x 78B)
Class com.google.common.collect.AbstractIterator$1                                    : loaded 2 times (x 67B)
Class dagger.spi.shaded.androidx.room.compiler.processing.XMethodType                 : loaded 2 times (x 66B)
Class dagger.internal.codegen.binding.Binding                                         : loaded 2 times (x 79B)
Class dagger.internal.codegen.binding.OptionalBindingDeclaration_Factory_Factory      : loaded 2 times (x 73B)
Class dagger.internal.codegen.validation.InjectBindingRegistryImpl$BindingsCollection : loaded 2 times (x 68B)
Class kotlin.jvm.functions.Function5                                                  : loaded 2 times (x 66B)
Class dagger.spi.shaded.androidx.room.jarjarred.kotlinx.metadata.internal.ReadersKt   : loaded 2 times (x 67B)
Class dagger.spi.shaded.androidx.room.jarjarred.kotlinx.metadata.internal.metadata.jvm.JvmProtoBuf$JvmPropertySignature$Builder: loaded 2 times (x 137B)
Class dagger.spi.shaded.androidx.room.jarjarred.kotlinx.metadata.internal.metadata.jvm.deserialization.JvmNameResolver: loaded 2 times (x 76B)
Class dagger.spi.shaded.androidx.room.jarjarred.kotlinx.metadata.internal.metadata.ProtoBuf$ValueParameter$1: loaded 2 times (x 140B)
Class dagger.spi.shaded.androidx.room.jarjarred.kotlinx.metadata.internal.metadata.ProtoBuf$PropertyOrBuilder: loaded 2 times (x 66B)
Class dagger.spi.shaded.androidx.room.compiler.processing.InternalXAnnotationValue$kind$2: loaded 2 times (x 75B)
Class [Ldagger.internal.codegen.base.ClearableCache;                                  : loaded 2 times (x 65B)
Class org.gradle.api.internal.classpath.EffectiveClassPath                            : loaded 2 times (x 86B)
Class org.jetbrains.org.objectweb.asm.ClassReader                                     : loaded 2 times (x 87B)
Class dagger.spi.shaded.androidx.room.compiler.processing.InternalXAnnotated          : loaded 2 times (x 66B)
Class dagger.spi.shaded.androidx.room.compiler.processing.javac.JavacRoundEnv         : loaded 2 times (x 74B)
Class dagger.spi.shaded.androidx.room.compiler.processing.XElement                    : loaded 2 times (x 66B)
Class com.squareup.kotlinpoet.TypeName                                                : loaded 2 times (x 78B)
Class kotlin.reflect.jvm.internal.KClassImpl$Data$objectInstance$2                    : loaded 2 times (x 75B)
Class org.jetbrains.org.objectweb.asm.SymbolTable$Entry                               : loaded 2 times (x 70B)
Class com.google.common.cache.RemovalCause$4                                          : loaded 2 times (x 76B)
Class dagger.spi.shaded.androidx.room.jarjarred.kotlinx.metadata.internal.protobuf.ByteString$ByteIterator: loaded 2 times (x 66B)
Class dagger.internal.codegen.model.DaggerType                                        : loaded 2 times (x 70B)
Class dagger.internal.codegen.validation.DiagnosticReporterFactory                    : loaded 2 times (x 68B)
Class dagger.internal.codegen.compileroption.ProcessingEnvironmentCompilerOptions     : loaded 2 times (x 91B)
Class dagger.spi.shaded.androidx.room.compiler.processing.javac.kotlin.JvmDescriptorUtilsKt: loaded 2 times (x 67B)
Class kotlin.jvm.functions.Function6                                                  : loaded 2 times (x 66B)
Class dagger.spi.shaded.androidx.room.compiler.processing.javac.kotlin.KmClassContainer$propertyList$2: loaded 2 times (x 75B)
Class [Ldagger.spi.shaded.androidx.room.jarjarred.kotlinx.metadata.KmVariance;        : loaded 2 times (x 65B)
Class dagger.spi.shaded.androidx.room.jarjarred.kotlinx.metadata.internal.metadata.ProtoBuf$Class: loaded 2 times (x 176B)
Class kotlin.reflect.jvm.internal.KPropertyImpl$_descriptor$1                         : loaded 2 times (x 75B)
Class dagger.spi.shaded.androidx.room.compiler.processing.javac.JavacConstructorElement$executableType$2: loaded 2 times (x 75B)
Class dagger.spi.shaded.androidx.room.compiler.processing.XExecutableElement          : loaded 2 times (x 66B)
Class dagger.internal.codegen.processingstep.AssistedInjectProcessingStep             : loaded 2 times (x 82B)
Class dagger.spi.shaded.androidx.room.compiler.processing.CommonProcessorDelegate$processRound$currentElementsDeferredByStep$1$previousRoundDeferredElementsByAnnotation$1: loaded 2 times (x 74B)
Class dagger.internal.codegen.bindinggraphvalidation.IncompatiblyScopedBindingsValidator: loaded 2 times (x 81B)
Class dagger.internal.codegen.bindinggraphvalidation.MissingBindingValidator          : loaded 2 times (x 81B)
Class dagger.internal.codegen.validation.ComponentDescriptorValidator                 : loaded 2 times (x 68B)
Class dagger.internal.codegen.base.ComponentCreatorAnnotation                         : loaded 2 times (x 75B)
Class com.google.common.cache.RemovalCause$5                                          : loaded 2 times (x 76B)
Class [Lcom.google.common.collect.MapMakerInternalMap$Strength;                       : loaded 2 times (x 65B)
Class [Lcom.google.common.io.FileWriteMode;                                           : loaded 2 times (x 65B)
Class dagger.internal.codegen.binding.Nullability                                     : loaded 2 times (x 69B)
Class dagger.internal.codegen.writing.ProducerFactoryGenerator$SingleArgFutureTransform: loaded 2 times (x 74B)
Class dagger.internal.codegen.validation.BindsMethodValidator$Validator               : loaded 2 times (x 76B)
Class [Ldagger.internal.codegen.model.RequestKind;                                    : loaded 2 times (x 65B)
Class dagger.internal.codegen.bindinggraphvalidation.CompositeBindingGraphPlugin_Factory: loaded 2 times (x 68B)
Class dagger.internal.codegen.validation.MembersInjectionValidator_Factory            : loaded 2 times (x 73B)
Class dagger.internal.Preconditions                                                   : loaded 2 times (x 67B)
Class kotlin.jvm.functions.Function7                                                  : loaded 2 times (x 66B)
Class dagger.spi.shaded.androidx.room.jarjarred.kotlinx.metadata.KmFunction           : loaded 2 times (x 78B)
Class dagger.internal.codegen.base.Util                                               : loaded 2 times (x 67B)
Class dagger.internal.codegen.base.ContributionType                                   : loaded 2 times (x 75B)
Class dagger.spi.shaded.auto.common.Overrides                                         : loaded 2 times (x 68B)
Class dagger.spi.shaded.androidx.room.compiler.processing.javac.JavacConstructorType  : loaded 2 times (x 79B)
Class com.google.common.collect.Maps$FilteredEntryMap                                 : loaded 2 times (x 124B)
Class [Lorg.jetbrains.org.objectweb.asm.Symbol;                                       : loaded 2 times (x 65B)
Class com.google.common.collect.MapMakerInternalMap$StrongKeyDummyValueSegment        : loaded 2 times (x 138B)
Class com.google.common.collect.Iterables$4                                           : loaded 2 times (x 77B)
Class com.google.common.io.Files                                                      : loaded 2 times (x 67B)
Class com.google.common.cache.LocalCache$WriteThroughEntry                            : loaded 2 times (x 75B)
Class com.google.common.cache.LocalCache$HashIterator                                 : loaded 2 times (x 82B)
Class com.google.common.cache.LocalCache$EntryFactory                                 : loaded 2 times (x 79B)
Class dagger.internal.codegen.model.DaggerTypeElement                                 : loaded 2 times (x 70B)
Class jdk.internal.jrtfs.ExplodedImage                                                : loaded 2 times (x 73B)
Class dagger.internal.codegen.validation.MembersInjectionValidator                    : loaded 2 times (x 68B)
Class dagger.internal.codegen.binding.KeyFactory_Factory                              : loaded 2 times (x 73B)
Class org.gradle.internal.classloader.ClassLoaderVisitor                              : loaded 2 times (x 72B)
Class kotlin.jvm.functions.Function8                                                  : loaded 2 times (x 66B)
Class com.google.common.io.ByteSource$ConcatenatedByteSource                          : loaded 2 times (x 81B)
Class dagger.spi.shaded.androidx.room.jarjarred.kotlinx.metadata.internal.protobuf.FieldSet$1: loaded 2 times (x 67B)
Class org.jetbrains.org.objectweb.asm.ClassVisitor                                    : loaded 2 times (x 83B)
Class dagger.spi.shaded.androidx.room.compiler.processing.XArrayType                  : loaded 2 times (x 66B)
Class kotlin.reflect.jvm.internal.pcollections.IntTreePMap                            : loaded 2 times (x 68B)
Class dagger.spi.shaded.androidx.room.compiler.processing.XEquality$Companion         : loaded 2 times (x 67B)
Class kotlin.reflect.jvm.internal.KDeclarationContainerImpl$Data$moduleData$2         : loaded 2 times (x 75B)
Class dagger.spi.shaded.androidx.room.jarjarred.kotlinx.metadata.jvm.JvmDeclarationContainerExtensionVisitor: loaded 2 times (x 77B)
Class dagger.spi.shaded.androidx.room.jarjarred.kotlinx.metadata.internal.protobuf.SmallSortedMap: loaded 2 times (x 126B)
Class dagger.spi.model.BindingGraph$Node                                              : loaded 2 times (x 66B)
Class [Lcom.google.common.collect.MapMaker$Dummy;                                     : loaded 2 times (x 65B)
Class com.google.common.collect.Iterables$5                                           : loaded 2 times (x 77B)
Class com.google.common.reflect.Types$NativeTypeVariableEquals                        : loaded 2 times (x 67B)
Class com.google.common.reflect.TypeParameter                                         : loaded 2 times (x 68B)
Class com.google.common.cache.LocalCache$AbstractReferenceEntry                       : loaded 2 times (x 103B)
Class com.google.common.base.Splitter$1$1                                             : loaded 2 times (x 82B)
Class org.gradle.internal.IoActions                                                   : loaded 2 times (x 67B)
Class dagger.internal.codegen.binding.SourceFiles$1                                   : loaded 2 times (x 67B)
Class com.google.common.base.VerifyException                                          : loaded 2 times (x 78B)
Class dagger.internal.codegen.model.AutoValue_DaggerType                              : loaded 2 times (x 71B)
Class dagger.internal.codegen.writing.InaccessibleMapKeyProxyGenerator_Factory        : loaded 2 times (x 73B)
Class dagger.internal.codegen.model.BindingGraph$Node                                 : loaded 2 times (x 66B)
Class dagger.internal.codegen.binding.$AutoValue_MembersInjectionBinding_InjectionSite: loaded 2 times (x 73B)
Class dagger.internal.codegen.DelegateComponentProcessor$Injector$Factory             : loaded 2 times (x 66B)
Class org.gradle.internal.classloader.DefaultClassLoaderFactory                       : loaded 2 times (x 78B)
Class kotlin.jvm.functions.Function10                                                 : loaded 2 times (x 66B)
Class kotlin.jvm.functions.Function9                                                  : loaded 2 times (x 66B)
Class dagger.spi.shaded.androidx.room.jarjarred.kotlinx.metadata.Flag$Class           : loaded 2 times (x 67B)
Class dagger.spi.shaded.androidx.room.jarjarred.kotlinx.metadata.KmClassVisitor       : loaded 2 times (x 88B)
Class kotlin.reflect.jvm.internal.KClassImpl$Data$allNonStaticMembers$2               : loaded 2 times (x 75B)
Class [Lcom.google.common.cache.CacheBuilder$OneWeigher;                              : loaded 2 times (x 65B)
Class org.objectweb.asm.MethodTooLargeException                                       : loaded 2 times (x 79B)
Class com.google.common.base.Platform$JdkPatternCompiler                              : loaded 2 times (x 71B)
Class com.squareup.kotlinpoet.TypeNames                                               : loaded 2 times (x 67B)
Class com.google.common.collect.MapMakerInternalMap$Strength                          : loaded 2 times (x 76B)
Class com.google.devtools.ksp.symbol.KSAnnotated                                      : loaded 2 times (x 66B)
Class dagger.hilt.processor.internal.ProcessorErrorHandler                            : loaded 2 times (x 68B)
Class com.google.common.collect.MapMakerInternalMap$StrongKeyDummyValueEntry$LinkedStrongKeyDummyValueEntry: loaded 2 times (x 78B)
Class com.google.common.collect.MultimapBuilder$MultimapBuilderWithKeys$1             : loaded 2 times (x 72B)
Class org.jetbrains.org.objectweb.asm.Attribute                                       : loaded 2 times (x 71B)
Class org.jetbrains.org.objectweb.asm.Label                                           : loaded 2 times (x 68B)
Class com.google.common.collect.ImmutableRangeSet$ComplementRanges                    : loaded 2 times (x 203B)
Class org.objectweb.asm.SymbolTable                                                   : loaded 2 times (x 68B)
Class com.google.common.cache.CacheLoader$InvalidCacheLoadException                   : loaded 2 times (x 78B)
Class org.gradle.internal.classloader.SystemClassLoaderSpec                           : loaded 2 times (x 67B)
Class kotlin.io.LinesSequence                                                         : loaded 2 times (x 71B)
Class org.jetbrains.kotlin.name.FqNameUnsafe$1                                        : loaded 2 times (x 70B)
Class kotlin.coroutines.intrinsics.IntrinsicsKt                                       : loaded 2 times (x 67B)
Class dagger.internal.codegen.xprocessing.XMethodElements                             : loaded 2 times (x 67B)
Class dagger.spi.model.DaggerProcessingEnv                                            : loaded 2 times (x 71B)
Class [Ldagger.internal.codegen.compileroption.ProcessingEnvironmentCompilerOptions$Feature;: loaded 2 times (x 65B)
Class dagger.internal.codegen.bindinggraphvalidation.ProvisionDependencyOnProducerBindingValidator_Factory: loaded 2 times (x 72B)
Class dagger.spi.shaded.androidx.room.compiler.processing.XProcessingEnv              : loaded 2 times (x 66B)
Class kotlin.jvm.functions.Function11                                                 : loaded 2 times (x 66B)
Class dagger.spi.shaded.androidx.room.jarjarred.kotlinx.metadata.jvm.JvmExtensionsKt  : loaded 2 times (x 67B)
Class dagger.spi.shaded.androidx.room.jarjarred.kotlinx.metadata.jvm.internal.JvmPropertyExtension: loaded 2 times (x 84B)
Class dagger.spi.shaded.androidx.room.jarjarred.kotlinx.metadata.internal.metadata.jvm.deserialization.ClassMapperLite: loaded 2 times (x 67B)
Class kotlin.reflect.jvm.internal.KClassImpl$Data$sealedSubclasses$2                  : loaded 2 times (x 75B)
Class com.squareup.kotlinpoet.WildcardTypeName$Companion                              : loaded 2 times (x 67B)
Class dagger.spi.shaded.androidx.room.compiler.processing.javac.JavacAnnotationValue  : loaded 2 times (x 151B)
Class dagger.spi.shaded.auto.common.AnnotationMirrors$1                               : loaded 2 times (x 80B)
Class dagger.spi.shaded.androidx.room.jarjarred.kotlinx.metadata.internal.metadata.jvm.JvmProtoBuf$JvmPropertySignature: loaded 2 times (x 110B)
Class dagger.spi.shaded.androidx.room.jarjarred.kotlinx.metadata.internal.metadata.jvm.deserialization.JvmNameResolverKt: loaded 2 times (x 67B)
Class com.google.common.graph.PredecessorsFunction                                    : loaded 2 times (x 66B)
Class com.google.common.collect.MultimapBuilder$MultimapBuilderWithKeys$2             : loaded 2 times (x 72B)
Class org.jetbrains.org.objectweb.asm.Frame                                           : loaded 2 times (x 69B)
Class com.google.common.cache.LocalCache$StrongEntry                                  : loaded 2 times (x 104B)
Class com.google.common.util.concurrent.AbstractFuture$TrustedFuture                  : loaded 2 times (x 110B)
Class com.google.common.cache.LoadingCache                                            : loaded 2 times (x 66B)
Class dagger.internal.codegen.xprocessing.XElements$1                                 : loaded 2 times (x 67B)
Class kotlin.coroutines.intrinsics.CoroutineSingletons                                : loaded 2 times (x 75B)
Class dagger.internal.codegen.validation.MapKeyValidator                              : loaded 2 times (x 68B)
Class dagger.internal.codegen.base.ElementFormatter_Factory                           : loaded 2 times (x 72B)
Class dagger.internal.DoubleCheck                                                     : loaded 2 times (x 74B)
Class kotlin.jvm.functions.Function12                                                 : loaded 2 times (x 66B)
Class com.google.common.graph.BaseGraph                                               : loaded 2 times (x 66B)
Class dagger.spi.shaded.androidx.room.compiler.processing.InternalXAnnotationValue$Companion: loaded 2 times (x 67B)
Class dagger.internal.codegen.compileroption.CompilerOptions                          : loaded 2 times (x 90B)
Class dagger.hilt.processor.internal.HiltCompilerOptions                              : loaded 2 times (x 67B)
Class dagger.internal.codegen.processingstep.ModuleProcessingStep_Factory             : loaded 2 times (x 73B)
Class org.objectweb.asm.ClassVisitor                                                  : loaded 2 times (x 84B)
Class com.google.common.collect.MultimapBuilder$MultimapBuilderWithKeys$3             : loaded 2 times (x 72B)
Class com.google.common.io.ByteStreams$LimitedInputStream                             : loaded 2 times (x 88B)
Class org.objectweb.asm.MethodWriter                                                  : loaded 2 times (x 102B)
Class [Lcom.google.common.cache.Weigher;                                              : loaded 2 times (x 65B)
Class com.google.common.collect.RegularImmutableMap$BucketOverflowException           : loaded 2 times (x 78B)
Class kotlin.sequences.SequenceBuilderIterator                                        : loaded 2 times (x 81B)
Class dagger.internal.codegen.validation.BindsInstanceParameterValidator              : loaded 2 times (x 74B)
Class [Ldagger.internal.codegen.validation.BindingElementValidator$AllowsMultibindings;: loaded 2 times (x 65B)
Class kotlin.jvm.functions.Function13                                                 : loaded 2 times (x 66B)
Class [Lorg.objectweb.asm.Symbol;                                                     : loaded 2 times (x 65B)
Class com.google.common.graph.Network                                                 : loaded 2 times (x 66B)
Class com.google.common.reflect.TypeCapture                                           : loaded 2 times (x 67B)
Class dagger.spi.shaded.androidx.room.compiler.processing.javac.kotlin.KmBaseTypeContainer: loaded 2 times (x 66B)
Class dagger.spi.shaded.androidx.room.jarjarred.kotlinx.metadata.KmPropertyVisitor    : loaded 2 times (x 76B)
Class dagger.spi.shaded.androidx.room.jarjarred.kotlinx.metadata.internal.metadata.deserialization.ProtoBufUtilKt: loaded 2 times (x 67B)
Class dagger.spi.shaded.androidx.room.jarjarred.kotlinx.metadata.internal.ReadersKt$WhenMappings: loaded 2 times (x 67B)
Class dagger.spi.shaded.androidx.room.jarjarred.kotlinx.metadata.internal.ReadUtilsKt : loaded 2 times (x 67B)
Class dagger.spi.shaded.androidx.room.compiler.processing.JavaPoetExtKt               : loaded 2 times (x 67B)
Class com.google.common.cache.LocalCache$Values                                       : loaded 2 times (x 114B)
Class kotlin.sequences.TransformingSequence                                           : loaded 2 times (x 71B)
Class com.google.common.collect.MultimapBuilder$MultimapBuilderWithKeys$4             : loaded 2 times (x 72B)
Class kotlin.text.Charsets                                                            : loaded 2 times (x 67B)
Class [Lcom.squareup.javapoet.TypeName;                                               : loaded 2 times (x 65B)
Class dagger.internal.codegen.model.Binding                                           : loaded 2 times (x 66B)
Class dagger.internal.codegen.binding.InjectBindingRegistry                           : loaded 2 times (x 66B)
Class [Ldagger.internal.codegen.compileroption.FeatureStatus;                         : loaded 2 times (x 65B)
Class dagger.internal.codegen.validation.BindingMethodValidatorsModule_IndexValidatorsFactory: loaded 2 times (x 73B)
Class com.squareup.kotlinpoet.TagMap                                                  : loaded 2 times (x 73B)
Class dagger.spi.shaded.androidx.room.jarjarred.kotlinx.metadata.internal.metadata.jvm.JvmProtoBuf$StringTableTypes$1: loaded 2 times (x 140B)
Class kotlin.jvm.functions.Function14                                                 : loaded 2 times (x 66B)
Class dagger.spi.shaded.androidx.room.jarjarred.kotlinx.metadata.internal.metadata.ProtoBuf$Type$Argument$Projection$1: loaded 2 times (x 70B)
Class dagger.spi.shaded.androidx.room.jarjarred.kotlinx.metadata.internal.metadata.ProtoBuf$Class$Kind$1: loaded 2 times (x 70B)
Class dagger.spi.shaded.androidx.room.jarjarred.kotlinx.metadata.internal.metadata.ProtoBuf$VersionRequirementTable: loaded 2 times (x 103B)
Class dagger.spi.shaded.androidx.room.jarjarred.kotlinx.metadata.jvm.internal.JvmMetadataExtensions: loaded 2 times (x 99B)
Class dagger.spi.shaded.androidx.room.compiler.processing.javac.kotlin.KmClassContainer$superTypes$2: loaded 2 times (x 75B)
Class dagger.spi.shaded.androidx.room.compiler.processing.XElementKt                  : loaded 2 times (x 67B)
Class dagger.spi.shaded.androidx.room.compiler.processing.javac.kotlin.KmClassContainer$functionByDescriptor$2: loaded 2 times (x 75B)
Class dagger.spi.shaded.androidx.room.compiler.processing.XEnumTypeElement            : loaded 2 times (x 66B)
Class com.google.common.collect.MultimapBuilder$MultimapBuilderWithKeys$5             : loaded 2 times (x 74B)
Class com.google.common.reflect.Types$JavaVersion$1                                   : loaded 2 times (x 79B)
Class com.google.common.cache.LocalCache$ValueReference                               : loaded 2 times (x 66B)
Class dagger.internal.codegen.validation.MapKeyValidator_Factory                      : loaded 2 times (x 73B)
Class kotlin.jvm.functions.Function15                                                 : loaded 2 times (x 66B)
Class dagger.spi.shaded.androidx.room.compiler.processing.javac.kotlin.KmPropertyFunctionContainerImpl: loaded 2 times (x 101B)
Class dagger.spi.shaded.androidx.room.jarjarred.kotlinx.metadata.internal.metadata.ProtoBuf$MemberKind: loaded 2 times (x 78B)
Class com.squareup.kotlinpoet.Taggable                                                : loaded 2 times (x 66B)
Class dagger.spi.shaded.auto.common.Overrides$ExplicitOverrides                       : loaded 2 times (x 72B)
Class dagger.spi.shaded.androidx.room.compiler.processing.XAnnotationValue            : loaded 2 times (x 66B)
Class dagger.spi.shaded.androidx.room.compiler.processing.javac.JavacMethodType$Companion: loaded 2 times (x 67B)
Class dagger.spi.shaded.androidx.room.compiler.processing.javac.JavacTypeElement$typeParameters$2: loaded 2 times (x 75B)
Class dagger.spi.shaded.androidx.room.compiler.processing.javac.JavacTypeElement      : loaded 2 times (x 285B)
Class com.google.common.io.ByteArrayDataOutput                                        : loaded 2 times (x 66B)
Class dagger.spi.shaded.androidx.room.compiler.processing.InternalXAnnotation$valuesByName$2: loaded 2 times (x 75B)
Class kotlin.reflect.jvm.internal.impl.builtins.PrimitiveType$typeFqName$2            : loaded 2 times (x 75B)
Class dagger.spi.shaded.androidx.room.jarjarred.kotlinx.metadata.internal.metadata.ProtoBuf$Function: loaded 2 times (x 145B)
Class com.google.common.collect.MultimapBuilder$MultimapBuilderWithKeys$6             : loaded 2 times (x 72B)
Class com.google.common.reflect.Types$JavaVersion$2                                   : loaded 2 times (x 79B)
Class com.google.common.reflect.Types                                                 : loaded 2 times (x 67B)
Class com.google.common.hash.PrimitiveSink                                            : loaded 2 times (x 66B)
Class com.google.common.base.PatternCompiler                                          : loaded 2 times (x 66B)
Class com.google.common.util.concurrent.AbstractFuture$Failure                        : loaded 2 times (x 68B)
Class dagger.internal.codegen.model.AutoValue_DaggerTypeElement                       : loaded 2 times (x 71B)
Class kotlin.coroutines.EmptyCoroutineContext                                         : loaded 2 times (x 73B)
Class dagger.spi.shaded.androidx.room.jarjarred.kotlinx.metadata.internal.protobuf.GeneratedMessageLite$Builder: loaded 2 times (x 124B)
Class dagger.internal.codegen.binding.DelegateDeclaration$Factory                     : loaded 2 times (x 68B)
Class [Ldagger.internal.codegen.compileroption.ProcessingEnvironmentCompilerOptions$Validation;: loaded 2 times (x 65B)
Class dagger.internal.codegen.binding.DependencyRequestFactory_Factory                : loaded 2 times (x 73B)
Class dagger.internal.codegen.ProcessingEnvironmentModule_ProcessingOptionsFactory    : loaded 2 times (x 73B)
Class dagger.internal.codegen.kotlin.KotlinMetadataUtil_Factory                       : loaded 2 times (x 73B)
Class dagger.spi.shaded.androidx.room.compiler.processing.javac.JavacMethodParameter$kotlinMetadata$2: loaded 2 times (x 75B)
Class kotlin.jvm.functions.Function16                                                 : loaded 2 times (x 66B)
Class dagger.spi.shaded.androidx.room.compiler.processing.XConstructorElement         : loaded 2 times (x 66B)
Class dagger.spi.shaded.androidx.room.compiler.processing.javac.JavacConstructorElement: loaded 2 times (x 252B)
Class dagger.spi.shaded.androidx.room.compiler.processing.javac.JavacConstructorElement$parameters$2$1$1: loaded 2 times (x 75B)
Class dagger.spi.shaded.androidx.room.jarjarred.kotlinx.metadata.internal.metadata.jvm.JvmProtoBuf$StringTableTypes$Record: loaded 2 times (x 115B)
Class dagger.spi.shaded.androidx.room.compiler.processing.javac.JavacTypeElement$className$2: loaded 2 times (x 75B)
Class dagger.internal.codegen.writing.MembersInjectorGenerator_Factory                : loaded 2 times (x 73B)
Class dagger.internal.codegen.validation.AnyBindingMethodValidator                    : loaded 2 times (x 71B)
Class dagger.internal.codegen.extension.DaggerCollectors                              : loaded 2 times (x 67B)
Class com.google.common.io.CharSink                                                   : loaded 2 times (x 75B)
Class com.google.common.reflect.Types$JavaVersion$3                                   : loaded 2 times (x 79B)
Class org.objectweb.asm.Label                                                         : loaded 2 times (x 69B)
Class org.objectweb.asm.CurrentFrame                                                  : loaded 2 times (x 69B)
Class org.objectweb.asm.ClassTooLargeException                                        : loaded 2 times (x 79B)
Class dagger.spi.shaded.androidx.room.compiler.processing.XConstructorType            : loaded 2 times (x 66B)
Class [Ldagger.internal.codegen.base.ModuleKind;                                      : loaded 2 times (x 65B)
Class dagger.spi.shaded.androidx.room.compiler.processing.javac.JavacFieldElement$kotlinMetadata$2: loaded 2 times (x 75B)
Class dagger.internal.codegen.base.DaggerSuperficialValidation$ValidationException    : loaded 2 times (x 79B)
Class dagger.internal.codegen.compileroption.ProcessingEnvironmentCompilerOptions$Feature: loaded 2 times (x 86B)
Class org.gradle.api.internal.classpath.ManifestUtil                                  : loaded 2 times (x 67B)
Class com.google.common.util.concurrent.ExecutionError                                : loaded 2 times (x 78B)
Class kotlin.jvm.functions.Function17                                                 : loaded 2 times (x 66B)
Class com.google.common.collect.ImmutableBiMap$SerializedForm                         : loaded 2 times (x 71B)
Class dagger.hilt.processor.internal.aggregateddeps.PkgPrivateMetadata                : loaded 2 times (x 71B)
Class dagger.spi.shaded.androidx.room.compiler.processing.javac.JavacArrayType$componentType$2: loaded 2 times (x 75B)
Class dagger.spi.shaded.androidx.room.jarjarred.kotlinx.metadata.internal.protobuf.AbstractParser: loaded 2 times (x 140B)
Class dagger.spi.shaded.androidx.room.jarjarred.kotlinx.metadata.KmExtensionType      : loaded 2 times (x 68B)
Class dagger.spi.shaded.androidx.room.jarjarred.kotlinx.metadata.jvm.JvmClassExtensionVisitor: loaded 2 times (x 83B)
Class [Lcom.google.common.cache.RemovalCause;                                         : loaded 2 times (x 65B)
Class org.jetbrains.org.objectweb.asm.RecordComponentWriter                           : loaded 2 times (x 74B)
Class com.google.common.io.ByteSource$AsCharSource                                    : loaded 2 times (x 82B)
Class com.google.common.collect.Table                                                 : loaded 2 times (x 66B)
Class com.google.common.collect.MapMakerInternalMap$InternalEntryHelper               : loaded 2 times (x 66B)
Class com.google.common.reflect.Types$JavaVersion$4                                   : loaded 2 times (x 79B)
Class com.google.common.collect.RangeGwtSerializationDependencies                     : loaded 2 times (x 67B)
Class org.objectweb.asm.Frame                                                         : loaded 2 times (x 69B)
Class org.objectweb.asm.MethodVisitor                                                 : loaded 2 times (x 101B)
Class com.google.common.cache.LocalCache$EntryFactory$1                               : loaded 2 times (x 79B)
Class [Lcom.google.common.cache.RemovalListener;                                      : loaded 2 times (x 65B)
Class dagger.internal.codegen.model.AutoValue_DaggerElement                           : loaded 2 times (x 70B)
Class dagger.internal.codegen.base.DaggerSuperficialValidation$ValidationException$KnownErrorType: loaded 2 times (x 79B)
Class kotlin.jvm.functions.Function18                                                 : loaded 2 times (x 66B)
Class dagger.spi.shaded.androidx.room.compiler.processing.javac.kotlin.KmClassContainer$type$2: loaded 2 times (x 75B)
Class [Ldagger.spi.shaded.androidx.room.jarjarred.kotlinx.metadata.internal.metadata.ProtoBuf$Effect$InvocationKind;: loaded 2 times (x 65B)
Class dagger.spi.shaded.androidx.room.jarjarred.kotlinx.metadata.internal.metadata.ProtoBuf$Effect$EffectType$1: loaded 2 times (x 70B)
Class dagger.spi.shaded.androidx.room.jarjarred.kotlinx.metadata.internal.metadata.ProtoBuf$Constructor$1: loaded 2 times (x 140B)
Class dagger.spi.shaded.androidx.room.jarjarred.kotlinx.metadata.NodesKt              : loaded 2 times (x 67B)
Class dagger.spi.shaded.androidx.room.compiler.processing.javac.JavacType$typeName$2  : loaded 2 times (x 75B)
Class dagger.spi.shaded.androidx.room.compiler.processing.XFiler$Mode                 : loaded 2 times (x 75B)
Class org.jetbrains.org.objectweb.asm.MethodWriter                                    : loaded 2 times (x 101B)
Class com.google.common.reflect.Types$JavaVersion$5                                   : loaded 2 times (x 67B)
Class [Lcom.google.common.reflect.Types$ClassOwnership;                               : loaded 2 times (x 65B)
Class com.google.common.collect.RangeSet                                              : loaded 2 times (x 66B)
Class com.google.common.cache.LocalCache$EntryFactory$2                               : loaded 2 times (x 79B)
Class org.gradle.api.internal.classpath.GlobalCacheRootsProvider                      : loaded 2 times (x 66B)
Class dagger.spi.shaded.androidx.room.jarjarred.kotlinx.metadata.Flag$Property        : loaded 2 times (x 67B)
Class dagger.spi.shaded.androidx.room.compiler.processing.XExecutableParameterElement : loaded 2 times (x 66B)
Class dagger.internal.codegen.processingstep.ProcessingStepsModule                    : loaded 2 times (x 66B)
Class dagger.internal.codegen.validation.ValidationBindingGraphPlugins                : loaded 2 times (x 68B)
Class dagger.internal.codegen.DelegateComponentProcessor_SourceFileGeneratorsModule_MembersInjectorGeneratorFactory: loaded 2 times (x 73B)
Class dagger.internal.codegen.base.DaggerSuperficialValidation                        : loaded 2 times (x 68B)
Class dagger.internal.codegen.binding.BindingFactory_Factory                          : loaded 2 times (x 73B)
Class kotlin.jvm.functions.Function19                                                 : loaded 2 times (x 66B)
Class dagger.spi.shaded.androidx.room.compiler.processing.javac.JavacMethodParameter$closestMemberContainer$2: loaded 2 times (x 75B)
Class dagger.spi.shaded.androidx.room.compiler.processing.javac.JavacVariableElement$type$2: loaded 2 times (x 75B)
Class dagger.spi.shaded.androidx.room.jarjarred.kotlinx.metadata.internal.metadata.jvm.JvmProtoBuf$StringTableTypesOrBuilder: loaded 2 times (x 66B)
Class [Ldagger.spi.shaded.androidx.room.jarjarred.kotlinx.metadata.internal.metadata.ProtoBuf$TypeParameter$Variance;: loaded 2 times (x 65B)
Class dagger.spi.shaded.androidx.room.jarjarred.kotlinx.metadata.jvm.KotlinClassMetadata: loaded 2 times (x 68B)
Class dagger.internal.codegen.binding.SubcomponentDeclaration_Factory_Factory         : loaded 2 times (x 73B)
Class kotlin.reflect.jvm.internal.KClassImpl$Data$allStaticMembers$2                  : loaded 2 times (x 75B)
Class dagger.internal.codegen.binding.ComponentDescriptorFactory_Factory              : loaded 2 times (x 73B)
Class dagger.internal.codegen.bindinggraphvalidation.DependencyCycleValidator_Factory : loaded 2 times (x 73B)
Class dagger.internal.codegen.model.AutoValue_DaggerProcessingEnv                     : loaded 2 times (x 71B)
Class com.google.common.collect.CollectCollectors                                     : loaded 2 times (x 67B)
Class org.objectweb.asm.ModuleWriter                                                  : loaded 2 times (x 78B)
Class com.google.common.cache.LocalCache$EntryFactory$3                               : loaded 2 times (x 79B)
Class com.google.common.base.Ticker$1                                                 : loaded 2 times (x 68B)
Class dagger.internal.codegen.xprocessing.XTypeElements                               : loaded 2 times (x 67B)
Class dagger.internal.codegen.validation.ComponentCreatorValidator                    : loaded 2 times (x 71B)
Class dagger.internal.codegen.binding.OptionalBindingDeclaration                      : loaded 2 times (x 70B)
Class dagger.internal.codegen.binding.$AutoValue_MultibindingDeclaration              : loaded 2 times (x 75B)
Class dagger.internal.codegen.binding.BindsTypeChecker                                : loaded 2 times (x 68B)
Class dagger.internal.codegen.validation.BindingElementValidator                      : loaded 2 times (x 74B)
Class [Lcom.squareup.javapoet.ClassName;                                              : loaded 2 times (x 65B)
Class dagger.spi.shaded.androidx.room.compiler.processing.javac.kotlin.JvmDescriptorTypeVisitor$visitExecutable$parameterDescriptors$1: loaded 2 times (x 75B)
Class dagger.spi.shaded.androidx.room.compiler.processing.InternalXAnnotationValue$Kind$Companion: loaded 2 times (x 67B)
Class dagger.internal.codegen.model.AutoValue_Scope                                   : loaded 2 times (x 69B)
Class dagger.spi.shaded.androidx.room.compiler.processing.InternalXAnnotationValue    : loaded 2 times (x 151B)
Class dagger.internal.codegen.compileroption.ValidationType$1                         : loaded 2 times (x 67B)
Class com.google.common.collect.MultimapBuilder$1                                     : loaded 2 times (x 79B)
Class [Lkotlin.jvm.functions.Function1;                                               : loaded 2 times (x 65B)
Class org.jetbrains.org.objectweb.asm.RecordComponentVisitor                          : loaded 2 times (x 73B)
Class com.google.common.collect.CollectSpliterators$1                                 : loaded 2 times (x 86B)
Class com.google.common.cache.LocalCache$EntryFactory$4                               : loaded 2 times (x 79B)
Class dagger.spi.shaded.androidx.room.compiler.processing.javac.JavacFieldElement$syntheticMethodForAnnotations$2: loaded 2 times (x 75B)
Class dagger.internal.codegen.validation.SpiModelBindingGraphConverter$DiagnosticReporterImpl: loaded 2 times (x 72B)
Class org.gradle.internal.classloader.ClassLoaderHierarchy                            : loaded 2 times (x 66B)
Class [Lcom.google.common.base.AbstractIterator$State;                                : loaded 2 times (x 65B)
Class dagger.spi.shaded.androidx.room.jarjarred.kotlinx.metadata.internal.protobuf.SmallSortedMap$1: loaded 2 times (x 126B)
Class kotlin.reflect.jvm.internal.KCallableImpl$_parameters$1                         : loaded 2 times (x 75B)
Class dagger.spi.shaded.androidx.room.compiler.processing.XType                       : loaded 2 times (x 66B)
Class dagger.spi.shaded.androidx.room.compiler.processing.javac.JavacTypeElement$enclosingTypeElement$2: loaded 2 times (x 75B)
Class dagger.spi.shaded.androidx.room.compiler.processing.XParameterizable            : loaded 2 times (x 66B)
Class dagger.spi.shaded.androidx.room.compiler.processing.javac.XTypeElementStore     : loaded 2 times (x 68B)
Class com.google.common.collect.MultimapBuilder$2                                     : loaded 2 times (x 79B)
Class com.google.common.collect.MultimapBuilder$MultimapBuilderWithKeys               : loaded 2 times (x 78B)
Class org.jetbrains.org.objectweb.asm.MethodTooLargeException                         : loaded 2 times (x 79B)
Class org.jetbrains.org.objectweb.asm.Context                                         : loaded 2 times (x 68B)
Class com.google.common.io.FileWriteMode                                              : loaded 2 times (x 75B)
Class com.google.common.io.ByteStreams$1                                              : loaded 2 times (x 81B)
Class com.google.common.cache.LocalCache$EntryFactory$5                               : loaded 2 times (x 79B)
Class com.google.common.collect.HashMultimap                                          : loaded 2 times (x 170B)
Class dagger.internal.codegen.kotlin.KotlinMetadataFactory_Factory                    : loaded 2 times (x 72B)
Class dagger.internal.InstanceFactory                                                 : loaded 2 times (x 76B)
Class dagger.spi.shaded.androidx.room.jarjarred.kotlinx.metadata.Flag$Function        : loaded 2 times (x 67B)
Class dagger.spi.shaded.androidx.room.jarjarred.kotlinx.metadata.jvm.JvmPropertyExtensionVisitor$Companion: loaded 2 times (x 67B)
Class dagger.spi.shaded.androidx.room.jarjarred.kotlinx.metadata.internal.protobuf.SmallSortedMap$Entry: loaded 2 times (x 84B)
Class dagger.spi.shaded.androidx.room.jarjarred.kotlinx.metadata.internal.protobuf.CodedOutputStream$OutOfSpaceException: loaded 2 times (x 78B)
Class kotlin.reflect.jvm.internal.KClassImpl$Data$simpleName$2                        : loaded 2 times (x 75B)
Class [Lcom.google.common.collect.MapMakerInternalMap$Segment;                        : loaded 2 times (x 65B)
Class dagger.hilt.processor.internal.ClassNames                                       : loaded 2 times (x 67B)
Class com.google.common.cache.LocalCache$ValueIterator                                : loaded 2 times (x 82B)
Class com.google.common.collect.MultimapBuilder$3                                     : loaded 2 times (x 80B)
Class org.jetbrains.org.objectweb.asm.CurrentFrame                                    : loaded 2 times (x 69B)
Class kotlin.sequences.FilteringSequence$iterator$1                                   : loaded 2 times (x 75B)
Class com.google.common.cache.LocalCache$EntryFactory$6                               : loaded 2 times (x 79B)
Class org.gradle.internal.installation.CurrentGradleInstallationLocator               : loaded 2 times (x 67B)
Class dagger.internal.codegen.model.AutoValue_DependencyRequest$Builder               : loaded 2 times (x 73B)
Class dagger.spi.shaded.auto.common.MoreTypes$ExecutableTypeVisitor                   : loaded 2 times (x 98B)
Class dagger.internal.codegen.validation.ComponentHierarchyValidator                  : loaded 2 times (x 68B)
Class dagger.internal.codegen.writing.ProducerFactoryGenerator$MultiArgFutureTransform: loaded 2 times (x 74B)
Class dagger.internal.codegen.validation.BindsInstanceMethodValidator$Validator       : loaded 2 times (x 73B)
Class dagger.internal.codegen.binding.BindingGraphConverter_Factory                   : loaded 2 times (x 73B)
Class [Ldagger.spi.shaded.androidx.room.compiler.processing.XProcessingEnv$Backend;   : loaded 2 times (x 65B)
Class dagger.spi.shaded.auto.common.MoreElements                                      : loaded 2 times (x 67B)
Class dagger.spi.shaded.androidx.room.compiler.processing.javac.JavacArrayType$xTypeName$2: loaded 2 times (x 75B)
Class dagger.spi.shaded.androidx.room.jarjarred.kotlinx.metadata.internal.metadata.deserialization.Flags$EnumLiteFlagField: loaded 2 times (x 72B)
Class dagger.spi.shaded.androidx.room.jarjarred.kotlinx.metadata.jvm.JvmConstructorExtensionVisitor: loaded 2 times (x 74B)
Class dagger.spi.shaded.androidx.room.jarjarred.kotlinx.metadata.internal.metadata.ProtoBuf$TypeParameter$1: loaded 2 times (x 140B)
Class dagger.spi.shaded.androidx.room.jarjarred.kotlinx.metadata.internal.metadata.ProtoBuf$TypeTable: loaded 2 times (x 105B)
Class dagger.spi.shaded.androidx.room.compiler.processing.javac.JavacDeclaredType$equalityItems$2: loaded 2 times (x 75B)
Class dagger.spi.shaded.androidx.room.compiler.processing.javac.JavacExecutableElement$Companion: loaded 2 times (x 67B)
Class dagger.spi.shaded.androidx.room.compiler.processing.util.MemoizedSequence$delegateIterator$2: loaded 2 times (x 75B)
Class kotlin.reflect.jvm.internal.KCallableImpl$_annotations$1                        : loaded 2 times (x 75B)
Class kotlin.reflect.jvm.internal.KClassImpl$Data$inheritedNonStaticMembers$2         : loaded 2 times (x 75B)
Class dagger.spi.shaded.androidx.room.compiler.processing.XFiler                      : loaded 2 times (x 66B)
Class [Ldagger.spi.shaded.androidx.room.jarjarred.kotlinx.metadata.internal.metadata.jvm.JvmProtoBuf$StringTableTypes$Record$Operation;: loaded 2 times (x 65B)
Class dagger.spi.shaded.androidx.room.jarjarred.kotlinx.metadata.jvm.JvmTypeExtensionVisitor: loaded 2 times (x 76B)
Class com.google.common.collect.MultimapBuilder$4                                     : loaded 2 times (x 80B)
Class com.google.common.io.ByteSource$SlicedByteSource                                : loaded 2 times (x 81B)
Class org.objectweb.asm.ClassReader                                                   : loaded 2 times (x 90B)
Class com.google.common.cache.LocalCache$EntryFactory$7                               : loaded 2 times (x 79B)
Class org.gradle.internal.service.DefaultServiceLocator                               : loaded 2 times (x 79B)
Class kotlin.reflect.jvm.internal.impl.builtins.CompanionObjectMapping                : loaded 2 times (x 67B)
Class kotlin.coroutines.jvm.internal.SuspendFunction                                  : loaded 2 times (x 66B)
Class dagger.internal.codegen.xprocessing.XExecutableTypes                            : loaded 2 times (x 67B)
Class dagger.internal.codegen.bindinggraphvalidation.NullableBindingValidator_Factory : loaded 2 times (x 73B)
Class dagger.internal.codegen.processingstep.ModuleProcessingStep                     : loaded 2 times (x 82B)
Class dagger.internal.codegen.bindinggraphvalidation.InjectBindingValidator           : loaded 2 times (x 81B)
Class dagger.internal.codegen.processingstep.AssistedProcessingStep                   : loaded 2 times (x 82B)
Class dagger.internal.codegen.componentgenerator.TopLevelImplementationComponent$Factory: loaded 2 times (x 66B)
Class dagger.internal.codegen.compileroption.ProcessingEnvironmentCompilerOptions$EnumOption: loaded 2 times (x 66B)
Class dagger.spi.shaded.androidx.room.compiler.processing.javac.kotlin.KmClassContainer$typeParameters$2: loaded 2 times (x 75B)
Class dagger.spi.shaded.androidx.room.jarjarred.kotlinx.metadata.internal.metadata.deserialization.VersionRequirementTable$Companion: loaded 2 times (x 67B)
Class dagger.spi.shaded.androidx.room.jarjarred.kotlinx.metadata.internal.metadata.deserialization.NameResolver: loaded 2 times (x 66B)
Class dagger.spi.shaded.androidx.room.jarjarred.kotlinx.metadata.internal.protobuf.InvalidProtocolBufferException: loaded 2 times (x 80B)
Class dagger.spi.shaded.androidx.room.jarjarred.kotlinx.metadata.internal.metadata.jvm.deserialization.JvmMetadataVersion$Companion: loaded 2 times (x 67B)
Class dagger.internal.codegen.compileroption.ProcessingEnvironmentCompilerOptions$Validation$1: loaded 2 times (x 89B)
Class dagger.internal.codegen.validation.BindingMethodValidator$ExceptionSuperclass   : loaded 2 times (x 77B)
Class dagger.internal.codegen.validation.BindsInstanceParameterValidator$Validator    : loaded 2 times (x 73B)
Class dagger.internal.codegen.binding.$AutoValue_OptionalBindingDeclaration           : loaded 2 times (x 71B)
Class org.jetbrains.org.objectweb.asm.SymbolTable                                     : loaded 2 times (x 68B)
Class com.google.common.cache.LocalCache$SoftValueReference                           : loaded 2 times (x 93B)
Class com.google.common.cache.LocalCache$EntryFactory$8                               : loaded 2 times (x 79B)
Class org.gradle.internal.installation.CurrentGradleInstallation                      : loaded 2 times (x 69B)
Class dagger.internal.codegen.bindinggraphvalidation.DuplicateBindingsValidator       : loaded 2 times (x 81B)
Class kotlin.coroutines.intrinsics.IntrinsicsKt__IntrinsicsJvmKt                      : loaded 2 times (x 67B)
Class kotlin.coroutines.jvm.internal.CoroutineStackFrame                              : loaded 2 times (x 66B)
Class dagger.internal.codegen.base.ComponentAnnotation                                : loaded 2 times (x 72B)
Class dagger.internal.codegen.componentgenerator.ComponentHjarGenerator               : loaded 2 times (x 73B)
Class dagger.spi.shaded.androidx.room.jarjarred.kotlinx.metadata.jvm.JvmMemberSignatureKt: loaded 2 times (x 67B)
Class dagger.spi.shaded.androidx.room.jarjarred.kotlinx.metadata.KmTypeProjection     : loaded 2 times (x 68B)
Class dagger.spi.shaded.androidx.room.jarjarred.kotlinx.metadata.jvm.JvmClassExtensionVisitor$Companion: loaded 2 times (x 67B)
Class dagger.internal.codegen.processingstep.ComponentProcessingStep                  : loaded 2 times (x 82B)
Class dagger.spi.shaded.auto.common.MoreElements$TypeElementVisitor                   : loaded 2 times (x 89B)
Class dagger.spi.shaded.androidx.room.compiler.processing.javac.JavacElement$equalityItems$2: loaded 2 times (x 75B)
Class org.gradle.internal.classloader.FilteringClassLoader                            : loaded 2 times (x 101B)
Class org.jetbrains.org.objectweb.asm.ModuleWriter                                    : loaded 2 times (x 77B)
Class com.google.common.cache.CacheLoader$1                                           : loaded 2 times (x 71B)
Class org.gradle.util.internal.GUtil                                                  : loaded 2 times (x 67B)
Class dagger.internal.codegen.bindinggraphvalidation.SetMultibindingValidator         : loaded 2 times (x 81B)
Class dagger.internal.codegen.processingstep.MonitoringModuleGenerator                : loaded 2 times (x 73B)
Class dagger.internal.codegen.binding.ContributionBinding                             : loaded 2 times (x 86B)
Class dagger.spi.shaded.androidx.room.jarjarred.kotlinx.metadata.internal.metadata.ProtoBuf$Property: loaded 2 times (x 144B)
Class com.google.common.io.LineReader                                                 : loaded 2 times (x 68B)
Class kotlin.io.TextStreamsKt                                                         : loaded 2 times (x 67B)
Class [Lorg.jetbrains.org.objectweb.asm.Label;                                        : loaded 2 times (x 65B)
Class dagger.spi.shaded.androidx.room.jarjarred.kotlinx.metadata.internal.extensions.ExtensionUtilsKt: loaded 2 times (x 67B)
Class com.google.common.io.ByteSource                                                 : loaded 2 times (x 80B)
Class com.google.common.util.concurrent.AbstractFuture$SetFuture                      : loaded 2 times (x 71B)
Class com.google.common.cache.AbstractCache$StatsCounter                              : loaded 2 times (x 66B)
Class dagger.spi.shaded.androidx.room.compiler.processing.ksp.KSTypeJavaPoetExtKt$typeVarNameConstructor$2: loaded 2 times (x 74B)
Class kotlin.coroutines.CoroutineContext                                              : loaded 2 times (x 66B)
Class kotlin.coroutines.jvm.internal.DebugProbesKt                                    : loaded 2 times (x 67B)
Class dagger.internal.codegen.validation.ModuleValidator                              : loaded 2 times (x 68B)
Class dagger.internal.codegen.kotlin.KotlinMetadataFactory                            : loaded 2 times (x 71B)
Class kotlin.ranges.IntProgressionIterator                                            : loaded 2 times (x 78B)
Class dagger.spi.shaded.androidx.room.jarjarred.kotlinx.metadata.jvm.KotlinClassMetadata$Class$classData$2: loaded 2 times (x 75B)
Class dagger.spi.shaded.androidx.room.compiler.processing.javac.kotlin.KmClassContainer$functionList$2: loaded 2 times (x 75B)
Class dagger.spi.shaded.androidx.room.jarjarred.kotlinx.metadata.jvm.internal.JvmExtensionNodesKt: loaded 2 times (x 67B)
Class dagger.spi.shaded.androidx.room.compiler.processing.javac.JavacMethodElement$parameters$2$1$1: loaded 2 times (x 75B)
Class com.google.common.collect.MapMakerInternalMap$1                                 : loaded 2 times (x 79B)
Class com.google.common.io.LineBuffer                                                 : loaded 2 times (x 71B)
Class org.objectweb.asm.Context                                                       : loaded 2 times (x 68B)
Class com.google.common.reflect.Types$TypeVariableImpl                                : loaded 2 times (x 68B)
Class org.gradle.internal.installation.GradleInstallation                             : loaded 2 times (x 71B)
Class dagger.spi.shaded.androidx.room.compiler.processing.javac.kotlin.KmFunctionContainerImpl: loaded 2 times (x 93B)
Class com.google.common.collect.ForwardingCollection                                  : loaded 2 times (x 126B)
Class dagger.internal.codegen.validation.ValidationBindingGraphPlugins_Factory        : loaded 2 times (x 73B)
Class dagger.internal.codegen.binding.ProductionBinding$Builder                       : loaded 2 times (x 86B)
Class dagger.internal.codegen.compileroption.FeatureStatus                            : loaded 2 times (x 75B)
Class dagger.internal.codegen.DelegateComponentProcessor$Injector                     : loaded 2 times (x 66B)
Class dagger.internal.codegen.validation.InjectValidator                              : loaded 2 times (x 71B)
Class dagger.spi.shaded.androidx.room.compiler.processing.javac.kotlin.KmFunctionContainer: loaded 2 times (x 66B)
Class dagger.spi.shaded.androidx.room.jarjarred.kotlinx.metadata.internal.metadata.ProtoBuf$TypeParameter$Variance$1: loaded 2 times (x 70B)
Class dagger.spi.shaded.androidx.room.jarjarred.kotlinx.metadata.internal.protobuf.WireFormat$JavaType: loaded 2 times (x 75B)
Class com.squareup.kotlinpoet.ClassNames                                              : loaded 2 times (x 67B)
Class dagger.internal.codegen.validation.InjectBindingRegistryImpl                    : loaded 2 times (x 77B)
Class com.google.common.base.Splitter$Strategy                                        : loaded 2 times (x 66B)
Class dagger.internal.codegen.base.$AutoValue_ModuleAnnotation                        : loaded 2 times (x 72B)
Class [Ldagger.internal.codegen.validation.BindingMethodValidator$ExceptionSuperclass;: loaded 2 times (x 65B)
Class dagger.internal.codegen.validation.BindsMethodValidator_Factory                 : loaded 2 times (x 73B)
Class dagger.spi.shaded.androidx.room.compiler.processing.javac.JavacTypeElement$JavacEnumTypeElement: loaded 2 times (x 333B)
Class dagger.spi.shaded.androidx.room.jarjarred.kotlinx.metadata.jvm.JvmMethodSignature: loaded 2 times (x 71B)
Class dagger.internal.codegen.writing.ProducerFactoryGenerator_Factory                : loaded 2 times (x 73B)
Class dagger.internal.codegen.binding.AutoValue_ModuleDescriptor                      : loaded 2 times (x 81B)
Class dagger.internal.codegen.base.ModuleAnnotation                                   : loaded 2 times (x 72B)
Class com.google.common.collect.Lists$RandomAccessReverseList                         : loaded 2 times (x 196B)

---------------  S Y S T E M  ---------------

OS:
 Windows 11 , 64 bit Build 26100 (10.0.26100.4484)
OS uptime: 3 days 16:03 hours
Hyper-V role detected

CPU: total 12 (initial active 12) (12 cores per cpu, 2 threads per core) family 25 model 80 stepping 0 microcode 0xa50000d, cx8, cmov, fxsr, ht, mmx, 3dnowpref, sse, sse2, sse3, ssse3, sse4a, sse4.1, sse4.2, popcnt, lzcnt, tsc, tscinvbit, avx, avx2, aes, erms, clmul, bmi1, bmi2, adx, sha, fma, vzeroupper, clflush, clflushopt, hv, rdtscp, rdpid, fsrm, f16c, cet_ss
Processor Information for processor 0
  Max Mhz: 3301, Current Mhz: 2630, Mhz Limit: 3301
Processor Information for processor 1
  Max Mhz: 3301, Current Mhz: 3301, Mhz Limit: 3301
Processor Information for processor 2
  Max Mhz: 3301, Current Mhz: 3301, Mhz Limit: 3301
Processor Information for processor 3
  Max Mhz: 3301, Current Mhz: 2630, Mhz Limit: 3301
Processor Information for processor 4
  Max Mhz: 3301, Current Mhz: 3301, Mhz Limit: 3301
Processor Information for processor 5
  Max Mhz: 3301, Current Mhz: 3301, Mhz Limit: 3301
Processor Information for processor 6
  Max Mhz: 3301, Current Mhz: 3301, Mhz Limit: 3301
Processor Information for processor 7
  Max Mhz: 3301, Current Mhz: 3301, Mhz Limit: 3301
Processor Information for processor 8
  Max Mhz: 3301, Current Mhz: 2630, Mhz Limit: 3301
Processor Information for processor 9
  Max Mhz: 3301, Current Mhz: 3301, Mhz Limit: 3301
Processor Information for processor 10
  Max Mhz: 3301, Current Mhz: 3301, Mhz Limit: 3301
Processor Information for processor 11
  Max Mhz: 3301, Current Mhz: 3301, Mhz Limit: 3301

Memory: 4k page, system-wide physical 7581M (934M free)
TotalPageFile size 31133M (AvailPageFile size 80M)
current process WorkingSet (physical memory assigned to process): 811M, peak: 1360M
current process commit charge ("private bytes"): 1539M, peak: 1846M

vm_info: OpenJDK 64-Bit Server VM (21.0.6+-13368085-b895.109) for windows-amd64 JRE (21.0.6+-13368085-b895.109), built on 2025-04-16T17:01:31Z by "builder" with MS VC++ 16.10 / 16.11 (VS2019)

END.
